REFERENCIA;EAN;LAYOUT;NOME PT;CAPACIDADE;QTD PECAS;SELOS;APLICACOES;URL QR
002.036.002;7896779601813;1;Tábua Popular;;1;BPA,ATX,BRA;COZI;nitron.com.br/p/002.036.002
003.006.002;7896779610433;4;Gaveteiro com 3 Gavetas;;1;BRA,EMP,FCL,RCL;PECA,FERR,ESCR,BRIN,DOCU,ROUP;nitron.com.br/p/003.006.002
003.006.003;7896779620432;4;Gaveteiro com 3 Gavetas;;1;BRA,EMP,FCL,RCL;PECA,FERR,ESCR,BRIN,DOCU,ROUP;nitron.com.br/p/003.006.003
003.006.012;7896779604371;4;Gaveteiro com 3 Gavetas;;1;BRA,EMP,FCL,RCL;PECA,FERR,ESCR,BRIN,DOCU,ROUP;nitron.com.br/p/003.006.012
004.006.002;7896779620449;4;Gaveteiro com 4 Gavetas;;1;BRA,EMP,FCL,RCL;PECA,FERR,ESCR,BRIN,DOCU,ROUP;nitron.com.br/p/004.006.002
004.006.003;7896779620456;4;Gaveteiro com 4 Gavetas;;1;BRA,EMP,FCL,RCL;PECA,FERR,ESCR,BRIN,DOCU,ROUP;nitron.com.br/p/004.006.003
004.006.012;7896779604418;4;Gaveteiro com 4 Gavetas;;1;BRA,EMP,FCL,RCL;PECA,FERR,ESCR,BRIN,DOCU,ROUP;nitron.com.br/p/004.006.012
006.030.998;7896779606207;1;Copo Baby c/ Tampa - Cachorro/Panda;250 ML;1;BPA,ATX,BRA;BEBI,BRIN;nitron.com.br/p/006.030.998
006.030.999;7896779600069;1;Copo Baby com Tampa;250 ML;1;BPA,ATX,BRA;BEBI,BRIN;nitron.com.br/p/006.030.999
008.012.002;7896779600823;3;Porta Sabão em Pó com Dosador;2 KG;1;ATX,BRA,HIG,FCL,RCL;LIMP,ROUP,BANH;nitron.com.br/p/008.012.002
008.012.003;7896779600854;3;Porta Sabão em Pó com Dosador;2 KG;1;ATX,BRA,HIG,FCL,RCL;LIMP,ROUP,BANH;nitron.com.br/p/008.012.003
010.001.003;7896779600021;4;Caixa Expositora com 40 kits de 10 Cabides;;40;BRA,EMP,FCL,RCL;ROUP,PECA,FERR,ESCR,BRIN,DOCU;nitron.com.br/p/010.001.003
010.010.003;7896779600038;4;Cabide com 10 Peças;;10;BRA,EMP,FCL,RCL;ROUP;nitron.com.br/p/010.010.003
010.012.001;7896779611058;4;Cabide com 3 Peças;;3;BRA,EMP,FCL,TRP,RCL;ROUP;nitron.com.br/p/010.012.001
011.036.001;7896779600113;4;Organiza Tudo com 7 Divisórias;;1;BRA,HER,EMP,FCL,RCL;PREG,COST,PECA,FERR,ESCR,BRIN,DOCU,ROUP;nitron.com.br/p/011.036.001
012.012.016;7896779612222;2;Porta Sabão em Pó;600 G;1;ATX,BRA,FCL,RCL;LIMP,ROUP,BANH;nitron.com.br/p/012.012.016
013.050.003;7896779601387;4;Suporte para Botijão;;1;BRA,EMP,FCL,RCL;COZI;nitron.com.br/p/013.050.003
013.050.004;7896779600137;4;Suporte para Botijão;;1;BRA,EMP,FCL,RCL;COZI;nitron.com.br/p/013.050.004
015.012.002;7896779601547;2;Ralador Pratic com Pote;420 ML;1;BPA,ATX,BRA,LAV;COZI;nitron.com.br/p/015.012.002
015.012.003;7896779601554;2;Ralador Pratic com Pote;420 ML;1;BPA,ATX,BRA,LAV;COZI;nitron.com.br/p/015.012.003
016.012.002;7896779601677;3;Escorredor de Talheres Max;;1;BPA,ATX,BRA,LAV,HIG;COZI;nitron.com.br/p/016.012.002
016.012.003;7896779601684;3;Escorredor de Talheres Max;;1;BPA,ATX,BRA,LAV,HIG;COZI;nitron.com.br/p/016.012.003
016.012.086;7896779668656;3;Escorredor de Talheres Max;;1;BPA,ATX,BRA,LAV,FCL;COZI;nitron.com.br/p/016.012.086
017.024.999;7896779600175;3;Pá de Lixo Inova;;1;ATX,BRA,HIG,FCL,RCL;LIMP;nitron.com.br/p/017.024.999
018.012.002;7896779600182;1;Tábua Multiuso;;1;BPA,ATX,BRA;COZI;nitron.com.br/p/018.012.002
019.024.001;7896779600199;4;Organiza Tudo com 10 Divisórias;;1;BPA,BRA,EMP,FCL,RCL;PECA,FERR,ESCR,BRIN,DOCU,ROUP;nitron.com.br/p/019.024.001
020.024.001;7896779620005;3;Forma de Pudim para Micro-ondas;1.9 L;1;BPA,ATX,BRA,MIC,LAV;COZI;nitron.com.br/p/020.024.001
023.030.002;7896779600236;2;Ralador com 4 Faces;;1;BPA,ATX,BRA,LAV;COZI;nitron.com.br/p/023.030.002
024.012.002;7896779624102;3;Cestinho para Prendedor Floral;;1;ATX,BRA,FCL,RCL;ROUP,LIMP,BANH;nitron.com.br/p/024.012.002
024.012.003;7896779624119;3;Cestinho para Prendedor Floral;;1;ATX,BRA,FCL,RCL;ROUP,LIMP,BANH;nitron.com.br/p/024.012.003
027.012.001;7896779602711;3;Porta Pão Armazena e Conserva;2.7 L;1;BPA,ATX,BRA,LAV,EMP,HIG;LIMP,MANT,GRAO,CAFE,ACUC,FARI;nitron.com.br/p/027.012.001
028.012.002;7896779602841;3;Escorredor de Arroz Tradicional;;1;BPA,ATX,BRA,LAV,HIG;COZI;nitron.com.br/p/028.012.002
028.012.003;7896779602827;3;Escorredor de Arroz Tradicional;;1;BPA,ATX,BRA,LAV,HIG;COZI;nitron.com.br/p/028.012.003
030.012.001;7896779607143;3;Pote Monterey com 3 Divisórias;1.1 L;1;BPA,ATX,BRA,LAV,EMP,TRP;MANT,GRAO,CAFE,ACUC,FARI,MASS;nitron.com.br/p/030.012.001
030.012.003;7896779603046;3;Pote Monterey com 3 Divisórias;1.1 L;1;BPA,ATX,BRA,LAV,EMP;MANT,GRAO,CAFE,ACUC,FARI,MASS;nitron.com.br/p/030.012.003
032.012.002;7896779621248;3;Jarra com Tampa;2 L;1;BPA,ATX,BRA,LAV,HIG;BEBI,COZI;nitron.com.br/p/032.012.002
032.012.547;7896779603244;3;Jarra com Tampa;2 L;1;BPA,ATX,BRA,LAV,FCL;BEBI,COZI;nitron.com.br/p/032.012.547
033.012.002;7896779603329;3;Jarra com Espremedor;2 L;1;BPA,ATX,BRA,LAV;BEBI,COZI;nitron.com.br/p/033.012.002
033.012.547;7896779603336;3;Jarra com Espremedor;2 L;1;BPA,ATX,BRA,LAV;BEBI,COZI;nitron.com.br/p/033.012.547
034.012.001;7896779634149;2;Pote Monaco com 3 Divisórias;1 L;1;BPA,ATX,BRA,LAV;MANT,GRAO,CAFE,ACUC;nitron.com.br/p/034.012.001
034.012.003;7896779603442;2;Pote Monaco com 3 Divisórias;1 L;1;BPA,ATX,BRA,LAV;MANT,GRAO,CAFE,ACUC;nitron.com.br/p/034.012.003
039.012.002;7896779603947;3;Escorredor Básico com Cabo;;1;BPA,ATX,BRA,LAV,HIG;COZI;nitron.com.br/p/039.012.002
039.012.003;7896779603916;3;Escorredor Básico com Cabo;;1;BPA,ATX,BRA,LAV,HIG;COZI;nitron.com.br/p/039.012.003
041.012.002;7896779604142;4;Organizador Multiuso Rattan com 3 Divisórias;;1;BRA,EMP,FCL,RCL;PET,PECA,FERR,ESCR,BRIN,DOCU,ROUP;nitron.com.br/p/041.012.002
041.012.003;7896779604111;4;Organizador Multiuso Rattan com 3 Divisórias;;1;BRA,EMP,FCL,RCL;PET,PECA,FERR,ESCR,BRIN,DOCU,ROUP;nitron.com.br/p/041.012.003
041.012.086;7896779641208;4;Organizador Multiuso Rattan com 3 Divisórias;;1;BRA,EMP,FCL,RCL;PET,PECA,FERR,ESCR,BRIN,DOCU,ROUP;nitron.com.br/p/041.012.086
043.012.002;7896779604333;4;Frasqueira Medicamentos;1.4 L;1;BRA,EMP,HIG,FCL;MEDI,COSM,MAQU,HIGI;nitron.com.br/p/043.012.002
043.012.009;7896779604388;4;Frasqueira Medicamentos;1.4 L;1;BRA,EMP,HIG,FCL;MEDI,COSM,MAQU,HIGI;nitron.com.br/p/043.012.009
044.012.005;7896779600441;2;Porta Filtro para Café;;1;BPA,ATX,BRA,LAV;CAFE,COZI,MANT,TEMP;nitron.com.br/p/044.012.005
045.012.001;7896779604517;3;Forma de Pudim para Microondas com Tampa;1.9 L;1;BPA,ATX,BRA,MIC,LAV,FCL;COZI;nitron.com.br/p/045.012.001
046.012.002;7896779660100;2;Porta Óleo Itália;;1;BPA,ATX,BRA,LAV;TEMP,COZI,MANT;nitron.com.br/p/046.012.002
046.012.003;7896779646012;2;Porta Óleo Itália;;1;BPA,ATX,BRA,LAV;TEMP,COZI,MANT;nitron.com.br/p/046.012.003
047.012.002;7896779630479;4;Cesto Organizador Vime;7 L;1;BPA,BRA,EMP,FCL,RCL;PET,PECA,FERR,ESCR,BRIN,DOCU,ROUP;nitron.com.br/p/047.012.002
047.012.003;7896779640478;4;Cesto Organizador Vime;7 L;1;BPA,BRA,EMP,FCL,RCL;PET,PECA,FERR,ESCR,BRIN,DOCU,ROUP;nitron.com.br/p/047.012.003
050.012.001;7896779605019;3;Pote Premier com 4 Divisórias;1.1 L;1;BPA,ATX,BRA,LAV,EMP,TRP;MANT,GRAO,CAFE,ACUC,FARI,MASS;nitron.com.br/p/050.012.001
050.012.003;7896779605095;3;Pote Premier com 4 Divisórias;1.1 L;1;BPA,ATX,BRA,LAV,EMP;MANT,GRAO,CAFE,ACUC,FARI,MASS;nitron.com.br/p/050.012.003
051.012.002;7896779605149;2;Porta Detergente 3 em 1;;1;BPA,ATX,BRA,LAV;LIMP,COZI,MANT,TEMP;nitron.com.br/p/051.012.002
051.012.003;7896779605118;2;Porta Detergente 3 em 1;;1;BPA,ATX,BRA,LAV;PET,LIMP,COZI,MANT;nitron.com.br/p/051.012.003
051.012.086;7896779618668;2;Porta Detergente 3 em 1;;1;BPA,ATX,BRA,LAV;LIMP,COZI,MANT,TEMP;nitron.com.br/p/051.012.086
052.006.002;7896779605248;3;Lixeira Rattan com Pedal;6 L;1;ATX,BRA,PED,HIG,FCL,RCL;PET,LIXO,COZI,BANH;nitron.com.br/p/052.006.002
052.006.003;7896779650521;3;Lixeira Rattan com Pedal;6 L;1;BRA,PED,HIG,FCL,RCL;LIXO,COZI,BANH;nitron.com.br/p/052.006.003
052.006.086;7896779605231;3;Lixeira Rattan com Pedal;6 L;1;BRA,PED,HIG,FCL,RCL;LIXO,COZI,BANH;nitron.com.br/p/052.006.086
053.004.002;7896779605347;4;Prateleira Multi uso com 4 Andares;;1;BRA,EMP,FCL,RCL;DECO;nitron.com.br/p/053.004.002
053.004.003;7896779650538;4;Prateleira Multi uso com 4 Andares;;1;BRA,EMP,FCL,RCL;DECO;nitron.com.br/p/053.004.003
054.004.001;7896779600540;3;Cesto de Roupas;47 L;1;BPA,ATX,BRA,FCL,RCL;ROUP;nitron.com.br/p/054.004.001
054.004.003;7896779605422;3;Cesto de Roupas;47 L;1;ATX,BRA,FCL,RCL;ROUP;nitron.com.br/p/054.004.003
055.012.002;7896779655106;3;Escorredor Multiúso;;1;BPA,ATX,BRA,MIC,FRZ,LAV;COZI;nitron.com.br/p/055.012.002
055.012.003;7896779605514;3;Escorredor Multiúso;;1;BPA,ATX,BRA,MIC,FRZ,LAV;COZI;nitron.com.br/p/055.012.003
056.012.002;7896779605644;3;Escorredor Luxo com Cabo;;1;BPA,ATX,BRA,LAV,FCL;COZI;nitron.com.br/p/056.012.002
056.012.003;7896779605613;3;Escorredor Luxo com Cabo;;1;BPA,ATX,BRA,LAV,HIG;COZI;nitron.com.br/p/056.012.003
059.012.002;7896779605941;3;Escorredor de Pratos;;1;BPA,ATX,BRA,LAV,FCL;COZI;nitron.com.br/p/059.012.002
059.012.003;7896779605910;3;Escorredor de Pratos;;1;BPA,ATX,BRA,LAV,FCL;COZI;nitron.com.br/p/059.012.003
059.012.086;7896779659180;3;Escorredor de Pratos;;1;BPA,ATX,BRA,LAV,FCL;COZI;nitron.com.br/p/059.012.086
060.012.002;7896779660216;2;Porta Talher. Paris c/ 4 Div. e Tampa;;1;BPA,ATX,BRA,LAV;COZI;nitron.com.br/p/060.012.002
060.012.003;7896779660919;2;Porta Talher. Paris c/ 4 Div. e Tampa;;1;BPA,ATX,BRA,LAV;COZI;nitron.com.br/p/060.012.003
062.012.002;7896779606245;4;Caixa Organizadora Rattan com Tampa;4 L;1;BRA,EMP,FCL,RCL;PECA,FERR,ESCR,BRIN,DOCU,ROUP;nitron.com.br/p/062.012.002
062.012.003;7896779650620;4;Caixa Organizadora Rattan com Tampa;4 L;1;BRA,EMP,FCL,RCL;PECA,FERR,ESCR,BRIN,DOCU,ROUP;nitron.com.br/p/062.012.003
062.012.086;7896779628636;4;Caixa Organizadora Rattan com Tampa;4 L;1;BRA,EMP,FCL,RCL;PECA,FERR,ESCR,BRIN,DOCU,ROUP;nitron.com.br/p/062.012.086
064.012.002;7896779606429;3;Jarra com Tubo para Gelo;2 L;1;BPA,ATX,BRA,FRZ,LAV;BEBI,COZI;nitron.com.br/p/064.012.002
064.012.547;7896779664122;3;Jarra com Tubo para Gelo;2 L;1;BPA,ATX,BRA,FRZ,LAV,HIG;BEBI,COZI;nitron.com.br/p/064.012.547
065.012.002;7896779660650;4;Caixa Organizadora Rattan com Tampa;2 L;1;BRA,EMP,FCL,RCL;PECA,FERR,ESCR,BRIN,DOCU,ROUP;nitron.com.br/p/065.012.002
065.012.003;7896779670659;4;Caixa Organizadora Rattan com Tampa;2 L;1;BRA,EMP,FCL,RCL;PECA,FERR,ESCR,BRIN,DOCU,ROUP;nitron.com.br/p/065.012.003
065.012.086;7896779665204;4;Caixa Organizadora Rattan com Tampa;2 L;1;BRA,EMP,FCL,RCL;PECA,FERR,ESCR,BRIN,DOCU,ROUP;nitron.com.br/p/065.012.086
067.012.002;7896779606764;2;Saleiro;1 KG;1;BPA,ATX,BRA,LAV;PET,COZI,MANT,TEMP;nitron.com.br/p/067.012.002
067.012.003;7896779606726;2;Saleiro;1 KG;1;BPA,ATX,BRA,LAV;PET,COZI,MANT,TEMP;nitron.com.br/p/067.012.003
068.012.002;7896779606849;4;Caixa Organizadora Rattan com Tampa;8 L;1;BRA,EMP,FCL,RCL;PECA,FERR,ESCR,BRIN,DOCU,ROUP;nitron.com.br/p/068.012.002
068.012.003;7896779650682;4;Caixa Organizadora Rattan com Tampa;8 L;1;BRA,EMP,FCL,RCL;PECA,FERR,ESCR,BRIN,DOCU,ROUP;nitron.com.br/p/068.012.003
068.012.086;7896779668212;4;Caixa Organizadora Rattan com Tampa;8 L;1;BRA,EMP,FCL,RCL;PECA,FERR,ESCR,BRIN,DOCU,ROUP;nitron.com.br/p/068.012.086
069.006.002;7896779603695;4;Caixa Organizadora Rattan com Tampa;16 L;1;BPA,BRA,EMP,FCL,RCL;BRIN,PET,ROUP,PECA,FERR,ESCR,DOCU;nitron.com.br/p/069.006.002
069.006.003;7896779607693;4;Caixa Organizadora Rattan com Tampa;16 L;1;BRA,EMP,HIG,FCL,RCL;BRIN,ROUP,MAQU,PECA,FERR,ESCR,DOCU;nitron.com.br/p/069.006.003
069.006.086;7896779606948;4;Caixa Organizadora Rattan com Tampa;16 L;1;BRA,EMP,FCL,RCL;LIMP,PECA,FERR,ESCR,BRIN,DOCU,ROUP;nitron.com.br/p/069.006.086
070.006.002;7896779607044;3;Escorredor Luxo;;1;BPA,ATX,BRA,LAV;COZI;nitron.com.br/p/070.006.002
070.006.003;7896779607013;3;Escorredor Luxo;;1;BPA,ATX,BRA,LAV;COZI;nitron.com.br/p/070.006.003
075.024.001;7896779600755;2;Sanduicheira Pratic;600 ML;1;BPA,ATX,BRA,LAV;MANT,GRAO,CAFE,ACUC;nitron.com.br/p/075.024.001
076.024.001;7896779607617;1;Saboneteira com Tampa;;1;BRA,HIG,FCL;BANH,HIGI;nitron.com.br/p/076.024.001
076.024.066;7896779607631;1;Saboneteira com Tampa;;1;BRA,HIG,FCL;BANH,HIGI;nitron.com.br/p/076.024.066
077.012.002;7896779607747;3;Escorredor Ideal;;1;BPA,ATX,BRA,LAV;COZI;nitron.com.br/p/077.012.002
077.012.003;7896779607723;3;Escorredor Ideal;;1;BPA,ATX,BRA,LAV;COZI;nitron.com.br/p/077.012.003
078.036.001;7896779600786;2;Forma de Gelo Firenze;;1;BPA,ATX,BRA,LAV;COZI;nitron.com.br/p/078.036.001
079.012.002;7896779607976;3;Porta Shampoo e Prateleira Madri;;1;BPA,BRA,HIG,FCL,RCL;BANH,HIGI;nitron.com.br/p/079.012.002
079.012.003;7896779607983;3;Porta Shampoo e Prateleira Madri;;1;BPA,BRA,HIG,FCL,RCL;BANH,HIGI;nitron.com.br/p/079.012.003
081.012.002;7896779608164;3;Porta Papel Toalha;;1;BPA,ATX,BRA,LAV;COZI,MANT,TEMP;nitron.com.br/p/081.012.002
081.012.003;7896779681105;3;Porta Papel Toalha;;1;BPA,ATX,BRA,LAV;COZI,MANT,TEMP;nitron.com.br/p/081.012.003
088.012.002;7896779608843;3;Jarra Estrela com Tampa;1.6 L;1;BPA,ATX,BRA,LAV;BEBI,COZI;nitron.com.br/p/088.012.002
088.012.547;7896779688159;3;Jarra Estrela com Tampa;1.6 L;1;BPA,ATX,BRA,LAV;BEBI,COZI;nitron.com.br/p/088.012.547
090.012.002;7896779609031;2;Saleiro Rubi;1 KG;1;BPA,ATX,BRA,LAV;COZI,MANT,TEMP;nitron.com.br/p/090.012.002
090.012.003;7896779609055;2;Saleiro Rubi;1 KG;1;BPA,ATX,BRA,LAV;COZI,MANT,TEMP;nitron.com.br/p/090.012.003
091.012.002;7896779609147;3;Lixeira Verona;4 L;1;BRA,HIG,FCL,RCL;PET,LIXO,COZI,BANH;nitron.com.br/p/091.012.002
091.012.003;7896779609178;3;Lixeira Verona;4 L;1;BRA,HIG,FCL,RCL;PET,LIXO,COZI,BANH;nitron.com.br/p/091.012.003
092.012.002;7896779609215;2;Saboneteira de Parede com Ventosa;;1;BRA,HIG,FCL,RCL;BANH,HIGI;nitron.com.br/p/092.012.002
092.012.003;7896779609222;2;Saboneteira de Parede com Ventosa;;1;BRA,HIG,FCL,RCL;BANH,HIGI;nitron.com.br/p/092.012.003
093.012.002;7896779609345;4;Cestinho Versátil;4.2 L;1;BRA,EMP,HIG,FCL,RCL;BRIN,PECA,FERR,ESCR,DOCU,ROUP;nitron.com.br/p/093.012.002
093.012.003;7896779609314;4;Cestinho Versátil;4.2 L;1;BRA,EMP,HIG,FCL,RCL;BRIN,PECA,FERR,ESCR,DOCU,ROUP;nitron.com.br/p/093.012.003
094.012.002;7896779609420;1;Açucareiro Doçura;350 ML;1;BPA,ATX,BRA;ACUC,COZI,MANT;nitron.com.br/p/094.012.002
094.012.003;7896779609444;1;Açucareiro Doçura;350 ML;1;BPA,ATX,BRA;ACUC,COZI,MANT;nitron.com.br/p/094.012.003
095.012.002;7896779609574;3;Cantoneira para Banheiro Premium;;1;ATX,BRA,HIG,FCL,RCL;DECO;nitron.com.br/p/095.012.002
095.012.003;7896779609512;3;Cantoneira para Banheiro Premium;;1;BRA,HIG,FCL,RCL;DECO;nitron.com.br/p/095.012.003
096.012.002;7896779609642;3;Escorredor de Pratos Rattan;;1;BPA,ATX,BRA,LAV,FCL;COZI;nitron.com.br/p/096.012.002
096.012.003;7896779610969;3;Escorredor de Pratos Rattan;;1;BPA,ATX,BRA,LAV;COZI;nitron.com.br/p/096.012.003
096.012.086;7896779696208;3;Escorredor de Pratos Rattan;;1;BPA,ATX,BRA,LAV;COZI;nitron.com.br/p/096.012.086
097.012.001;7896779600977;4;Caixa Organizadora Nitronbox;10 L;1;BRA,EMP,FCL,TRP,RCL;PECA,FERR,ESCR,BRIN,DOCU,ROUP;nitron.com.br/p/097.012.001
098.012.999;7896779609840;3;Balde Limpex;8 L;1;ATX,BRA,FCL,RCL;LIMP;nitron.com.br/p/098.012.999
100.006.002;7896779610075;3;Lixeira com Pedal;7 L;1;BRA,PED,HIG,FCL,RCL;LIXO,COZI,BANH;nitron.com.br/p/100.006.002
100.006.003;7896779600328;3;Lixeira com Pedal;7 L;1;BRA,PED,HIG,FCL,RCL;LIXO,COZI,BANH;nitron.com.br/p/100.006.003
103.024.003;7896779610310;2;Marmibox com Div. para Talheres;780 ML;1;BPA,ATX,BRA,MIC;MANT,GRAO,CAFE,ACUC;nitron.com.br/p/103.024.003
105.024.003;7896779610518;2;Marmita Bom Apetite c/ Bandeija e Válvula;800 ML;1;BPA,ATX,BRA,VLV;SOBR,PET,MANT,GRAO;nitron.com.br/p/105.024.003
106.012.001;7896779601066;4;Organiza Tudo com 16 Divisórias;;1;BRA,EMP,FCL,RCL;FERR,ARTE,PECA,ESCR,BRIN,DOCU,ROUP;nitron.com.br/p/106.012.001
109.012.001;7896779601097;4;Caixa Organizadora Nitronbox;6 L;1;BRA,EMP,FCL,TRP,RCL;PECA,FERR,ESCR,BRIN,DOCU,ROUP;nitron.com.br/p/109.012.001
110.006.001;7896779601103;4;Caixa Organizadora Nitronbox;20 L;1;BRA,EMP,FCL,TRP,RCL;PECA,FERR,ESCR,BRIN,DOCU,ROUP;nitron.com.br/p/110.006.001
111.012.002;7896779611270;2;Espremedor Portátil Fit;510 ML;1;BPA,ATX,BRA,LAV;BEBI,COZI;nitron.com.br/p/111.012.002
111.012.549;7896779611133;2;Espremedor Portátil Fit;510 ML;1;BPA,ATX,BRA,LAV;BEBI,COZI;nitron.com.br/p/111.012.549
112.012.002;7896779612208;2;Copo Medidor com Tampa;500 ML;1;BPA,ATX,BRA,LAV;BEBI,COZI;nitron.com.br/p/112.012.002
112.012.547;7896779612147;2;Copo Medidor com Tampa;500 ML;1;BPA,ATX,BRA,LAV;BEBI,COZI;nitron.com.br/p/112.012.547
113.012.002;7896779611362;2;Tanquinho Porta Sabão em Barra;;1;ATX,BRA,HIG,FCL;LIMP;nitron.com.br/p/113.012.002
113.012.003;7896779613106;2;Tanquinho Porta Sabão em Barra;;1;BPA,ATX,BRA,FCL;LIMP;nitron.com.br/p/113.012.003
114.012.002;7896779611447;2;Jarrinha com Espremedor;500 ML;1;BPA,ATX,BRA,LAV;BEBI,COZI;nitron.com.br/p/114.012.002
114.012.547;7896779611416;2;Jarrinha com Espremedor;500 ML;1;BPA,ATX,BRA,LAV;BEBI,COZI;nitron.com.br/p/114.012.547
116.012.002;7896779611645;2;Porta Detergente com Telinha;;1;BPA,ATX,BRA,LAV;LIMP,COZI,MANT,TEMP;nitron.com.br/p/116.012.002
116.012.003;7896779611676;2;Porta Detergente com Telinha;;1;BPA,ATX,BRA,LAV;LIMP,COZI,MANT,TEMP;nitron.com.br/p/116.012.003
116.012.086;7896779668663;2;Porta Detergente com Telinha;;1;BPA,ATX,BRA,LAV;LIMP,COZI,MANT,TEMP;nitron.com.br/p/116.012.086
117.012.002;7896779601172;1;Tábua Extra Grande;;1;BPA,ATX,BRA;COZI;nitron.com.br/p/117.012.002
120.006.001;7896779612086;4;Frasqueira com Bandeja;2.8 L;1;BRA,EMP,FCL;MEDI,COSM,MAQU,HIGI;nitron.com.br/p/120.006.001
120.006.012;7896779612024;4;Frasqueira com Bandeja;2.8 L;1;BRA,EMP,FCL;MAQU,MEDI,COSM,HIGI;nitron.com.br/p/120.006.012
121.012.002;7896779621057;3;Escorredor de Arroz Caribe;;1;BPA,ATX,BRA,LAV,HIG;COZI;nitron.com.br/p/121.012.002
121.012.003;7896779610068;3;Escorredor de Arroz Caribe;;1;BPA,ATX,BRA,LAV,HIG;COZI;nitron.com.br/p/121.012.003
122.012.002;7896779626618;2;Porta Escovas com Tampa;;1;BRA,HIG,FCL,RCL;BANH,HIGI;nitron.com.br/p/122.012.002
122.012.003;7896779622726;2;Porta Escovas com Tampa;;1;BPA,BRA,HIG,FCL;BANH,HIGI;nitron.com.br/p/122.012.003
122.012.066;7896779626625;2;Porta Escovas com Tampa;;1;BRA,HIG,FCL,RCL;BANH,HIGI;nitron.com.br/p/122.012.066
123.012.027;7896779612338;4;Caixa de Ferramentas Nitronfort;2.2 L;1;BRA,EMP,FCL,RCL;FERR,PECA,ESCR,BRIN,DOCU,ROUP;nitron.com.br/p/123.012.027
123.012.028;7896779612345;4;Caixa de Ferramentas Nitronfort;2.2 L;1;BRA,EMP,FCL,RCL;FERR,PECA,ESCR,BRIN,DOCU,ROUP;nitron.com.br/p/123.012.028
123.012.045;7896779612314;4;Caixa de Ferramentas Nitronfort;2.2 L;1;BRA,EMP,FCL,RCL;FERR,PECA,ESCR,BRIN,DOCU,ROUP;nitron.com.br/p/123.012.045
124.012.003;7896779612451;2;Kit Marmita com Talheres;780 ML;1;BPA,ATX,BRA,LAV;SOBR,MANT,GRAO,CAFE;nitron.com.br/p/124.012.003
125.012.001;7896779601257;4;Caixa Organizadora Nitronbox;4.3 L;1;BRA,EMP,FCL,TRP,RCL;PECA,FERR,ESCR,BRIN,DOCU,ROUP;nitron.com.br/p/125.012.001
126.006.001;7896779612697;4;Frasqueira com Bandeja;6.2 L;1;BRA,EMP,FCL;MEDI,COSM,MAQU,HIGI;nitron.com.br/p/126.006.001
126.006.619;7896779612635;4;Frasqueira com Bandeja;6.2 L;1;BRA,EMP,FCL;MEDI,COSM,MAQU,HIGI;nitron.com.br/p/126.006.619
128.012.002;7896779612826;3;Cestinho para Prendedor;;1;ATX,BRA,FCL,RCL;COST,ROUP,LIMP,BANH;nitron.com.br/p/128.012.002
128.012.003;7896779612833;3;Cestinho para Prendedor;;1;ATX,BRA,FCL,RCL;LIMP,ROUP,BANH;nitron.com.br/p/128.012.003
129.012.002;7896779612949;2;Porta Talheres Stillo com 4 Div.;;1;BPA,ATX,BRA,LAV;COZI;nitron.com.br/p/129.012.002
129.012.003;7896779612918;2;Porta Talheres Stillo com 4 Div.;;1;BPA,ATX,BRA,LAV;COZI;nitron.com.br/p/129.012.003
130.012.002;7896779613045;3;Lixeira Retrátil;4 L;1;BPA,BRA,HIG,FCL,RCL;PET,LIXO,COZI,BANH;nitron.com.br/p/130.012.002
130.012.003;7896779613083;3;Lixeira Retrátil;4 L;1;BPA,BRA,HIG,FCL,RCL;PET,LIXO,COZI,BANH;nitron.com.br/p/130.012.003
131.012.002;7896779631018;4;Frasqueira Medicamento;;1;BRA,EMP,FCL;MEDI,COSM,MAQU,HIGI;nitron.com.br/p/131.012.002
131.012.009;7896779631025;4;Frasqueira Medicamento;;1;BRA,EMP,FCL;MEDI,COSM,MAQU,HIGI;nitron.com.br/p/131.012.009
132.036.683;7896779601325;1;Prato Unitário;;1;BPA,ATX,BRA;COZI,MANT,TEMP;nitron.com.br/p/132.036.683
133.012.002;7896779613342;2;Porta Detergente Rattan com Base;;1;BPA,ATX,BRA,LAV;LIMP,COZI,MANT,TEMP;nitron.com.br/p/133.012.002
133.012.003;7896779641338;2;Porta Detergente Rattan com Base;;1;BPA,ATX,BRA,LAV;PET,LIMP,COZI,MANT;nitron.com.br/p/133.012.003
133.012.086;7896779633203;2;Porta Detergente Rattan com Base;;1;BPA,ATX,BRA,LAV;PET,LIMP,COZI,MANT;nitron.com.br/p/133.012.086
134.012.002;7896779613441;3;Lixeira Basculante Rattan;4.5 L;1;BPA,BRA,TBA,HIG,FCL,RCL;PET,LIXO,COZI,BANH;nitron.com.br/p/134.012.002
134.012.003;7896779651344;3;Lixeira Basculante Rattan;4.5 L;1;BPA,BRA,TBA,HIG,FCL,RCL;PET,LIXO,COZI,BANH;nitron.com.br/p/134.012.003
134.012.086;7896779634194;3;Lixeira Basculante Rattan;4.5 L;1;BPA,BRA,TBA,HIG,FCL,RCL;LIXO,COZI,BANH;nitron.com.br/p/134.012.086
135.024.001;7896779601356;2;Tampa para Micro-ondas;;1;BPA,ATX,BRA,MIC;COZI;nitron.com.br/p/135.024.001
136.024.001;7896779601363;3;Travessa Micro-ondas com Tampa;1.5 L;1;BPA,ATX,BRA,MIC,LAV,TRP;SOBR,FRIO,COZI;nitron.com.br/p/136.024.001
137.012.002;7896779601370;4;Frasqueira Medicamentos;2.8 L;1;BRA,EMP,FCL;MEDI,COSM,MAQU,HIGI;nitron.com.br/p/137.012.002
137.012.009;7896779613717;4;Frasqueira Medicamentos;2.8 L;1;BRA,EMP,FCL;MEDI,COSM,MAQU,HIGI;nitron.com.br/p/137.012.009
138.012.001;7896779613809;4;Organiza Tudo com 11 Divisórias;;1;BPA,BRA,EMP,FCL,RCL;FERR,PECA,ESCR,BRIN,DOCU,ROUP;nitron.com.br/p/138.012.001
139.012.001;7896779639144;3;Pote com 3 Divisórias;1.1 L;1;BPA,ATX,BRA,LAV,EMP,TRP;MANT,GRAO,CAFE,ACUC,FARI,MASS;nitron.com.br/p/139.012.001
139.012.003;7896779613977;3;Pote com 3 Divisórias;1.1 L;1;BPA,ATX,BRA,LAV,EMP;MANT,GRAO,CAFE,ACUC,FARI,MASS;nitron.com.br/p/139.012.003
140.012.001;7896779614042;4;Estojo Multi uso;;1;BPA,BRA,EMP,FCL,TRP,RCL;HIGI,MAQU,PECA,FERR,ESCR,BRIN,DOCU,ROUP;nitron.com.br/p/140.012.001
140.012.066;7896779666140;4;Estojo Multi uso;;1;BPA,BRA,EMP,FCL,RCL;HIGI,MAQU,PECA,FERR,ESCR,BRIN,DOCU,ROUP;nitron.com.br/p/140.012.066
142.006.002;7896779601424;4;Frasqueira Medicamentos;6.2 L;1;BRA,EMP,FCL;MEDI,COSM,MAQU,HIGI;nitron.com.br/p/142.006.002
142.006.009;7896779614226;4;Frasqueira Medicamentos;6.2 L;1;ATX,BRA,EMP,FCL,RCL;MEDI,PET,COSM,MAQU,HIGI;nitron.com.br/p/142.006.009
144.006.002;7896779614462;2;Porta Talheres com 6 Div. e Tampa;;1;BPA,ATX,BRA,LAV;COZI;nitron.com.br/p/144.006.002
144.006.003;7896779614455;2;Porta Talheres com 6 Div. e Tampa;;1;BPA,ATX,BRA,LAV;COZI;nitron.com.br/p/144.006.003
146.024.001;7896779601462;2;Forma de Ovos e Omelet. Microondas;;1;BPA,ATX,BRA,MIC;COZI;nitron.com.br/p/146.024.001
147.012.604;7896779614721;4;Frasqueira Mini;1 L;1;BRA,EMP,HIG,FCL;MEDI,COSM,MAQU,HIGI;nitron.com.br/p/147.012.604
147.012.607;7896779614738;4;Frasqueira Mini;1 L;1;BRA,EMP,FCL;MEDI,COSM,MAQU,HIGI;nitron.com.br/p/147.012.607
148.004.002;7896779648153;3;Lixeira Basculante;14 L;1;ATX,BRA,TBA,HIG,FCL,RCL;LIXO,COZI,BANH;nitron.com.br/p/148.004.002
148.004.003;7896779614868;3;Lixeira Basculante;14 L;1;BRA,TBA,HIG,FCL,RCL;LIXO,COZI,BANH;nitron.com.br/p/148.004.003
149.024.001;7896779601493;3;Caçarola Legumix Micro-ondas;2.6 L;1;BPA,ATX,BRA,MIC,LAV,TRP;SOBR,FRIO,COZI;nitron.com.br/p/149.024.001
150.004.002;7896779615070;3;Lixeira com Pedal;16 L;1;BRA,PED,HIG,FCL,RCL;LIXO,COZI,BANH;nitron.com.br/p/150.004.002
150.004.003;7896779650101;3;Lixeira com Pedal;16 L;1;BRA,PED,HIG,FCL,RCL;PET,LIXO,COZI,BANH;nitron.com.br/p/150.004.003
151.012.001;7896779651153;3;Pote Alto com Travas;4.3 L;1;BPA,ATX,BRA,HER,LAV,EMP;GRAO,MASS,MANT,CAFE,ACUC,FARI;nitron.com.br/p/151.012.001
151.012.003;7896779651092;3;Pote Alto com Travas;4.3 L;1;BPA,ATX,BRA,HER,LAV,EMP;MANT,GRAO,CAFE,ACUC,FARI,MASS;nitron.com.br/p/151.012.003
152.006.002;7896779615230;3;Kit Mantimentos com 5 Peças;;5;BPA,ATX,BRA,LAV,EMP;MANT,GRAO,CAFE,ACUC,FARI,MASS;nitron.com.br/p/152.006.002
152.006.003;7896779601523;3;Kit Mantimentos com 5 Peças;;5;BPA,ATX,BRA,LAV,EMP;MANT,GRAO,CAFE,ACUC,FARI,MASS;nitron.com.br/p/152.006.003
153.012.002;7896779615377;3;Jarra com Tampa Flip Top;2 L;1;BPA,ATX,BRA,LAV;BEBI,COZI;nitron.com.br/p/153.012.002
153.012.546;7896779653157;3;Jarra com Tampa Flip Top;2 L;1;BPA,ATX,BRA,LAV;BEBI,COZI;nitron.com.br/p/153.012.546
154.006.861;7896779686100;2;Kit Pote Alto Coloratto com 2 Pçs;460 ML;2;BPA,ATX,BRA,HER;SOBR,MANT,FRIO,MASS;nitron.com.br/p/154.006.861
154.012.001;7896779615414;2;Pote Alto com Travas;460 ML;1;BPA,ATX,BRA,HER;MANT,GRAO,CAFE,ACUC;nitron.com.br/p/154.012.001
154.012.003;7896779615490;2;Pote Alto com Travas;460 ML;1;BPA,ATX,BRA,HER;MANT,GRAO,CAFE,ACUC;nitron.com.br/p/154.012.003
155.006.861;7896779686131;2;Kit Pote Alto Coloratto com 2 Pçs;850 ML;2;BPA,ATX,BRA,LAV;SOBR,MANT,FRIO,MASS;nitron.com.br/p/155.006.861
155.012.001;7896779655144;2;Pote Alto com Travas;850 ML;1;BPA,ATX,BRA,FRZ;TEMP,MANT,GRAO,CAFE;nitron.com.br/p/155.012.001
155.012.003;7896779615544;2;Pote Alto com Travas;850 ML;1;BPA,ATX,BRA,HER;MANT,GRAO,CAFE,ACUC;nitron.com.br/p/155.012.003
156.012.001;7896779656127;3;Pote Alto com Travas;2.2 L;1;BPA,ATX,BRA,FRZ,HER,LAV;TEMP,MANT,GRAO,CAFE,ACUC,FARI;nitron.com.br/p/156.012.001
156.012.003;7896779615643;3;Pote Alto com Travas;2.2 L;1;BPA,ATX,BRA,HER,LAV,EMP;MANT,GRAO,CAFE,ACUC,FARI,MASS;nitron.com.br/p/156.012.003
157.024.009;7896779615735;2;Pote Tomatinho com Travas;850 ML;1;BPA,ATX,BRA,HER;MANT,GRAO,CAFE,ACUC;nitron.com.br/p/157.024.009
158.024.029;7896779601585;2;Pote Feijão com Travas;850 ML;1;BPA,ATX,BRA,HER;GRAO,MANT,CAFE,ACUC;nitron.com.br/p/158.024.029
161.012.002;7896779616145;4;Porta Tudo;1 L;1;BRA,EMP,FCL,RCL;PECA,FERR,ESCR,BRIN,DOCU,ROUP;nitron.com.br/p/161.012.002
161.012.003;7896779616114;4;Porta Tudo;1 L;1;BRA,EMP,FCL,RCL;PECA,FERR,ESCR,BRIN,DOCU,ROUP;nitron.com.br/p/161.012.003
162.012.002;7896779616244;4;Cesto com Alça;8.5 L;1;BRA,EMP,HIG,FCL,RCL;BRIN,PECA,FERR,ESCR,DOCU,ROUP;nitron.com.br/p/162.012.002
162.012.003;7896779616213;4;Cesto com Alça;8.5 L;1;BRA,EMP,HIG,FCL,RCL;BRIN,PECA,FERR,ESCR,DOCU,ROUP;nitron.com.br/p/162.012.003
163.004.002;7896779641635;3;Lixeira Vime;12 L;1;BRA,PED,HIG,FCL,RCL;LIXO,COZI,BANH;nitron.com.br/p/163.004.002
163.004.003;7896779651634;3;Lixeira Vime;12 L;1;BRA,PED,HIG,FCL,RCL;PET,LIXO,COZI,BANH;nitron.com.br/p/163.004.003
163.004.086;7896779663200;3;Lixeira Vime;12 L;1;BPA,BRA,PED,HIG,FCL,RCL;LIXO,COZI,BANH;nitron.com.br/p/163.004.086
164.006.001;7896779616404;4;Maleta Organiza Tudo com Divisórias Móveis;;1;BRA,EMP,FCL,RCL;PECA,FERR,ESCR,BRIN,DOCU,ROUP;nitron.com.br/p/164.006.001
165.006.002;7896779616541;3;Escorredor de Pratos;;1;BPA,ATX,BRA,LAV;COZI;nitron.com.br/p/165.006.002
165.006.003;7896779616510;3;Escorredor de Pratos;;1;BPA,ATX,BRA,LAV,FCL;COZI;nitron.com.br/p/165.006.003
165.006.086;7896779665198;3;Escorredor de Pratos;;1;BPA,ATX,BRA,LAV;COZI;nitron.com.br/p/165.006.086
166.024.001;7896779616602;2;Porta Biscoitos e Terradas;650 ML;1;BPA,ATX,BRA,LAV;BISC,MANT,GRAO,CAFE;nitron.com.br/p/166.024.001
167.010.003;7896779616756;4;Cabide Still com 10 Peças;;10;BRA,EMP,FCL,RCL;ROUP;nitron.com.br/p/167.010.003
167.012.001;7896779616749;4;Cabide Still com 3 Peças;;3;BRA,EMP,FCL,TRP,RCL;ROUP;nitron.com.br/p/167.012.001
169.012.002;7896779616923;3;Boleira Barcelona com Alça;;1;BPA,ATX,BRA,LAV;COZI,MANT,TEMP;nitron.com.br/p/169.012.002
169.012.003;7896779616954;3;Boleira Barcelona com Alça;;1;BPA,ATX,BRA,LAV;COZI,MANT,TEMP;nitron.com.br/p/169.012.003
170.006.027;7896779617043;4;Caixa de Ferramentas Nitronfort;16 L;1;BRA,EMP,FCL,RCL;FERR,PECA,ESCR,BRIN,DOCU,ROUP;nitron.com.br/p/170.006.027
170.006.028;7896779601707;4;Caixa de Ferramentas Nitronfort;16 L;1;BRA,EMP,FCL,RCL;FERR,PECA,ESCR,BRIN,DOCU,ROUP;nitron.com.br/p/170.006.028
170.006.045;7896779670109;4;Caixa de Ferramentas Nitronfort;16 L;1;BRA,EMP,FCL,RCL;FERR,PECA,ESCR,BRIN,DOCU,ROUP;nitron.com.br/p/170.006.045
172.012.998;7896779617241;3;Pá de Lixo com Cabo;;1;ATX,BRA,FCL,RCL;LIMP;nitron.com.br/p/172.012.998
172.012.999;7896779617203;3;Pá de Lixo com Cabo;;1;ATX,BRA,FCL,RCL;LIMP;nitron.com.br/p/172.012.999
173.012.002;7896779617340;3;Lixeira Fenix;4.2 L;1;BRA,TBA,HIG,FCL,RCL;PET,LIMP,LIXO,COZI,BANH;nitron.com.br/p/173.012.002
173.012.003;7896779617357;3;Lixeira Fenix;4.2 L;1;BRA,TBA,HIG,FCL,RCL;LIXO,COZI,BANH;nitron.com.br/p/173.012.003
176.024.001;7896779617609;2;Pote com Válvula e Travas;600 ML;1;BPA,ATX,BRA,VLV;MANT,GRAO,CAFE,ACUC;nitron.com.br/p/176.024.001
177.012.002;7896779617746;4;Cesto com Alça;5 L;1;BRA,EMP,FCL,RCL;PECA,FERR,ESCR,BRIN,DOCU,ROUP;nitron.com.br/p/177.012.002
177.012.003;7896779617715;4;Cesto com Alça;5 L;1;BRA,EMP,FCL,RCL;PECA,FERR,ESCR,BRIN,DOCU,ROUP;nitron.com.br/p/177.012.003
178.024.001;7896779617807;3;Caçarola Micro-ondas;1.5 L;1;BPA,ATX,BRA,MIC,LAV,TRP;SOBR,FRIO,COZI;nitron.com.br/p/178.024.001
179.024.001;7896779617906;3;Porta Frios com Pinça;1.1 L;1;BPA,ATX,BRA,LAV,HIG;COZI,MANT,TEMP;nitron.com.br/p/179.024.001
182.012.002;7896779618231;3;Jarra com Tampa Flip Top;4 L;1;BPA,ATX,BRA,LAV;BEBI,COZI;nitron.com.br/p/182.012.002
182.012.546;7896779682157;3;Jarra com Tampa Flip Top;4 L;1;BPA,ATX,BRA,LAV;BEBI,COZI;nitron.com.br/p/182.012.546
184.010.003;7896779618453;4;Cabide com 10 Peças;;10;BRA,EMP,FCL,RCL;ROUP;nitron.com.br/p/184.010.003
184.016.001;7896779618446;4;Cabide com 3 Peças;;3;BRA,EMP,FCL,TRP,RCL;ROUP;nitron.com.br/p/184.016.001
185.012.002;7896779618545;2;Porta Vassouras com 9 Posições;;1;BPA,ATX,BRA,FCL;FERR,PREG,LIMP,ROUP;nitron.com.br/p/185.012.002
185.012.003;7896779618514;2;Porta Vassouras com 9 Posições;;1;ATX,BRA,FCL,RCL;LIMP,ROUP,BANH;nitron.com.br/p/185.012.003
186.006.002;7896779618606;4;Frasqueira Medicamentos Mega Luxo;12 L;1;BRA,EMP,FCL;MEDI,COSM,MAQU,HIGI;nitron.com.br/p/186.006.002
186.006.009;7896779686940;4;Frasqueira Medicamentos Mega Luxo;12 L;1;BPA,BRA,EMP,FCL;MEDI,COSM,MAQU,HIGI;nitron.com.br/p/186.006.009
187.006.001;7896779618705;4;Organiza Tudo com Divisórias Móveis;;1;BRA,EMP,FCL,RCL;PECA,FERR,ESCR,BRIN,DOCU,ROUP;nitron.com.br/p/187.006.001
188.012.002;7896779618842;3;Escorredor de Pratos Super Prático;;1;BPA,ATX,BRA,LAV;COZI;nitron.com.br/p/188.012.002
188.012.003;7896779618811;3;Escorredor de Pratos Super Prático;;1;BPA,ATX,BRA,LAV;COZI;nitron.com.br/p/188.012.003
188.012.086;7896779688203;3;Escorredor de Pratos Super Prático;;1;BPA,ATX,BRA,LAV;COZI;nitron.com.br/p/188.012.086
190.012.001;7896779619009;3;Kit Potes Altos com Travas e 3 Peças;;3;BPA,ATX,BRA,HER,LAV,EMP;MANT,GRAO,CAFE,ACUC,FARI,MASS;nitron.com.br/p/190.012.001
190.012.003;7896779619092;3;Kit Potes Altos com Travas e 3 Peças;;3;BPA,ATX,BRA,HER,LAV,EMP;MANT,GRAO,CAFE,ACUC,FARI,MASS;nitron.com.br/p/190.012.003
191.012.001;7896779691142;2;Pote com 2 Divisórias;720 ML;1;BPA,ATX,BRA,LAV;MANT,GRAO,CAFE,ACUC;nitron.com.br/p/191.012.001
191.012.003;7896779691166;2;Pote com 2 Divisórias;720 ML;1;BPA,ATX,BRA,LAV;MANT,GRAO,CAFE,ACUC;nitron.com.br/p/191.012.003
193.024.001;7896779693153;1;Saboneteira com Telinha;;1;BRA,HIG,FCL;BANH,HIGI;nitron.com.br/p/193.024.001
193.024.066;7896779619320;1;Saboneteira com Telinha;;1;BRA,HIG,FCL;BANH,HIGI;nitron.com.br/p/193.024.066
194.012.009;7896779619405;3;Caçarola Legumix Micro-ondas com Cesto;2.6 L;1;BPA,ATX,BRA,MIC,LAV,TRP;GRAO,SOBR,FRIO,COZI;nitron.com.br/p/194.012.009
195.006.012;7896779619535;4;Frasqueira Cristal com Divisórias;1.5 L;1;BRA,EMP,HIG,FCL,TRP;MEDI,COSM,MAQU,HIGI;nitron.com.br/p/195.006.012
195.006.609;7896779619511;4;Frasqueira Cristal com Divisórias;1.5 L;1;BRA,EMP,HIG,FCL,TRP;MEDI,COSM,MAQU,HIGI;nitron.com.br/p/195.006.609
196.006.001;7896779696116;3;Pote Premium;7.9 L;1;BPA,ATX,BRA,LAV,EMP,TRP;MANT,GRAO,CAFE,ACUC,FARI,MASS;nitron.com.br/p/196.006.001
197.024.010;7896779619702;2;Marmita Due com Divisória Móvel;600 ML;1;BPA,ATX,BRA,LAV;SOBR,MANT,GRAO,CAFE;nitron.com.br/p/197.024.010
198.012.001;7896779619849;4;Estojo Super Prático;;1;BPA,BRA,EMP,FCL,TRP,RCL;HIGI,MAQU,PECA,FERR,ESCR,BRIN,DOCU,ROUP;nitron.com.br/p/198.012.001
198.012.066;7896779619856;4;Estojo Super Prático;;1;BPA,BRA,EMP,FCL,RCL;HIGI,MAQU,PECA,FERR,ESCR,BRIN,DOCU,ROUP;nitron.com.br/p/198.012.066
199.006.001;7896779619900;4;Caixa Organizadora Nitronbox;27 L;1;BRA,EMP,FCL,TRP,RCL;PECA,FERR,ESCR,BRIN,DOCU,ROUP;nitron.com.br/p/199.006.001
200.004.001;7896779692002;4;Caixa Organizadora Nitronbox;50 L;1;BRA,EMP,FCL,TRP,RCL;PECA,FERR,ESCR,BRIN,DOCU,ROUP;nitron.com.br/p/200.004.001
202.006.001;7896779620296;4;Frasqueira Oval com Bandeja;4.4 L;1;BRA,EMP,FCL;MEDI,COSM,MAQU,HIGI;nitron.com.br/p/202.006.001
202.006.002;7896779620234;4;Frasqueira Medicamentos Oval com Bandeja;4.4 L;1;BRA,EMP,FCL;MEDI,COSM,MAQU,HIGI;nitron.com.br/p/202.006.002
202.006.009;7896779620241;4;Frasqueira Medicamentos Oval com Bandeja;4.4 L;1;BRA,EMP,FCL;MEDI,PET,COSM,MAQU,HIGI;nitron.com.br/p/202.006.009
202.006.012;7896779620227;4;Frasqueira Oval com Bandeja;4.4 L;1;BRA,EMP,FCL;COST,PET,MEDI,COSM,MAQU,HIGI;nitron.com.br/p/202.006.012
203.006.003;7896779620326;3;Pote Ultraforte com Tela e Travas;4 L;1;BPA,ATX,BRA,LAV,EMP;MANT,GRAO,CAFE,ACUC,FARI,MASS;nitron.com.br/p/203.006.003
205.006.861;7896779685127;2;Kit Pote Fit Coloratto com 2 Peças;450 ML;2;BPA,ATX,BRA,LAV;SOBR,MANT,FRIO,MASS;nitron.com.br/p/205.006.861
205.006.862;7896779629039;2;Kit Pote Fit Coloratto com 3 Peças;450 ML;3;BPA,ATX,BRA,LAV;SOBR,MANT,FRIO,MASS;nitron.com.br/p/205.006.862
205.006.P01;7896779650057;2;Kit POP com 6 Potes Fits;450 ML;6;BPA,ATX,BRA,LAV;MANT,GRAO,CAFE,ACUC;nitron.com.br/p/205.006.P01
205.012.001;7896779620517;2;Pote Retangular Fit;450 ML;1;BPA,ATX,BRA,LAV;MANT,GRAO,CAFE,ACUC;nitron.com.br/p/205.012.001
205.012.003;7896779620593;2;Pote Retangular Fit;450 ML;1;BPA,ATX,BRA,LAV;MANT,GRAO,CAFE,ACUC;nitron.com.br/p/205.012.003
207.012.002;7896779620746;2;Jarra Medidora Top Mix;850 ML;1;BPA,ATX,BRA,LAV;BEBI,COZI;nitron.com.br/p/207.012.002
207.012.547;7896779620715;2;Jarra Medidora Top Mix;850 ML;1;BPA,ATX,BRA,LAV;BEBI,COZI;nitron.com.br/p/207.012.547
207.024.001;7896779602070;2;Jarra Medidora Top Mix;850 ML;1;BPA,ATX,BRA,LAV;BEBI,COZI;nitron.com.br/p/207.024.001
209.012.003;7896779620913;2;Marmita com Porta Talheres;715 ML;1;BPA,ATX,BRA,MIC;SOBR,MANT,GRAO,CAFE;nitron.com.br/p/209.012.003
211.012.002;7896779621170;3;Cantoneira para banheiro Smart;;1;BRA,HIG,FCL,RCL;DECO;nitron.com.br/p/211.012.002
211.012.003;7896779621163;3;Cantoneira para banheiro Smart;;1;BRA,HIG,FCL,RCL;DECO;nitron.com.br/p/211.012.003
212.012.003;7896779621217;2;Pote com Travas e 2 Divisórias;600 ML;1;BPA,ATX,BRA,MIC;MANT,GRAO,CAFE,ACUC;nitron.com.br/p/212.012.003
214.006.002;7896779621446;4;Organizador Multiuso Rattan com 6 Divisórias;;1;BRA,EMP,FCL,RCL;PET,PECA,FERR,ESCR,BRIN,DOCU,ROUP;nitron.com.br/p/214.006.002
214.006.003;7896779621415;4;Organizador Multiuso Rattan com 6 Divisórias;;1;BRA,EMP,FCL,RCL;PET,PECA,FERR,ESCR,BRIN,DOCU,ROUP;nitron.com.br/p/214.006.003
214.006.086;7896779614202;4;Organizador Multiuso Rattan com 6 Divisórias;;1;BRA,EMP,FCL,RCL;PET,PECA,FERR,ESCR,BRIN,DOCU,ROUP;nitron.com.br/p/214.006.086
215.012.003;7896779621514;3;Pote Ultraforte com Travas;2.1 L;1;BPA,ATX,BRA,HER,LAV,EMP;MANT,GRAO,CAFE,ACUC,FARI,MASS;nitron.com.br/p/215.012.003
216.012.003;7896779616039;3;Pote Ultraforte com Travas;4 L;1;BPA,ATX,BRA,MIC,HER,LAV;MANT,GRAO,CAFE,ACUC,FARI,MASS;nitron.com.br/p/216.012.003
217.012.003;7896779621729;3;Pote Ultraforte com Travas;6.9 L;1;BPA,ATX,BRA,MIC,HER,LAV;MANT,GRAO,CAFE,ACUC,FARI,MASS;nitron.com.br/p/217.012.003
219.006.563;7896779621941;4;Frasqueira Rattan;9.4 L;1;BRA,EMP,HIG,FCL;MAQU,MEDI,COSM,HIGI;nitron.com.br/p/219.006.563
221.012.002;7896779621071;2;Saleiro Premier com Alça;1 KG;1;BPA,ATX,BRA,LAV;COZI,MANT,TEMP;nitron.com.br/p/221.012.002
221.012.003;7896779610082;2;Saleiro Premier com Alça;1 KG;1;BPA,ATX,BRA,LAV;COZI,MANT,TEMP;nitron.com.br/p/221.012.003
222.012.002;7896779627219;3;Jarra com Tampa Flip Top;1.4 L;1;BPA,ATX,BRA,LAV;BEBI,COZI;nitron.com.br/p/222.012.002
222.012.546;7896779622269;3;Jarra com Tampa Flip Top;1.4 L;1;BPA,ATX,BRA,LAV;BEBI,COZI;nitron.com.br/p/222.012.546
2231.024.009;7896779622313;3;Porta Frios com Tela;1.4 L;1;BPA,ATX,BRA,LAV;COZI,MANT,TEMP;nitron.com.br/p/2231.024.009
2232.012.009;7896779622320;3;Porta Frios Duplo com Tela;2.8 L;1;BPA,ATX,BRA,LAV;COZI,MANT,TEMP;nitron.com.br/p/2232.012.009
224.012.002;7896779622474;3;Porta Talher Escorre e Guarda;;1;BPA,ATX,BRA,LAV,HIG,FCL;PET,COZI,MANT,TEMP;nitron.com.br/p/224.012.002
224.012.003;7896779624126;3;Porta Talher Escorre e Guarda;;1;BPA,ATX,BRA,LAV,HIG,FCL;PET,COZI,MANT,TEMP;nitron.com.br/p/224.012.003
224.012.086;7896779624201;3;Porta Talher Escorre e Guarda;;1;BPA,ATX,BRA,LAV,HIG;PET,COZI,MANT,TEMP;nitron.com.br/p/224.012.086
227.036.998;7896779622795;2;Copo Infantil com Alça;;1;BPA,ATX,BRA,LAV;BEBI,BRIN;nitron.com.br/p/227.036.998
227.036.999;7896779602278;1;Copo Infantil com Alça;320 ML;1;BPA,ATX,BRA;BEBI,BRIN;nitron.com.br/p/227.036.999
2270.012.001;7896779627127;3;Pote Redondo com Travas;2.3 L;1;BPA,ATX,BRA,HER,LAV,EMP;BRIN,ROUP,MAQU,MANT,GRAO,CAFE;nitron.com.br/p/2270.012.001
2270.012.003;7896779627165;3;Pote Redondo com Travas;2.3 L;1;BPA,ATX,BRA,HER,LAV,EMP;MANT,GRAO,CAFE,ACUC,FARI,MASS;nitron.com.br/p/2270.012.003
228.012.003;7896779622832;3;Pote com Travas Laterais;1.1 L;1;BPA,ATX,BRA,HER,LAV,EMP;MANT,GRAO,CAFE,ACUC,FARI,MASS;nitron.com.br/p/228.012.003
2280.012.001;7896779622818;3;Pote Redondo com Travas;1.1 L;1;BPA,ATX,BRA,HER,LAV,EMP;MANT,GRAO,CAFE,ACUC,FARI,MASS;nitron.com.br/p/2280.012.001
2280.012.003;7896779622870;3;Pote Redondo com Travas;1.1 L;1;BPA,ATX,BRA,HER,LAV,EMP;MANT,GRAO,CAFE,ACUC,FARI,MASS;nitron.com.br/p/2280.012.003
229.012.001;7896779602292;3;Cook Freezer Micro-ondas com Cesto;3 L;1;BPA,ATX,BRA,MIC,FRZ,LAV;SOBR,FRIO,COZI;nitron.com.br/p/229.012.001
2290.006.862;7896779630417;2;Kit Pote Redondo Coloratto c/ 3 Pçs;450 ML;3;BPA,ATX,BRA,MIC;SOBR,MANT,FRIO,MASS;nitron.com.br/p/2290.006.862
2290.012.001;7896779629145;2;Pote Redondo com Travas;450 ML;1;BPA,ATX,BRA,HER;MANT,GRAO,CAFE,ACUC;nitron.com.br/p/2290.012.001
2290.012.003;7896779622931;2;Pote Redondo com Travas;450 ML;1;BPA,ATX,BRA,HER;MANT,GRAO,CAFE,ACUC;nitron.com.br/p/2290.012.003
231.006.861;7896779689125;1;Kit Pote Raso Coloratto c/ 2 Pçs;270 ML;2;BPA,ATX,BRA;SOBR,MANT,FRIO;nitron.com.br/p/231.006.861
231.006.862;7896779691111;1;Kit Pote Raso Coloratto c/ 3 Pçs;270 ML;3;BPA,ATX,BRA;SOBR,MANT,FRIO;nitron.com.br/p/231.006.862
231.006.P01;7896779631032;1;Kit POP com 6 Potes Retang.;270 ML;6;BPA,ATX,BRA;MANT,GRAO,CAFE;nitron.com.br/p/231.006.P01
231.012.001;7896779631148;1;Pote Raso com Travas;270 ML;1;BPA,ATX,BRA;MANT,GRAO,CAFE;nitron.com.br/p/231.012.001
231.012.003;7896779623181;1;Pote Raso com Travas;270 ML;1;BPA,ATX,BRA;MANT,GRAO,CAFE;nitron.com.br/p/231.012.003
232.006.861;7896779632824;2;Kit Pote Raso Coloratto com 2 Pçs;500 ML;2;BPA,ATX,BRA,LAV;SOBR,MANT,FRIO,MASS;nitron.com.br/p/232.006.861
232.006.862;7896779632855;2;Kit Pote Raso Coloratto com 3 Pçs;500 ML;3;BPA,ATX,BRA,LAV;SOBR,MANT,FRIO,MASS;nitron.com.br/p/232.006.862
232.012.001;7896779632145;2;Pote Raso com Travas;500 ML;1;BPA,ATX,BRA,HER;MANT,GRAO,CAFE,ACUC;nitron.com.br/p/232.012.001
232.012.003;7896779623297;2;Pote Raso com Travas;500 ML;1;BPA,ATX,BRA,HER;MANT,GRAO,CAFE,ACUC;nitron.com.br/p/232.012.003
233.012.001;7896779633111;3;Pote Raso com Travas;1.1 L;1;BPA,ATX,BRA,HER,LAV,EMP;MANT,GRAO,CAFE,ACUC,FARI,MASS;nitron.com.br/p/233.012.001
233.012.003;7896779623396;3;Pote Raso com Travas;1.1 L;1;BPA,ATX,BRA,HER,LAV,EMP;MANT,GRAO,CAFE,ACUC,FARI,MASS;nitron.com.br/p/233.012.003
234.012.001;7896779623419;3;Pote Raso com Travas;2.3 L;1;BPA,ATX,BRA,HER,LAV,EMP;MANT,GRAO,CAFE,ACUC,FARI,MASS;nitron.com.br/p/234.012.001
234.012.003;7896779623495;3;Pote Raso com Travas;2.3 L;1;BPA,ATX,BRA,HER,LAV,EMP;MANT,GRAO,CAFE,ACUC,FARI,MASS;nitron.com.br/p/234.012.003
235.012.001;7896779635207;2;Pote Acoplado com Rosca;500 ML;1;BPA,ATX,BRA,LAV;MANT,GRAO,CAFE,ACUC;nitron.com.br/p/235.012.001
235.012.002;7896779623518;2;Pote Acoplado com Rosca;500 ML;1;BPA,ATX,BRA,HER;MANT,GRAO,CAFE,ACUC;nitron.com.br/p/235.012.002
235.012.003;7896779623532;2;Pote Acoplado com Rosca;500 ML;1;BPA,ATX,BRA,LAV;MANT,GRAO,CAFE,ACUC;nitron.com.br/p/235.012.003
235.012.671;7896779623563;2;Pote Acoplado com Rosca - Sal;500 ML;1;BPA,ATX,BRA,LAV;MANT,GRAO,CAFE,ACUC;nitron.com.br/p/235.012.671
236.012.001;7896779636211;2;Pote Acoplado com Rosca;1 L;1;BPA,ATX,BRA,MIC;MANT,GRAO,CAFE,ACUC;nitron.com.br/p/236.012.001
236.012.002;7896779623648;2;Pote Acoplado com Rosca;1 L;1;BPA,ATX,BRA,HER;MANT,GRAO,CAFE,ACUC;nitron.com.br/p/236.012.002
236.012.003;7896779623655;2;Pote Acoplado com Rosca;1 L;1;BPA,ATX,BRA,LAV;MANT,GRAO,CAFE,ACUC;nitron.com.br/p/236.012.003
236.012.667;7896779636129;2;Pote Sal Grosso Acoplado com Rosca;1 L;1;BPA,ATX,BRA,LAV;ACUC,MANT,GRAO,CAFE;nitron.com.br/p/236.012.667
236.012.668;7896779623679;2;Pote Sal Grosso Acopl. c/ Rosca - Café;1 L;1;BPA,ATX,BRA,LAV;ACUC,CAFE,MANT,GRAO;nitron.com.br/p/236.012.668
236.012.669;7896779623686;2;Pote Sal Grosso Acopl. c/ Rosca - Arroz;1 L;1;BPA,ATX,BRA,LAV;ACUC,GRAO,MANT,CAFE;nitron.com.br/p/236.012.669
236.012.670;7896779636105;2;Pote Sal Grosso Acopl. c/ Rosca - Farinha;1 L;1;BPA,ATX,BRA,LAV;ACUC,FARI,MANT,GRAO;nitron.com.br/p/236.012.670
236.012.671;7896779636150;2;Pote Sal Grosso Acopl. c/ Rosca - Feijão;1 L;1;BPA,ATX,BRA,LAV;ACUC,GRAO,MANT,CAFE;nitron.com.br/p/236.012.671
236.012.672;7896779636167;2;Pote Sal Grosso Acopl. c/ Rosca - Açucar;1 L;1;BPA,ATX,BRA,LAV;ACUC,MANT,GRAO,CAFE;nitron.com.br/p/236.012.672
237.006.002;7896779623754;3;Pote Acoplado com Copo Medidor;5.8 L;1;BPA,ATX,BRA,LAV,EMP;BEBI,MANT,GRAO,CAFE,ACUC,FARI;nitron.com.br/p/237.006.002
237.006.003;7896779623778;3;Pote Acoplado com Copo Medidor;5.8 L;1;BPA,ATX,BRA,LAV,EMP;BEBI,MANT,GRAO,CAFE,ACUC,FARI;nitron.com.br/p/237.006.003
238.012.001;7896779638192;3;Pote Acoplado com Rosca;2 L;1;BPA,ATX,BRA,HER,LAV,EMP;ACUC,FARI,GRAO,MASS,MANT,CAFE;nitron.com.br/p/238.012.001
238.012.002;7896779628339;3;Pote Acoplado com Rosca;2 L;1;BPA,ATX,BRA,HER,LAV,EMP;ACUC,FARI,GRAO,MASS,MANT,CAFE;nitron.com.br/p/238.012.002
238.012.003;7896779623860;3;Pote Acoplado com Rosca;2 L;1;BPA,ATX,BRA,LAV,EMP;MANT,GRAO,CAFE,ACUC,FARI,MASS;nitron.com.br/p/238.012.003
239.012.001;7896779639205;3;Pote Acoplado com Rosca;3 L;1;BPA,ATX,BRA,LAV,EMP,TRP;MANT,GRAO,CAFE,ACUC,FARI,MASS;nitron.com.br/p/239.012.001
239.012.002;7896779623945;3;Pote Acoplado com Rosca;3 L;1;BPA,ATX,BRA,LAV,EMP;MANT,GRAO,CAFE,ACUC,FARI,MASS;nitron.com.br/p/239.012.002
239.012.003;7896779623952;3;Pote Acoplado com Rosca;3 L;1;BPA,ATX,BRA,LAV,EMP;MANT,GRAO,CAFE,ACUC,FARI,MASS;nitron.com.br/p/239.012.003
240.024.001;7896779602407;3;Cook Freezer Micro-ondas;3 L;1;BPA,ATX,BRA,MIC,FRZ,LAV;SOBR,FRIO,COZI;nitron.com.br/p/240.024.001
241.006.P01;7896779624164;2;Kit POP com 6 Potes com Valvula;460 ML;6;BPA,ATX,BRA,VLV;MANT,GRAO,CAFE,ACUC;nitron.com.br/p/241.006.P01
241.024.001;7896779602414;2;Pote Raso com Válvula;460 ML;1;BPA,ATX,BRA,VLV;MANT,GRAO,CAFE,ACUC;nitron.com.br/p/241.024.001
242.024.001;7896779602421;2;Pote Raso com Válvula;950 ML;1;BPA,ATX,BRA,MIC;SOBR,PET,MANT,GRAO;nitron.com.br/p/242.024.001
243.024.001;7896779602438;3;Pote Raso com Válvula;1.9 L;1;BPA,ATX,BRA,MIC,FRZ,VLV;MANT,GRAO,CAFE,ACUC,FARI,MASS;nitron.com.br/p/243.024.001
244.012.001;7896779602445;3;Pote Raso com Válvula;3.2 L;1;BPA,ATX,BRA,MIC,FRZ,VLV;MANT,GRAO,CAFE,ACUC,FARI,MASS;nitron.com.br/p/244.012.001
245.012.029;7896779602452;2;Pote Feijão Acoplado com Rosca;500 ML;1;BPA,ATX,BRA,HER;FARI,GRAO,BISC,MASS;nitron.com.br/p/245.012.029
246.024.001;7896779602469;2;Pote Alto com Válvula;868 ML;1;BPA,ATX,BRA,HER;GRAO,SOBR,MANT,CAFE;nitron.com.br/p/246.024.001
248.012.009;7896779602483;2;Pote Tomatinho Acoplado com Rosca;500 ML;1;BPA,ATX,BRA,HER;TEMP,MANT,GRAO,CAFE;nitron.com.br/p/248.012.009
249.012.020;7896779602490;2;Pote Temperos Acoplado com Rosca;500 ML;1;BPA,ATX,BRA,LAV;TEMP,MANT,GRAO,CAFE;nitron.com.br/p/249.012.020
250.024.009;7896779612505;3;Caçarola Micro-ondas com Cesto;1.5 L;1;BPA,ATX,BRA,MIC,LAV,TRP;GRAO,SOBR,FRIO,COZI;nitron.com.br/p/250.024.009
2500.012.001;7896779650156;2;Pote Raso Retangular;868 ML;1;BPA,ATX,BRA,LAV;MANT,GRAO,CAFE,ACUC;nitron.com.br/p/2500.012.001
2500.012.003;7896779625093;2;Pote Raso Retangular;868 ML;1;BPA,ATX,BRA,LAV;MANT,GRAO,CAFE,ACUC;nitron.com.br/p/2500.012.003
251.012.001;7896779625178;2;Caçarola Mini Micro-ondas;850 ML;1;BPA,ATX,BRA,MIC;SOBR,FRIO,COZI;nitron.com.br/p/251.012.001
254.006.001;7896779654109;4;Gaveteiro Modular Rattan;8.2 L;1;BRA,EMP,FCL,TRP,RCL;PET,PECA,FERR,ESCR,BRIN,DOCU,ROUP;nitron.com.br/p/254.006.001
254.006.002;7896779654123;4;Gaveteiro Modular Rattan;8.2 L;1;BRA,EMP,FCL,RCL;PET,PECA,FERR,ESCR,BRIN,DOCU,ROUP;nitron.com.br/p/254.006.002
254.006.003;7896779625413;4;Gaveteiro Modular Rattan;8.2 L;1;BRA,EMP,FCL,RCL;PET,PECA,FERR,ESCR,BRIN,DOCU,ROUP;nitron.com.br/p/254.006.003
2540.012.001;7896779602544;3;Kit Potes Rasos Retang. com 3 Peças;1.5 L;3;BPA,ATX,BRA,LAV,EMP,TRP;MANT,GRAO,CAFE,ACUC,FARI,MASS;nitron.com.br/p/2540.012.001
2540.012.003;7896779625499;3;Kit Potes Rasos Retang. com 3 Peças;1.5 L;3;BPA,ATX,BRA,LAV,EMP;MANT,GRAO,CAFE,ACUC,FARI,MASS;nitron.com.br/p/2540.012.003
255.036.016;7896779602551;2;Forma de Gelo Firenze com Tampa;;1;BPA,ATX,BRA,FRZ;COZI;nitron.com.br/p/255.036.016
256.006.M02;7896779656042;4;Caixa Juta Alongada com Tampa Teca;1.5 L;1;BRA,EMP,FCL;PET,ROUP,BRIN,DOCU,DECO;nitron.com.br/p/256.006.M02
256.006.M03;7896779656035;4;Caixa Juta Alongada com Tampa Teca;1.5 L;1;BRA,EMP,FCL;ROUP,BRIN,DOCU,DECO;nitron.com.br/p/256.006.M03
256.024.002;7896779625642;4;Cesto Alongado Juta;1.5 L;1;BRA,EMP,HIG,FCL,RCL;PET,PECA,FERR,ESCR,BRIN,DOCU,ROUP;nitron.com.br/p/256.024.002
256.024.003;7896779625611;4;Cesto Alongado Juta;1.5 L;1;BRA,EMP,FCL,RCL;PECA,FERR,ESCR,BRIN,DOCU,ROUP;nitron.com.br/p/256.024.003
256.024.086;7896779656202;4;Cesto Alongado Juta;1.5 L;1;BRA,EMP,FCL,RCL;PECA,FERR,ESCR,BRIN,DOCU,ROUP;nitron.com.br/p/256.024.086
257.006.M02;7896779657049;4;Caixa Juta Alongada com Tampa Teca;3.7 L;1;BRA,EMP,FCL;PET,ROUP,BRIN,DOCU,DECO;nitron.com.br/p/257.006.M02
257.006.M03;7896779657032;4;Caixa Juta Alongada com Tampa Teca;3.7 L;1;BRA,EMP,FCL;PET,ROUP,BRIN,DOCU,DECO;nitron.com.br/p/257.006.M03
257.012.002;7896779625741;4;Cesto Alongado Juta;3.7 L;1;BRA,EMP,FCL,RCL;PECA,FERR,ESCR,BRIN,DOCU,ROUP;nitron.com.br/p/257.012.002
257.012.003;7896779625710;4;Cesto Alongado Juta;3.7 L;1;BRA,EMP,FCL,RCL;PECA,FERR,ESCR,BRIN,DOCU,ROUP;nitron.com.br/p/257.012.003
257.012.086;7896779657209;4;Cesto Alongado Juta;3.7 L;1;BRA,EMP,FCL,RCL;PECA,FERR,ESCR,BRIN,DOCU,ROUP;nitron.com.br/p/257.012.086
2570.012.001;7896779602575;3;Pote Raso Retangular;4.6 L;1;BPA,ATX,BRA,LAV,EMP,TRP;GRAO,MASS,SOBR,MANT,CAFE,ACUC;nitron.com.br/p/2570.012.001
2570.012.003;7896779657162;3;Pote Raso Retangular;4.6 L;1;BPA,ATX,BRA,LAV,EMP;MANT,GRAO,CAFE,ACUC,FARI,MASS;nitron.com.br/p/2570.012.003
258.004.M02;7896779658046;4;Caixa Juta Alongada com Tampa Teca;7.4 L;1;BRA,EMP,FCL;ROUP,BRIN,DOCU,DECO;nitron.com.br/p/258.004.M02
258.004.M03;7896779658039;4;Caixa Juta Alongada com Tampa Teca;7.4 L;1;BRA,EMP,FCL;ROUP,BRIN,DOCU,DECO;nitron.com.br/p/258.004.M03
258.006.002;7896779625840;4;Cesto Alongado Juta;7.4 L;1;BRA,EMP,FCL,RCL;BRIN,PET,ROUP,PECA,FERR,ESCR,DOCU;nitron.com.br/p/258.006.002
258.006.003;7896779625819;4;Cesto Alongado Juta;7.4 L;1;BRA,EMP,FCL,RCL;PECA,FERR,ESCR,BRIN,DOCU,ROUP;nitron.com.br/p/258.006.003
258.006.086;7896779688623;4;Cesto Alongado Juta;7.4 L;1;BRA,EMP,FCL,RCL;PECA,FERR,ESCR,BRIN,DOCU,ROUP;nitron.com.br/p/258.006.086
2580.012.001;7896779658152;3;Pote Raso Retangular;2.9 L;1;BPA,ATX,BRA,LAV,EMP,TRP;MANT,GRAO,CAFE,ACUC,FARI,MASS;nitron.com.br/p/2580.012.001
2580.012.003;7896779625895;3;Pote Raso Retangular;2.9 L;1;BPA,ATX,BRA,LAV,EMP;MANT,GRAO,CAFE,ACUC,FARI,MASS;nitron.com.br/p/2580.012.003
259.012.002;7896779625949;4;Caixa Organizadora Baixa Rattan com Tampa;3.2 L;1;BRA,EMP,FCL,RCL;PECA,FERR,ESCR,BRIN,DOCU,ROUP;nitron.com.br/p/259.012.002
259.012.003;7896779625918;4;Caixa Organizadora Baixa Rattan com Tampa;3.2 L;1;BRA,EMP,FCL,RCL;PECA,FERR,ESCR,BRIN,DOCU,ROUP;nitron.com.br/p/259.012.003
259.012.086;7896779659197;4;Caixa Organizadora Baixa Rattan com Tampa;3.2 L;1;BPA,BRA,EMP,FCL,RCL;BRIN,ROUP,PECA,FERR,ESCR,DOCU;nitron.com.br/p/259.012.086
2590.012.001;7896779659142;3;Pote Raso Retangular;1.5 L;1;BPA,ATX,BRA,LAV,EMP,TRP;MANT,GRAO,CAFE,ACUC,FARI,MASS;nitron.com.br/p/2590.012.001
2590.012.003;7896779625994;3;Pote Raso Retangular;1.5 L;1;BPA,ATX,BRA,LAV,EMP;MANT,GRAO,CAFE,ACUC,FARI,MASS;nitron.com.br/p/2590.012.003
260.012.002;7896779626045;4;Caixa Organizadora Baixa Rattan com Tampa;4.5 L;1;BRA,EMP,FCL,RCL;PECA,FERR,ESCR,BRIN,DOCU,ROUP;nitron.com.br/p/260.012.002
260.012.003;7896779660155;4;Caixa Organizadora Baixa Rattan com Tampa;4.5 L;1;BRA,EMP,FCL,RCL;BRIN,ROUP,PECA,FERR,ESCR,DOCU;nitron.com.br/p/260.012.003
260.012.086;7896779660209;4;Caixa Organizadora Baixa Rattan com Tampa;4.5 L;1;BPA,BRA,EMP,HIG,FCL,RCL;BRIN,PET,ROUP,CONF,PECA,FERR,ESCR,DOCU;nitron.com.br/p/260.012.086
261.006.002;7896779626144;4;Caixa Organizadora Baixa Rattan com Tampa;7 L;1;BRA,EMP,FCL,RCL;ROUP,PECA,FERR,ESCR,BRIN,DOCU;nitron.com.br/p/261.006.002
261.006.003;7896779626113;4;Caixa Organizadora Baixa Rattan com Tampa;7 L;1;BRA,EMP,HIG,FCL,RCL;BRIN,ROUP,PECA,FERR,ESCR,DOCU;nitron.com.br/p/261.006.003
261.006.086;7896779618644;4;Caixa Organizadora Baixa Rattan com Tampa;7 L;1;BPA,BRA,EMP,HIG,FCL,RCL;BRIN,ROUP,CONF,PECA,FERR,ESCR,DOCU;nitron.com.br/p/261.006.086
268.006.M02;7896779668830;4;Caixa Juta Europa com Tampa Teca;5.3 L;1;BRA,EMP,HIG,FCL;PET,ROUP,BRIN,DOCU,DECO;nitron.com.br/p/268.006.M02
268.006.M03;7896779668847;4;Caixa Juta Europa com Tampa Teca;5.3 L;1;BRA,EMP,HIG,FCL;PET,ROUP,BRIN,DOCU,DECO;nitron.com.br/p/268.006.M03
268.012.002;7896779626847;4;Cesto Europa Juta;5.3 L;1;BPA,BRA,EMP,FCL,RCL;PECA,FERR,ESCR,BRIN,DOCU,ROUP;nitron.com.br/p/268.012.002
268.012.003;7896779626816;4;Cesto Europa Juta;5.3 L;1;BRA,EMP,FCL,RCL;PECA,FERR,ESCR,BRIN,DOCU,ROUP;nitron.com.br/p/268.012.003
269.004.M02;7896779669936;4;Caixa Juta Europa com Tampa Teca;10.8 L;1;BRA,EMP,HIG,FCL;PET,ROUP,BRIN,DOCU,DECO;nitron.com.br/p/269.004.M02
269.004.M03;7896779669943;4;Caixa Juta Europa com Tampa Teca;10.8 L;1;BRA,EMP,HIG,FCL;BRIN,PET,ROUP,DOCU,DECO;nitron.com.br/p/269.004.M03
269.012.002;7896779626946;4;Cesto Europa Juta;10.8 L;1;BRA,EMP,FCL,RCL;PECA,FERR,ESCR,BRIN,DOCU,ROUP;nitron.com.br/p/269.012.002
269.012.003;7896779626915;4;Cesto Europa Juta;10.8 L;1;BRA,EMP,FCL,RCL;PET,PECA,FERR,ESCR,BRIN,DOCU,ROUP;nitron.com.br/p/269.012.003
270.002.M02;7896779670086;4;Caixa Juta Europa com Tampa Teca;18.7 L;1;BRA,EMP,FCL;BRIN,PET,ROUP,DOCU,DECO;nitron.com.br/p/270.002.M02
270.002.M03;7896779627059;4;Caixa Juta Europa com Tampa Teca;18.7 L;1;BRA,EMP,HIG,FCL;BRIN,ROUP,DOCU,DECO;nitron.com.br/p/270.002.M03
270.006.002;7896779627042;4;Cesto Europa Juta;18.7 L;1;BPA,BRA,EMP,FCL,RCL;PECA,FERR,ESCR,BRIN,DOCU,ROUP;nitron.com.br/p/270.006.002
270.006.003;7896779627011;4;Cesto Europa Juta;18.7 L;1;BRA,EMP,FCL,RCL;BRIN,PET,ROUP,PECA,FERR,ESCR,DOCU;nitron.com.br/p/270.006.003
277.012.002;7896779627745;4;Cesto Juta com Alça;5.6 L;1;BRA,EMP,FCL,RCL;PET,PECA,FERR,ESCR,BRIN,DOCU,ROUP;nitron.com.br/p/277.012.002
277.012.003;7896779677146;4;Cesto Juta com Alça;5.6 L;1;BRA,EMP,FCL,RCL;PET,ROUP,PECA,FERR,ESCR,BRIN,DOCU;nitron.com.br/p/277.012.003
279.012.024;7896779679126;2;Pote Alho Acoplado com Rosca;500 ML;1;BPA,ATX,BRA,MIC;TEMP,SOBR,MANT,GRAO;nitron.com.br/p/279.012.024
281.036.999;7896779681129;1;Concha para Cereais;150 ML;1;BPA,ATX,BRA;MANT,GRAO,CAFE;nitron.com.br/p/281.036.999
283.004.002;7896779628339;3;Lixeira Juta com Pedal;12 L;1;BRA,PED,HIG,FCL,RCL;PET,LIXO,COZI,BANH;nitron.com.br/p/283.004.002
283.004.003;7896779683116;3;Lixeira Juta com Pedal;12 L;1;BRA,HER,PED,HIG,FCL,RCL;LIXO,COZI,BANH;nitron.com.br/p/283.004.003
283.004.086;7896779683215;3;Lixeira Juta com Pedal;12 L;1;BRA,HER,PED,HIG,FCL,RCL;LIXO,COZI,BANH;nitron.com.br/p/283.004.086
284.012.002;7896779628445;3;Cesto Transporta Tudo;;1;ATX,BRA,FCL,RCL;LIMP,ROUP,BANH;nitron.com.br/p/284.012.002
284.012.003;7896779628414;3;Cesto Transporta Tudo;;1;ATX,BRA,FCL,RCL;LIMP,ROUP,BANH;nitron.com.br/p/284.012.003
293.006.002;7896779693122;3;Kit Potes Acoplados com 5 Peças;;5;BPA,ATX,BRA,HER,LAV,EMP;ACUC,CAFE,GRAO,MANT,FARI,MASS;nitron.com.br/p/293.006.002
293.006.003;7896779629329;3;Kit Potes Acoplados com 5 Peças;;5;BPA,ATX,BRA,HER,LAV,EMP;ACUC,CAFE,GRAO,PET,MANT,FARI;nitron.com.br/p/293.006.003
300.012.001;7896779630011;2;Pote Raso Retangular;460 ML;1;BPA,ATX,BRA,LAV;MANT,GRAO,CAFE,ACUC;nitron.com.br/p/300.012.001
300.012.003;7896779630097;2;Pote Raso Retangular;460 ML;1;BPA,ATX,BRA,LAV;MANT,GRAO,CAFE,ACUC;nitron.com.br/p/300.012.003
301.012.001;7896779601158;2;Pote Raso Retangular;950 ML;1;BPA,ATX,BRA,LAV;MANT,GRAO,CAFE,ACUC;nitron.com.br/p/301.012.001
301.012.003;7896779630196;2;Pote Raso Retangular;950 ML;1;BPA,ATX,BRA,LAV;MANT,GRAO,CAFE,ACUC;nitron.com.br/p/301.012.003
302.012.001;7896779630219;3;Pote Raso Retangular;1.9 L;1;BPA,ATX,BRA,LAV,EMP,TRP;MANT,GRAO,CAFE,ACUC,FARI,MASS;nitron.com.br/p/302.012.001
302.012.003;7896779630295;3;Pote Raso Retangular;1.9 L;1;BPA,ATX,BRA,LAV,EMP;MANT,GRAO,CAFE,ACUC,FARI,MASS;nitron.com.br/p/302.012.003
303.012.001;7896779603152;3;Pote Raso Retangular;3.2 L;1;BPA,ATX,BRA,LAV,EMP,TRP;MANT,GRAO,CAFE,ACUC,FARI,MASS;nitron.com.br/p/303.012.001
303.012.003;7896779630370;3;Pote Raso Retangular;3.2 L;1;BPA,ATX,BRA,LAV,EMP;MANT,GRAO,CAFE,ACUC,FARI,MASS;nitron.com.br/p/303.012.003
305.006.520;7896779605156;2;Travessa Oval Canelada com Tampa;650 ML;1;BPA,ATX,BRA,LAV;COZI,MANT,TEMP;nitron.com.br/p/305.006.520
306.006.520;7896779630615;3;Travessa Oval Canelada com Tampa;1.2 L;1;BPA,ATX,BRA,LAV;COZI,MANT,TEMP;nitron.com.br/p/306.006.520
307.006.520;7896779630714;3;Travessa Oval Canelada com Tampa;2.5 L;1;BPA,ATX,BRA,LAV;COZI,MANT,TEMP;nitron.com.br/p/307.006.520
308.006.520;7896779630813;4;Organiza e Guarda com 3 Divisórias;;1;BRA,EMP,FCL,RCL;PECA,FERR,ESCR,BRIN,DOCU,ROUP;nitron.com.br/p/308.006.520
311.012.001;7896779600090;2;Mamita e Pote 2 em 1;780 ML;1;BPA,ATX,BRA,LAV;MANT,GRAO,CAFE,ACUC;nitron.com.br/p/311.012.001
311.012.002;7896779618194;2;Mamita e Pote 2 em 1;780 ML;1;BPA,ATX,BRA,LAV;MANT,GRAO,CAFE,ACUC;nitron.com.br/p/311.012.002
311.012.515;7896779611157;2;Mamita & Pote 2 em 1;780 ML;1;BPA,ATX,BRA,LAV;MANT,GRAO,CAFE,ACUC;nitron.com.br/p/311.012.515
311.012.517;7896779631131;2;Mamita & Pote 2 em 1;780 ML;1;BPA,ATX,BRA,LAV;MANT,GRAO,CAFE,ACUC;nitron.com.br/p/311.012.517
313.006.560;7896779613038;4;Organizador de Cosméticos com 2 Gavetas;;1;BRA,EMP,FCL,RCL;PECA,FERR,ESCR,BRIN,DOCU,ROUP;nitron.com.br/p/313.006.560
313.006.561;7896779613076;4;Organizador de Cosméticos com 2 Gavetas;;1;BRA,EMP,FCL,RCL;PET,MAQU,PECA,FERR,ESCR,BRIN,DOCU,ROUP;nitron.com.br/p/313.006.561
313.006.562;7896779613052;4;Organizador de Cosméticos com 2 Gavetas;;1;BRA,EMP,FCL,RCL;PECA,FERR,ESCR,BRIN,DOCU,ROUP;nitron.com.br/p/313.006.562
314.006.560;7896779614011;4;Organizador de Cosméticos com 1 Gaveta;;1;BRA,EMP,FCL,RCL;PECA,FERR,ESCR,BRIN,DOCU,ROUP;nitron.com.br/p/314.006.560
314.006.561;7896779614066;4;Organizador de Cosméticos com 1 Gaveta;;1;BRA,EMP,FCL,RCL;PECA,FERR,ESCR,BRIN,DOCU,ROUP;nitron.com.br/p/314.006.561
314.006.562;7896779614028;4;Organizador de Cosméticos com 1 Gaveta;;1;BRA,EMP,FCL,RCL;PECA,FERR,ESCR,BRIN,DOCU,ROUP;nitron.com.br/p/314.006.562
317.006.P01;7896779631742;2;Kit POP com 5 Marmitas Fits;500 ML;5;BPA,ATX,BRA,LAV;SOBR,MANT,GRAO,CAFE;nitron.com.br/p/317.006.P01
317.012.001;7896779617029;2;Marmita Fit;500 ML;1;BPA,ATX,BRA,LAV;SOBR,MANT,GRAO,CAFE;nitron.com.br/p/317.012.001
317.012.003;7896779631711;2;Marmita Fit;500 ML;1;BPA,ATX,BRA,LAV;SOBR,MANT,GRAO,CAFE;nitron.com.br/p/317.012.003
319.006.P01;7896779631964;1;Kit POP c/ 6 Potes Quadrados;250 ML;6;BPA,ATX,BRA;MANT,GRAO,CAFE;nitron.com.br/p/319.006.P01
319.012.001;7896779619047;1;Pote Modular;250 ML;1;BPA,ATX,BRA;MANT,GRAO,CAFE;nitron.com.br/p/319.012.001
319.012.003;7896779631926;1;Pote Modular;250 ML;1;BPA,ATX,BRA;MANT,GRAO,CAFE;nitron.com.br/p/319.012.003
320.012.001;7896779620029;2;Pote Modular;450 ML;1;BPA,ATX,BRA,LAV;MANT,GRAO,CAFE,ACUC;nitron.com.br/p/320.012.001
320.012.003;7896779632022;2;Pote Modular;450 ML;1;BPA,ATX,BRA,LAV;MANT,GRAO,CAFE,ACUC;nitron.com.br/p/320.012.003
321.012.001;7896779621040;2;Pote Modular;800 ML;1;BPA,ATX,BRA,LAV;MANT,GRAO,CAFE,ACUC;nitron.com.br/p/321.012.001
321.012.003;7896779632176;2;Pote Modular;800 ML;1;BPA,ATX,BRA,LAV;MANT,GRAO,CAFE,ACUC;nitron.com.br/p/321.012.003
322.006.001;7896779622054;3;Pote Modular;1.2 L;1;BPA,ATX,BRA,FRZ,LAV,EMP;MANT,GRAO,CAFE,ACUC,FARI,MASS;nitron.com.br/p/322.006.001
322.006.003;7896779632268;3;Pote Modular;1.2 L;1;BPA,ATX,BRA,LAV,EMP;MANT,GRAO,CAFE,ACUC,FARI,MASS;nitron.com.br/p/322.006.003
323.006.001;7896779623044;3;Pote Modular;2.4 L;1;BPA,ATX,BRA,LAV,EMP,TRP;MANT,GRAO,CAFE,ACUC,FARI,MASS;nitron.com.br/p/323.006.001
323.006.003;7896779632329;3;Pote Modular;2.4 L;1;BPA,ATX,BRA,LAV,EMP;MANT,GRAO,CAFE,ACUC,FARI,MASS;nitron.com.br/p/323.006.003
348.012.576;7896779634811;2;Porta Presunto com Tela;460 ML;1;BPA,ATX,BRA,LAV;COZI,MANT,TEMP;nitron.com.br/p/348.012.576
349.012.575;7896779634910;2;Porta Queijo com Tela;460 ML;1;BPA,ATX,BRA,LAV;COZI,MANT,TEMP;nitron.com.br/p/349.012.575
350.012.577;7896779635016;2;Porta Frios com Tela;460 ML;1;BPA,ATX,BRA,LAV;COZI,MANT,TEMP;nitron.com.br/p/350.012.577
351.012.001;7896779635115;1;Kit Potes Modulares c/ 3 Pçs;250 ML;3;BPA,ATX,BRA;TEMP,MANT,GRAO;nitron.com.br/p/351.012.001
351.012.003;7896779635177;1;Kit Potes Modulares c/ 3 Pçs;250 ML;3;BPA,ATX,BRA;MANT,GRAO,CAFE;nitron.com.br/p/351.012.003
352.012.001;7896779635214;2;Kit Potes Modulares com 3 Peças;450 ML;3;BPA,ATX,BRA,LAV;MANT,GRAO,CAFE,ACUC;nitron.com.br/p/352.012.001
352.012.003;7896779635252;2;Kit Potes Modulares com 3 Peças;450 ML;3;BPA,ATX,BRA,LAV;MANT,GRAO,CAFE,ACUC;nitron.com.br/p/352.012.003
353.006.001;7896779635313;2;Kit Potes Modulares com 6 Peças;800 ML;6;BPA,ATX,BRA,HER;FARI,GRAO,BISC,MANT;nitron.com.br/p/353.006.001
353.006.003;7896779635344;2;Kit Potes Modulares com 6 Peças;800 ML;6;BPA,ATX,BRA,LAV;MANT,GRAO,CAFE,ACUC;nitron.com.br/p/353.006.003
359.012.003;7896779623815;3;Pote Arroz Acoplado com Rosca;2 L;1;BPA,ATX,BRA,MIC,FRZ,HER;GRAO,MANT,CAFE,ACUC,FARI,MASS;nitron.com.br/p/359.012.003
360.012.003;7896779623822;3;Pote Feijão Acoplado com Rosca;2 L;1;BPA,ATX,BRA,MIC,FRZ,HER;GRAO,MANT,CAFE,ACUC,FARI,MASS;nitron.com.br/p/360.012.003
361.012.003;7896779638123;3;Pote Farinha Acoplado com Rosca;2 L;1;BPA,ATX,BRA,MIC,FRZ,HER;FARI,MANT,GRAO,CAFE,ACUC,MASS;nitron.com.br/p/361.012.003
362.012.003;7896779622382;3;Pote Açúcar Acoplado com Rosca;2 L;1;BPA,ATX,BRA,MIC,FRZ,HER;ACUC,MANT,GRAO,CAFE,FARI,MASS;nitron.com.br/p/362.012.003
363.012.003;7896779632381;3;Pote Café Acoplado com Rosca;2 L;1;BPA,ATX,BRA,LAV,EMP,HIG;CAFE,MANT,GRAO,ACUC,FARI,MASS;nitron.com.br/p/363.012.003
369.006.001;7896779636945;2;Kit Porta Frios com 3 Peças;460 ML;3;BPA,ATX,BRA,LAV;COZI,MANT,TEMP;nitron.com.br/p/369.006.001
3760.012.001;7896779603763;3;Pote Quadrado com Travas;3.7 L;1;BPA,ATX,BRA,HER,LAV,EMP;MANT,GRAO,CAFE,ACUC,FARI,MASS;nitron.com.br/p/3760.012.001
3760.012.003;7896779637645;3;Pote Quadrado com Travas;3.7 L;1;BPA,ATX,BRA,HER,LAV,EMP;MANT,GRAO,CAFE,ACUC,FARI,MASS;nitron.com.br/p/3760.012.003
3770.012.001;7896779677153;3;Pote Quadrado com Travas;1.8 L;1;BPA,ATX,BRA,HER,LAV,EMP;MANT,GRAO,CAFE,ACUC,FARI,MASS;nitron.com.br/p/3770.012.001
3770.012.003;7896779637744;3;Pote Quadrado com Travas;1.8 L;1;BPA,ATX,BRA,HER,LAV,EMP;MANT,GRAO,CAFE,ACUC,FARI,MASS;nitron.com.br/p/3770.012.003
3780.012.001;7896779678143;2;Pote Quadrado com Travas;860 ML;1;BPA,ATX,BRA,HER;MANT,GRAO,CAFE,ACUC;nitron.com.br/p/3780.012.001
3780.012.003;7896779678167;2;Pote Quadrado com Travas;860 ML;1;BPA,ATX,BRA,HER;MANT,GRAO,CAFE,ACUC;nitron.com.br/p/3780.012.003
3790.006.862;7896779679027;1;Kit Pote Quad. Coloratto c/ 3 Pçs;360 ML;3;BPA,ATX,BRA;SOBR,MANT,FRIO;nitron.com.br/p/3790.006.862
3790.006.P01;7896779679041;1;Kit POP 6 Potes Quadrados;360 ML;6;BPA,ATX,BRA;MANT,GRAO,CAFE;nitron.com.br/p/3790.006.P01
3790.012.001;7896779679140;1;Pote Quadrado com Travas;360 ML;1;BPA,ATX,BRA;MANT,GRAO,CAFE;nitron.com.br/p/3790.012.001
3790.012.003;7896779637973;1;Pote Quadrado com Travas;360 ML;1;BPA,ATX,BRA;MANT,GRAO,CAFE;nitron.com.br/p/3790.012.003
380.024.001;7896779680191;4;Organizador Mini Modular;150 ML;1;BRA,EMP,FCL,TRP,RCL;PECA,FERR,ESCR,BRIN,DOCU,ROUP;nitron.com.br/p/380.024.001
380.024.002;7896779638062;4;Organizador Mini Modular;150 ML;1;BRA,EMP,FCL,RCL;PECA,FERR,ESCR,BRIN,DOCU,ROUP;nitron.com.br/p/380.024.002
380.024.003;7896779638055;4;Organizador Mini Modular;150 ML;1;BRA,EMP,FCL,RCL;PECA,FERR,ESCR,BRIN,DOCU,ROUP;nitron.com.br/p/380.024.003
381.012.001;7896779681181;4;Organizador Longo Modular;850 ML;1;BRA,EMP,FCL,TRP,RCL;PET,PECA,FERR,ESCR,BRIN,DOCU,ROUP;nitron.com.br/p/381.012.001
381.012.002;7896779638130;4;Organizador Longo Modular;850 ML;1;BRA,EMP,FCL,RCL;PET,PECA,FERR,ESCR,BRIN,DOCU,ROUP;nitron.com.br/p/381.012.002
381.012.003;7896779638161;4;Organizador Longo Modular;850 ML;1;BRA,EMP,FCL,RCL;PET,PECA,FERR,ESCR,BRIN,DOCU,ROUP;nitron.com.br/p/381.012.003
382.012.001;7896779682218;4;Organizador Quadrado Modular;900 ML;1;BRA,EMP,FCL,TRP,RCL;PECA,FERR,ESCR,BRIN,DOCU,ROUP;nitron.com.br/p/382.012.001
382.012.002;7896779638222;4;Organizador Quadrado Modular;900 ML;1;BRA,EMP,FCL,RCL;PECA,FERR,ESCR,BRIN,DOCU,ROUP;nitron.com.br/p/382.012.002
382.012.003;7896779638239;4;Organizador Quadrado Modular;900 ML;1;BRA,EMP,FCL,RCL;PECA,FERR,ESCR,BRIN,DOCU,ROUP;nitron.com.br/p/382.012.003
3820.016.644;7896779603824;3;Kit Pote Café e Açúcar;1.6 L;1;BPA,ATX,BRA,LAV,EMP;ACUC,CAFE,PET,MANT,GRAO,FARI;nitron.com.br/p/3820.016.644
383.012.001;7896779683321;4;Organizador Retangular Modular;1.45 ML;1;BRA,EMP,FCL,TRP,RCL;PET,PECA,FERR,ESCR,BRIN,DOCU,ROUP;nitron.com.br/p/383.012.001
383.012.002;7896779638314;4;Organizador Retangular Modular;1.45 ML;1;BRA,EMP,FCL,RCL;PET,PECA,FERR,ESCR,BRIN,DOCU,ROUP;nitron.com.br/p/383.012.002
383.012.003;7896779638321;4;Organizador Retangular Modular;1.45 ML;1;BRA,EMP,FCL,RCL;PET,PECA,FERR,ESCR,BRIN,DOCU,ROUP;nitron.com.br/p/383.012.003
384.012.001;7896779684427;4;Organizador Pequeno Modular;400 ML;1;BRA,EMP,FCL,TRP,RCL;PECA,FERR,ESCR,BRIN,DOCU,ROUP;nitron.com.br/p/384.012.001
384.012.002;7896779638420;4;Organizador Pequeno Modular;400 ML;1;BRA,EMP,FCL,RCL;PECA,FERR,ESCR,BRIN,DOCU,ROUP;nitron.com.br/p/384.012.002
384.012.003;7896779638437;4;Organizador Pequeno Modular;400 ML;1;BRA,EMP,FCL,RCL;PECA,FERR,ESCR,BRIN,DOCU,ROUP;nitron.com.br/p/384.012.003
3840.016.002;7896779684212;2;Kit Mantimentos com 3 Peças;785 ML;3;BPA,ATX,BRA,LAV;MANT,GRAO,CAFE,ACUC;nitron.com.br/p/3840.016.002
3840.016.003;7896779603848;2;Kit Mantimentos com 3 Peças;785 ML;3;BPA,ATX,BRA,LAV;MANT,GRAO,CAFE,ACUC;nitron.com.br/p/3840.016.003
385.006.M00;7896779638512;4;Tábua de Corte Teca - M;;1;BRA,EMP,FCL;COZI;nitron.com.br/p/385.006.M00
387.006.M00;7896779638710;4;Tábua de Corte Teca - G;;1;BRA,EMP,FCL;COZI;nitron.com.br/p/387.006.M00
390.012.M00;7896779639021;4;Tábua com Cabo Teca - P;;1;BRA,EMP,FCL;COZI;nitron.com.br/p/390.012.M00
391.006.M00;7896779639137;4;Tábua com Cabo Teca - M;;1;BRA,EMP,FCL;COZI;nitron.com.br/p/391.006.M00
392.006.M00;7896779639212;4;Tábua com Cabo Teca - G;;1;BRA,EMP,FCL;COZI;nitron.com.br/p/392.006.M00
396.006.002;7896779639618;3;Lixeira Flat com Pedal;7 L;1;BRA,PED,HIG,FCL,RCL;PET,LIXO,COZI,BANH;nitron.com.br/p/396.006.002
396.006.003;7896779639625;3;Lixeira Flat com Pedal;7 L;1;BRA,PED,HIG,FCL,RCL;PET,LIXO,COZI,BANH;nitron.com.br/p/396.006.003
396.006.086;7896779696215;3;Lixeira Flat com Pedal;7 L;1;BRA,PED,HIG,FCL,RCL;LIXO,COZI,BANH;nitron.com.br/p/396.006.086
397.004.002;7896779639755;3;Lixeira Flat com Pedal;14 L;1;BRA,PED,HIG,FCL,RCL;LIXO,COZI,BANH;nitron.com.br/p/397.004.002
397.004.003;7896779639724;3;Lixeira Flat com Pedal;14 L;1;BRA,PED,HIG,FCL,RCL;LIXO,COZI,BANH;nitron.com.br/p/397.004.003
397.004.086;7896779697212;3;Lixeira Flat com Pedal;14 L;1;BRA,PED,HIG,FCL,RCL;LIXO,COZI,BANH;nitron.com.br/p/397.004.086
398.004.002;7896779639816;3;Lixeira Flat com Clique;12 L;1;BRA,HIG,FCL,RCL;LIXO,COZI,BANH;nitron.com.br/p/398.004.002
398.004.003;7896779639823;3;Lixeira Flat com Clique;12 L;1;BRA,PED,HIG,FCL,RCL;PET,LIXO,COZI,BANH;nitron.com.br/p/398.004.003
398.004.086;7896779698219;3;Lixeira Flat com Clique;12 L;1;BRA,HER,HIG,FCL,RCL;LIXO,COZI,BANH;nitron.com.br/p/398.004.086
399.012.007;7896779639922;1;Porta Leite em Pó;280 ML;1;BPA,ATX,BRA;MANT,BEBI,BRIN;nitron.com.br/p/399.012.007
399.012.008;7896779639939;1;Porta Leite em Pó;280 ML;1;BPA,ATX,BRA;MANT,BEBI,BRIN;nitron.com.br/p/399.012.008
400.024.002;7896779640010;1;Abridor de Tampas Apertadas;;1;ATX,BRA,LAV;COZI;nitron.com.br/p/400.024.002
4010.012.003;7896779640102;2;Açucareiro com Tampa;836 ML;1;BPA,ATX,BRA,LAV;ACUC,TEMP,COZI,MANT;nitron.com.br/p/4010.012.003
403.024.002;7896779640324;1;Kit Biscoito Facil;240 ML;1;ATX,BRA,LAV;CONF;nitron.com.br/p/403.024.002
4030.012.003;7896779640119;2;Porta Farofa com Tampa;836 ML;1;BPA,ATX,BRA,LAV;TEMP,COZI,MANT;nitron.com.br/p/4030.012.003
4040.012.003;7896779640140;2;Saleiro com Tampa;836 ML;1;BPA,ATX,BRA,LAV;TEMP,COZI,MANT;nitron.com.br/p/4040.012.003
408.012.002;7896779640836;3;Kit Churros Fácil;;1;ATX,BRA,LAV,FCL;CONF;nitron.com.br/p/408.012.002
419.024.002;7896779641918;1;Cortador de Batatas;;1;ATX,BRA,LAV;COZI;nitron.com.br/p/419.024.002
421.024.002;7896779642120;1;Cortador e Ralador de Legumes;;1;BPA,ATX,BRA;COZI;nitron.com.br/p/421.024.002
422.024.002;7896779642229;1;Kit Decorador de Bolo c/ 7 Pçs;;7;ATX,BRA,LAV;CONF;nitron.com.br/p/422.024.002
423.024.002;7896779642311;1;Conj. Bico Russo Confeit. c/ 5 Pçs;;5;ATX,BRA,LAV;CONF;nitron.com.br/p/423.024.002
427.024.002;7896779642731;3;Escorredor quadrado;;1;BPA,ATX,BRA,LAV;COZI;nitron.com.br/p/427.024.002
427.024.003;7896779642762;3;Escorredor quadrado;;1;BPA,ATX,BRA,LAV;COZI;nitron.com.br/p/427.024.003
429.024.002;7896779642915;1;Escorredor Meia Lua;;1;BPA,ATX,BRA;COZI;nitron.com.br/p/429.024.002
429.024.003;7896779642922;1;Escorredor Meia Lua;;1;BPA,ATX,BRA;COZI;nitron.com.br/p/429.024.003
434.024.002;7896779643424;1;kit Donuts;;1;ATX,BRA,LAV;CONF;nitron.com.br/p/434.024.002
435.012.002;7896779643523;2;Hamburgueira;;1;ATX,BRA,LAV,FCL;COZI;nitron.com.br/p/435.012.002
438.006.M00;7896779643813;4;Tábua de Corte Teca Extra G;;1;BRA,EMP,FCL;COZI;nitron.com.br/p/438.006.M00
443.006.M00;7896779644315;4;Tábua de Corte Teca G com Alça de Metal;;1;BRA,EMP,FCL;COZI;nitron.com.br/p/443.006.M00
444.012.001;7896779644438;4;Organizador para Gavetas;;1;BRA,EMP,FCL,RCL;PECA,FERR,ESCR,BRIN,DOCU,ROUP;nitron.com.br/p/444.012.001
445.012.001;7896779644520;4;Organizador de Cosméticos e Bijouterias;;1;BRA,EMP,FCL,RCL;ROUP,PECA,FERR,ESCR,BRIN,DOCU;nitron.com.br/p/445.012.001
446.012.001;7896779644629;4;Organizador de Pincéis e Acessórios;;1;BRA,EMP,FCL,RCL;PECA,FERR,ESCR,BRIN,DOCU,ROUP;nitron.com.br/p/446.012.001
449.006.002;7896779644919;3;Lixeira Juta com Pedal;6 L;1;BRA,HER,PED,HIG,FCL,RCL;LIXO,COZI,BANH;nitron.com.br/p/449.006.002
449.006.003;7896779644926;3;Lixeira Juta com Pedal;6 L;1;BRA,PED,HIG,FCL,RCL;PET,LIXO,COZI,BANH;nitron.com.br/p/449.006.003
449.006.086;7896779649204;3;Lixeira Juta com Pedal;6 L;1;BRA,HER,PED,HIG,FCL,RCL;LIXO,COZI,BANH;nitron.com.br/p/449.006.086
450.012.002;7896779645015;3;Lixeira Juta com Clique;4.5 L;1;BRA,HIG,FCL,RCL;LIXO,COZI,BANH;nitron.com.br/p/450.012.002
450.012.003;7896779645022;3;Lixeira Juta com Clique;4.5 L;1;BRA,HIG,FCL,RCL;LIXO,COZI,BANH;nitron.com.br/p/450.012.003
450.012.086;7896779608645;3;Lixeira Juta com Clique;4.5 L;1;BRA,HIG,FCL,RCL;PET,LIXO,COZI,BANH;nitron.com.br/p/450.012.086
453.012.002;7896779645336;3;Lixeira Rattan com Clique;4.5 L;1;BRA,HIG,FCL,RCL;PET,LIXO,COZI,BANH;nitron.com.br/p/453.012.002
453.012.003;7896779645343;3;Lixeira Rattan com Clique;4.5 L;1;BRA,HIG,FCL,RCL;PET,LIXO,COZI,BANH;nitron.com.br/p/453.012.003
453.012.086;7896779653201;3;Lixeira Rattan com Clique;4.5 L;1;BRA,HIG,FCL,RCL;LIXO,COZI,BANH;nitron.com.br/p/453.012.086
458.024.002;7896779645831;3;Porta Leite de Saquinho;;1;BPA,ATX,BRA,LAV;COZI,MANT,TEMP;nitron.com.br/p/458.024.002
458.024.003;7896779645824;3;Porta Leite de Saquinho;;1;BPA,ATX,BRA,LAV,HIG;COZI,MANT,TEMP;nitron.com.br/p/458.024.003
501.012.001;7896779650170;4;Caixa Organizadora Flat com Tampa;2.3 L;1;BRA,EMP,FCL,TRP,RCL;PECA,FERR,ESCR,BRIN,DOCU,ROUP;nitron.com.br/p/501.012.001
501.012.002;7896779650132;4;Caixa Organizadora Flat com Tampa;2.3 L;1;BRA,EMP,FCL,RCL;PECA,FERR,ESCR,BRIN,DOCU,ROUP;nitron.com.br/p/501.012.002
501.012.003;7896779650163;4;Caixa Organizadora Flat com Tampa;2.3 L;1;BRA,EMP,FCL,RCL;ROUP,PECA,FERR,ESCR,BRIN,DOCU;nitron.com.br/p/501.012.003
501.012.086;7896779686216;4;Caixa Organizadora Flat com Tampa;2.3 L;1;BRA,EMP,FCL,RCL;PECA,FERR,ESCR,BRIN,DOCU,ROUP;nitron.com.br/p/501.012.086
502.012.001;7896779650231;4;Caixa Organizadora Flat com Tampa;3.7 L;1;BRA,EMP,FCL,TRP,RCL;PET,PECA,FERR,ESCR,BRIN,DOCU,ROUP;nitron.com.br/p/502.012.001
502.012.002;7896779650224;4;Caixa Organizadora Flat com Tampa;3.7 L;1;BRA,EMP,FCL,RCL;PET,PECA,FERR,ESCR,BRIN,DOCU,ROUP;nitron.com.br/p/502.012.002
502.012.003;7896779650217;4;Caixa Organizadora Flat com Tampa;3.7 L;1;BRA,EMP,FCL,RCL;PECA,FERR,ESCR,BRIN,DOCU,ROUP;nitron.com.br/p/502.012.003
502.012.086;7896779628629;4;Caixa Organizadora Flat com Tampa;3.7 L;1;BRA,EMP,FCL,RCL;PET,ROUP,PECA,FERR,ESCR,BRIN,DOCU;nitron.com.br/p/502.012.086
503.006.001;7896779650330;4;Caixa Organizadora Flat com Tampa;10.3 L;1;BPA,BRA,EMP,FCL,TRP,RCL;PECA,FERR,ESCR,BRIN,DOCU,ROUP;nitron.com.br/p/503.006.001
503.006.002;7896779650316;4;Caixa Organizadora Flat com Tampa;10.3 L;1;BRA,EMP,FCL,RCL;PET,PECA,FERR,ESCR,BRIN,DOCU,ROUP;nitron.com.br/p/503.006.002
503.006.003;7896779650323;4;Caixa Organizadora Flat com Tampa;10.3 L;1;BPA,BRA,EMP,FCL,RCL;PECA,FERR,ESCR,BRIN,DOCU,ROUP;nitron.com.br/p/503.006.003
503.006.086;7896779686193;4;Caixa Organizadora Flat com Tampa;10.3 L;1;BPA,BRA,MIC,EMP,FCL,RCL;FERR,BRIN,PET,LIMP,ROUP,PECA,ESCR,DOCU;nitron.com.br/p/503.006.086
507.004.M03;7896779650729;4;Tabua de Corte Teca com Gaveta de servir;2 L;1;BRA,EMP,HIG,FCL;COZI;nitron.com.br/p/507.004.M03
545.012.002;7896779654512;2;Porta Detergente e Esponja Flat;;1;BPA,ATX,BRA,LAV;PET,LIMP,COZI,MANT;nitron.com.br/p/545.012.002
545.012.003;7896779654529;2;Porta Detergente e Esponja Flat;;1;BPA,ATX,BRA,LAV;PET,LIMP,COZI,MANT;nitron.com.br/p/545.012.003
545.012.086;7896779654543;2;Porta Detergente e Esponja Flat;;1;BPA,ATX,BRA,LAV;PET,LIMP,COZI,MANT;nitron.com.br/p/545.012.086
546.012.002;7896779654611;2;Porta Escovas Flat;;1;BPA,BRA,HIG,FCL;BANH,HIGI;nitron.com.br/p/546.012.002
546.012.003;7896779654628;2;Porta Escovas Flat;;1;BRA,HIG,FCL,RCL;BANH,HIGI;nitron.com.br/p/546.012.003
546.012.086;7896779646166;2;Porta Escova Flat;;1;BRA,LAV,HIG,FCL;PET,LIMP,HIGI,BANH;nitron.com.br/p/546.012.086
547.012.002;7896779654710;2;Porta Algodão e Cotonete Flat;;1;BPA,BRA,HIG,FCL;PET,BANH,HIGI,COSM;nitron.com.br/p/547.012.002
547.012.003;7896779654727;2;Porta Algodão e Cotonete Flat;;1;BRA,LAV,HIG,FCL;PET,LIMP,HIGI,BANH;nitron.com.br/p/547.012.003
547.012.086;7896779647194;2;Porta Algodão e Cotonete Flat;;1;BRA,HIG,FCL,RCL;PET,BANH,HIGI,COSM;nitron.com.br/p/547.012.086
548.024.002;7896779654819;1;Saboneteira com Tela Flat;;1;BRA,HIG,FCL;BANH,HIGI;nitron.com.br/p/548.024.002
548.024.003;7896779654826;1;Saboneteira com Tela Flat;;1;BRA,HIG,FCL;BANH,HIGI;nitron.com.br/p/548.024.003
548.024.086;7896779648160;1;Saboneteira com Tela Flat;;1;BPA,BRA,HIG;BANH,HIGI;nitron.com.br/p/548.024.086
549.024.998;7896779654994;2;Copo Sem Tampa;;1;BPA,ATX,BRA,LAV;BEBI;nitron.com.br/p/549.024.998
549.024.999;7896779649167;2;Copo Com Tampa;;1;BPA,ATX,BRA,LAV;BEBI;nitron.com.br/p/549.024.999
550.036.998;7896779650040;2;Caneca Sem Tampa;;1;BPA,ATX,BRA,LAV;BEBI;nitron.com.br/p/550.036.998
550.036.999;7896779655090;2;Caneca Com Tampa;;1;BPA,ATX,BRA,LAV;BEBI;nitron.com.br/p/550.036.999
552.002.M02;7896779652228;4;Cesto de Roupas Empilhável com Tampa Teca;43.8 L;1;BRA,EMP,FCL,REC,RCL;ROUP;nitron.com.br/p/552.002.M02
552.002.M03;7896779652242;4;Cesto de Roupas Empilhável com Tampa Teca;43.8 L;1;BRA,EMP,FCL,RCL;ROUP;nitron.com.br/p/552.002.M03
552.004.002;7896779655236;3;Cesto de Roupas Empilhável;43.8 L;1;ATX,BRA,EMP,HIG,FCL,RCL;ROUP;nitron.com.br/p/552.004.002
552.004.003;7896779655243;3;Cesto de Roupas Empilhável;43.8 L;1;ATX,BRA,EMP,HIG,FCL,REC;ROUP;nitron.com.br/p/552.004.003
553.012.002;7896779655311;2;Porta Sabão Líquido Flat;500 ML;1;BPA,ATX,BRA,LAV;PET,LIMP,HIGI,COZI;nitron.com.br/p/553.012.002
553.012.003;7896779655328;2;Porta Sabão Líquido Flat;500 ML;1;BPA,ATX,BRA,LAV;BRIN,PET,LIMP,ROUP;nitron.com.br/p/553.012.003
553.012.086;7896779655342;2;Porta Sabão Líquido Flat;500 ML;1;BPA,ATX,BRA,LAV;PET,LIMP,COZI,MANT;nitron.com.br/p/553.012.086
554.006.P01;7896779655472;1;Kit POP com 6 Potes;330 ML;6;BPA,ATX,BRA;MANT,GRAO,CAFE;nitron.com.br/p/554.006.P01
554.012.001;7896779655410;1;Pote com Tampa Fixa;330 ML;1;BPA,ATX,BRA;MANT,GRAO,CAFE;nitron.com.br/p/554.012.001
554.012.003;7896779655441;1;Pote com Tampa Fixa;330 ML;1;BPA,ATX,BRA;MANT,GRAO,CAFE;nitron.com.br/p/554.012.003
555.006.P01;7896779655540;2;Kit POP com 6 Potes;600 ML;6;BPA,ATX,BRA,LAV;MANT,GRAO,CAFE,ACUC;nitron.com.br/p/555.006.P01
555.012.001;7896779655519;2;Pote com Tampa Fixa;600 ML;1;BPA,ATX,BRA,HER;MANT,GRAO,CAFE,ACUC;nitron.com.br/p/555.012.001
555.012.003;7896779655595;2;Pote com Tampa Fixa;600 ML;1;BPA,ATX,BRA,LAV;MANT,GRAO,CAFE,ACUC;nitron.com.br/p/555.012.003
556.012.001;7896779655618;2;Pote com Tampa Fixa;1 L;1;BPA,ATX,BRA,HER;PET,MANT,GRAO,CAFE;nitron.com.br/p/556.012.001
556.012.003;7896779655694;2;Pote com Tampa Fixa;1 L;1;BPA,ATX,BRA,LAV;MANT,GRAO,CAFE,ACUC;nitron.com.br/p/556.012.003
562.004.M00;7896779656226;4;Tábua de Pizza com Cabo Teca;;1;BRA,EMP,FCL;COZI;nitron.com.br/p/562.004.M00
563.004.M00;7896779656318;4;Tábua de Pizza Brotinho com Cabo Teca;;1;BRA,EMP,FCL;COZI;nitron.com.br/p/563.004.M00
6120.006.P01;7896779620098;2;Kit POP com 6 Potes;500 ML;6;BPA,ATX,BRA,LAV;MANT,GRAO,CAFE,ACUC;nitron.com.br/p/6120.006.P01
6120.050.001;7896779606122;2;Pote Raso Retangular com 2 Peças;500 ML;2;BPA,ATX,BRA,LAV;CAFE,PET,MANT,GRAO;nitron.com.br/p/6120.050.001
6130.030.001;7896779606139;2;Pote Raso Retangular com 3 Peças;500 ML;3;BPA,ATX,BRA,LAV;MANT,GRAO,CAFE,ACUC;nitron.com.br/p/6130.030.001
625.002.M00;7896779662517;4;Tabua Multiuso Madeira Teca Grande Gourmet;;1;BRA,LAV,EMP,FCL;COZI;nitron.com.br/p/625.002.M00
680.004.M00;7896779668038;4;Boleira Teca Com Acrílico;;1;BRA,EMP,FCL;CONF,ROUP,BRIN,DOCU,DECO;nitron.com.br/p/680.004.M00
681.004.M00;7896779668137;4;Queijeira Teca Com Acrílico;;1;BRA,EMP,HIG,FCL;PET,ROUP,BRIN,DOCU,DECO;nitron.com.br/p/681.004.M00
682.004.M00;7896779668229;4;Petisqueira Teca com 3 Molheiras;;3;BRA,EMP,FCL;TEMP,PET,ROUP,BRIN,DOCU,DECO;nitron.com.br/p/682.004.M00
683.004.M00;7896779668311;4;Petisqueira Teca com 2 Molheiras;;2;BRA,EMP,FCL;TEMP,PET,ROUP,BRIN,DOCU,DECO;nitron.com.br/p/683.004.M00
684.004.M00;7896779668410;4;Tábua de Servir Teca Com Cabo e 2 Molheiras;;1;BRA,EMP,HIG,FCL;COZI;nitron.com.br/p/684.004.M00
685.004.M00;7896779668519;4;Tábua de Servir Teca Com 1 Molheira;;1;BRA,EMP,HIG,FCL;COZI;nitron.com.br/p/685.004.M00
686.004.M00;7896779668687;4;Tábua de Servir Teca com 3 Molheiras;;3;BRA,EMP,FCL;COZI;nitron.com.br/p/686.004.M00
689.004.M00;7896779668915;4;Tábua Servir Teca Com Cabo e 1 Molheira;;1;BRA,EMP,FCL;COZI;nitron.com.br/p/689.004.M00
695.002.M00;7896779669516;4;Tabua Multiuso Madeira Teca Quadrada Gourmet;;1;BRA,EMP,FCL;COZI;nitron.com.br/p/695.002.M00
700.006.001;7896779670017;3;Organizador de Geladeira Rattan;7 L;1;BPA,ATX,BRA,FRZ,LAV,EMP;PET,FRIO,SOBR,MANT;nitron.com.br/p/700.006.001
701.006.001;7896779670116;3;Organizador de Geladeira Rattan;4.5 L;1;BPA,ATX,BRA,FRZ,LAV,EMP;FRIO,SOBR,MANT;nitron.com.br/p/701.006.001
702.006.001;7896779670215;3;Organizador de Geladeira Rattan;3.2 L;1;BPA,ATX,BRA,FRZ,LAV,EMP;FRIO,SOBR,MANT;nitron.com.br/p/702.006.001
703.006.001;7896779670314;3;Organizador de Geladeira Rattan;4 L;1;BPA,ATX,BRA,FRZ,LAV,EMP;FRIO,SOBR,MANT;nitron.com.br/p/703.006.001
704.006.001;7896779670420;3;Organizador de Geladeira Rattan;2 L;1;BPA,ATX,BRA,FRZ,LAV,EMP;PET,LIMP,FRIO,SOBR,MANT;nitron.com.br/p/704.006.001
705.006.001;7896779670512;3;Organizador de Geladeira Juta;3.7 L;1;BPA,ATX,BRA,FRZ,LAV,EMP;TEMP,FRIO,SOBR,MANT;nitron.com.br/p/705.006.001
706.006.001;7896779670611;3;Organizador de Geladeira Juta;1.5 L;1;BPA,ATX,BRA,FRZ,LAV,EMP;PET,LIMP,FRIO,SOBR,MANT;nitron.com.br/p/706.006.001
712.012.001;7896779628643;3;Organizador de Geladeira Flat;2.35 L;1;BPA,ATX,BRA,FRZ,LAV,EMP;PET,FRIO,SOBR,MANT;nitron.com.br/p/712.012.001
713.012.001;7896779671311;3;Organizador de Geladeira Flat;3.75 L;1;BPA,ATX,BRA,FRZ,LAV,EMP;BRIN,PET,FRIO,SOBR,MANT;nitron.com.br/p/713.012.001
817.012.001;7896779681785;3;Pote Alto com Válvula;1.5 L;1;BPA,ATX,BRA,MIC,FRZ,HER;MANT,GRAO,CAFE,ACUC,FARI,MASS;nitron.com.br/p/817.012.001
818.012.001;7896779689194;3;Pote Alto com Válvula;2.9 L;1;BPA,ATX,BRA,MIC,FRZ,HER;MANT,GRAO,CAFE,ACUC,FARI,MASS;nitron.com.br/p/818.012.001
819.012.001;7896779681983;3;Pote Alto com Válvula;4.6 L;1;BPA,ATX,BRA,MIC,FRZ,HER;MANT,GRAO,CAFE,ACUC,FARI,MASS;nitron.com.br/p/819.012.001
820.006.002;7896779682010;3;Escorredor de Pratos Flat;;1;BPA,ATX,BRA,LAV;COZI;nitron.com.br/p/820.006.002
820.006.003;7896779682027;3;Escorredor de Pratos Flat;;1;BPA,ATX,BRA,LAV;COZI;nitron.com.br/p/820.006.003
820.006.086;7896779682034;3;Escorredor de Pratos Flat;;1;BPA,ATX,BRA,LAV;COZI;nitron.com.br/p/820.006.086
821.004.001;7896779682119;1;Kit Pote Tampa Fixa c/ 3 Pçs;330 ML;3;BPA,ATX,BRA;SOBR,PET,MANT;nitron.com.br/p/821.004.001
821.004.003;7896779682195;1;Kit Pote Tampa Fixa c/ 3 Pçs;330 ML;3;BPA,ATX,BRA;MANT,GRAO,CAFE;nitron.com.br/p/821.004.003
822.006.002;IAGO;2;Escorredor de Talheres Flat;;1;BPA,ATX,BRA,LAV;COZI;nitron.com.br/p/822.006.002
822.006.003;7896779682232;2;Escorredor de Talheres Flat;;1;BPA,ATX,BRA,LAV;COZI;nitron.com.br/p/822.006.003
822.006.086;7896779682249;2;Escorredor de Talheres Flat;;1;BPA,ATX,BRA,LAV;COZI;nitron.com.br/p/822.006.086
850.004.N03;7896779685028;4;Arara de Roupas Nitron-Mob;;1;BRA,FCL,RCL;ROUP;nitron.com.br/p/850.004.N03
851.004.N03;7896779685110;4;Organizador Multiuso P;;1;BRA,HIG,FCL,RCL;BRIN,CALC,DECO,ROUP,DOCU;nitron.com.br/p/851.004.N03
852.004.N03;7896779685226;4;Organizador Multiuso G;;1;BRA,HIG,FCL,RCL;BRIN,CALC,JARD,DECO,ROUP,DOCU;nitron.com.br/p/852.004.N03
853.004.N03;7896779685325;4;Kit Suporte Decorativo;;1;BRA,FCL,RCL;DECO;nitron.com.br/p/853.004.N03
855.004.N03;7896779685523;4;Prateleira Multiuso G 2P;;1;BRA,FCL,RCL;DECO;nitron.com.br/p/855.004.N03
856.004.N03;7896779685622;4;Prateleira Multiuso G 3P;;1;BRA,FCL,RCL;DECO;nitron.com.br/p/856.004.N03
857.004.N03;7896779685721;4;Prateleira Multiuso G 4P;;1;BRA,FCL,RCL;DECO;nitron.com.br/p/857.004.N03
858.004.N03;7896779685820;4;Prateleira Multiuso M 2P;;1;BRA,FCL,RCL;DECO;nitron.com.br/p/858.004.N03
859.004.N03;7896779685929;4;Prateleira Multiuso M 3P;;1;BRA,FCL,RCL;DECO;nitron.com.br/p/859.004.N03
860.004.N03;7896779686025;4;Prateleira Multiuso M 4P;;1;BRA,FCL,RCL;DECO;nitron.com.br/p/860.004.N03
861.004.N03;7896779686162;4;Prateleira Multiuso P 2P;;1;BRA,FCL,RCL;DECO;nitron.com.br/p/861.004.N03
862.004.N03;7896779686278;4;Prateleira Multiuso P 3P;;1;BRA,FCL,RCL;DECO;nitron.com.br/p/862.004.N03
863.004.N03;7896779686322;4;Prateleira Multiuso P 4P;;1;BRA,FCL,RCL;DECO;nitron.com.br/p/863.004.N03
920.004.002;7896779692071;2;Kit Detergente Flat com 2 Peças;500 ML;2;BPA,ATX,BRA,LAV;LIMP,COZI,MANT,TEMP;nitron.com.br/p/920.004.002
920.004.003;7896779608652;2;Kit Detergente Flat com 2 Peças;500 ML;2;BPA,ATX,BRA,LAV;LIMP,COZI,MANT,TEMP;nitron.com.br/p/920.004.003
920.004.086;7896779608669;2;Kit Detergente Flat com 2 Peças;500 ML;2;BPA,ATX,BRA,LAV;LIMP,COZI,MANT,TEMP;nitron.com.br/p/920.004.086
