referencia;achou;codprod;descrprod;ativo;codgrupoprod;nomegrupo;largura;altura;espessura;usomarcaprop;veredito_artefato;obs_artefato
002.036.002;S;38;TABUA POPULAR - BRANCA (018/B);S;1000100;Linha Cozinha;20.70;0.40;31.80;S;ok;
003.006.002;S;282;GAVETEIRO COM 3 GAVETAS - BRANCA (004/3B);S;1000600;Linha Organização;18.00;17.30;21.00;S;ok;
003.006.003;S;283;GAVETEIRO COM 3 GAVETAS - PRETA (004/3P);S;1000600;Linha Organização;18.00;17.30;21.00;S;ok;
003.006.012;S;6541;GAVETEIRO COM 3 GAVETAS - ROSA;S;1000600;Linha Organização;18.00;17.30;21.00;S;ok;
004.006.002;S;285;GAVETEIRO COM 4 GAVETAS - BRANCA (004/4B);S;1000600;Linha Organização;18.00;22.50;21.00;S;ok;
004.006.003;S;286;GAVETEIRO COM 4 GAVETAS - PRETA (004/4P);S;1000600;Linha Organização;18.00;22.50;21.00;S;ok;
004.006.012;S;6542;GAVETEIRO COM 4 GAVETAS - ROSA;S;1000600;Linha Organização;18.00;22.50;21.00;S;ok;
006.030.998;S;14063;COPO BABY COM TAMPA - CACHORRO/PANDA 250ML;S;1000900;Linha Infantil;7.00;10.80;7.00;S;ok;
006.030.999;S;471;COPO BABY COM TAMPA - SORTIDO 250 ML (006);S;1000900;Linha Infantil;7.00;10.80;7.00;S;ok;
008.012.002;S;6543;PORTA SABAO EM PO COM DOSADOR - BRANCO 2 KG;S;1000300;Linha Limpeza;10.50;25.00;20.70;S;ok;
008.012.003;S;6544;PORTA SABAO EM PO COM DOSADOR - PRETO 2 KG;S;1000300;Linha Limpeza;10.50;25.00;20.70;S;ok;
010.001.003;S;13998;CAIXA EXPOSITORA COM 40 KITS COM 10 CABIDES - PRETO;S;1000600;Linha Organização;0.70;20.00;39.50;S;ok;
010.010.003;S;13999;CABIDE COM 10 PECAS - PRETO;S;1000600;Linha Organização;0.70;20.00;39.50;S;ok;
010.012.001;S;7186;CABIDE COM 3 PECAS - TRANSPARENTE;S;1000600;Linha Organização;0.70;20.00;39.50;S;ok;
011.036.001;S;226;ORGANIZA TUDO COM 7 DIVISORIAS (011);S;1000600;Linha Organização;9.50;3.20;13.50;S;ok;
012.012.016;S;6697;PORTA SABAO EM PO 600 G;S;1000300;Linha Limpeza;7.90;15.70;12.90;S;ok;
013.050.003;S;8245;SUPORTE PARA BOTIJAO - PRETO;S;1000600;Linha Organização;29.00;6.00;29.00;S;ok;
013.050.004;S;228;SUPORTE PARA BOTIJAO - AREIA (013);S;1000600;Linha Organização;29.00;6.00;29.00;S;ok;
015.012.002;S;6547;RALADOR PRATIC COM POTE - BRANCO 420ML;S;1000100;Linha Cozinha;11.50;5.40;21.00;S;ok;
015.012.003;S;6548;RALADOR PRATIC COM POTE - PRETO 420ML;S;1000100;Linha Cozinha;11.50;5.40;21.00;S;ok;
016.012.002;S;3296;ESCORREDOR DE TALHERES MAX - BRANCO (016/B);S;1000100;Linha Cozinha;11.50;13.50;24.00;S;ok;
016.012.003;S;3297;ESCORREDOR DE TALHERES MAX - PRETO (016/P);S;1000100;Linha Cozinha;24.00;13.50;11.60;S;ok;
016.012.086;S;11822;ESCORREDOR DE TALHERES MAX - CHUMBO;S;1000100;Linha Cozinha;24.00;13.50;11.60;S;ok;
017.024.999;S;229;PA DE LIXO INOVA (017);S;1000300;Linha Limpeza;22.50;10.20;32.20;S;ok;
018.030.002;S;3;TABUA MULTIUSO GRANDE (018);S;1000100;Linha Cozinha;20.50;0.40;35.60;S;ok;
019.024.001;S;230;ORGANIZA TUDO COM 10 DIVISORIAS (019);S;1000600;Linha Organização;11.80;4.10;20.50;S;ok;
020.024.001;S;178;FORMA DE PUDIM PARA MICRO-ONDAS 1,9L (020);S;1000400;Linha Micro-ondas;23.50;7.00;26.00;S;ok;
023.030.002;S;4;RALADOR COM 4 FACES (023);S;1000100;Linha Cozinha;12.50;19.20;10.40;S;ok;
024.012.002;S;6553;CESTINHO PARA PRENDEDOR FLORAL - BRANCO;S;1000300;Linha Limpeza;14.40;13.50;26.80;S;ok;
024.012.003;S;6554;CESTINHO PARA PRENDEDOR FLORAL - PRETO;S;1000300;Linha Limpeza;14.40;13.50;26.80;S;ok;
027.012.001;S;163;PORTA PAO ARMAZENA E CONSERVA - 2,7L (027);S;1000200;Linha Potes;14.00;13.50;34.50;S;ok;
028.012.002;S;5896;ESCORREDOR DE ARROZ TRADICIONAL - BRANCO;S;1000100;Linha Cozinha;22.00;16.00;28.00;S;ok;
028.012.003;S;5897;ESCORREDOR DE ARROZ TRADICIONAL - PRETO;S;1000100;Linha Cozinha;22.00;16.00;28.00;S;ok;
030.012.001;S;4084;POTE MONTEREY COM 3 DIVISORIAS - TRANSPARENTE 1,1L (0307.012.001);S;1000200;Linha Potes;21.20;5.50;21.20;S;ok;
030.012.003;S;13976;POTE MONTEREY COM 3 DIVISORIAS - PRETO 1,1L;S;1000200;Linha Potes;21.20;5.50;21.20;S;ok;
032.012.002;S;9608;JARRA COM TAMPA - BRANCO 2L;S;1001100;Linha Jarras;14.50;19.90;20.80;S;ok;
032.012.547;S;4262;JARRA COM TAMPA - VERMELHO 2L;S;1001100;Linha Jarras;14.50;19.90;20.80;S;ok;
033.012.002;S;9609;JARRA COM ESPREMEDOR - BRANCO 2L;S;1001100;Linha Jarras;14.50;21.80;20.80;S;ok;
033.012.547;S;4230;JARRA COM ESPREMEDOR - VERMELHO 2L;S;1001100;Linha Jarras;14.50;21.80;20.80;S;ok;
034.012.001;S;4087;POTE MONACO COM 3 DIVISORIAS - TRANSPARENTE 1L;S;1000200;Linha Potes;19.00;5.00;24.50;S;ok;
034.012.003;S;14007;POTE MONACO COM 3 DIVISORIAS - PRETO 1L;S;1000200;Linha Potes;19.00;5.00;24.50;S;ok;
039.012.002;S;6260;ESCORREDOR BASICO COM CABO - BRANCO;S;1000100;Linha Cozinha;23.00;9.00;38.50;S;ok;
039.012.003;S;6261;ESCORREDOR BASICO COM CABO - PRETO;S;1000100;Linha Cozinha;23.00;9.00;38.50;S;ok;
041.012.002;S;290;ORGANIZADOR MULTIUSO RATTAN COM 3 DIVISÓRIAS - BRANCO (041/B);S;1000600;Linha Organização;11.00;17.80;16.00;S;ok;
041.012.003;S;293;ORGANIZADOR MULTIUSO RATTAN COM 3 DIVISORIAS - PRETO (041/P);S;1000600;Linha Organização;11.00;17.80;16.00;S;ok;
041.012.086;S;11825;ORGANIZADOR MULTIUSO RATTAN COM 3 DIVISORIAS - CHUMBO;S;1000600;Linha Organização;11.00;17.80;16.00;S;ok;
043.012.002;S;296;FRASQUEIRA MEDICAMENTOS - BRANCA 1,4L (043/M);S;1001600;Linha Frasqueiras;15.70;10.00;19.10;S;ok;
043.012.009;S;6572;FRASQUEIRA MEDICAMENTOS - VERMELHA 1,4L;S;1001600;Linha Frasqueiras;15.70;10.00;19.10;S;ok;
044.012.005;S;201;PORTA FILTRO PARA CAFÉ (044);S;1000100;Linha Cozinha;12.00;15.00;16.00;S;ok;
045.012.001;S;1602;FORMA DE PUDIM PARA MICRO-ONDAS COM TAMPA 1,9L (045);S;1000400;Linha Micro-ondas;23.70;10.00;26.20;S;ok;
046.012.002;S;6324;PORTA OLEO ITALIA - BRANCO;S;1000100;Linha Cozinha;8.80;16.20;12.00;S;ok;
046.012.003;S;6325;PORTA OLEO ITALIA - PRETO;S;1000100;Linha Cozinha;8.80;16.20;12.00;S;ok;
047.012.002;S;298;CESTO ORGANIZADOR VIME - BRANCO 7L (047/B);S;1000600;Linha Organização;21.00;17.00;29.40;S;ok;
047.012.003;S;302;CESTO ORGANIZADOR VIME - PRETO 7L (047/P);S;1000600;Linha Organização;21.00;17.00;29.40;S;ok;
050.012.001;S;4106;POTE PREMIER COM 4 DIVISORIAS - TRANSPARENTE 1,1L;S;1000200;Linha Potes;22.50;5.00;22.50;S;ok;
050.012.003;S;13977;POTE PREMIER COM 4 DIVISORIAS - PRETO 1,1L;S;1000200;Linha Potes;22.50;5.00;22.50;S;ok;
051.012.002;S;3300;PORTA DETERGENTE 3 EM 1 - BRANCO (051/B);S;1000100;Linha Cozinha;10.20;6.50;28.00;S;ok;
051.012.003;S;3301;PORTA DETERGENTE 3 EM 1 - PRETO (051/P);S;1000100;Linha Cozinha;28.00;6.50;12.00;S;ok;
051.012.086;S;11827;PORTA DETERGENTE 3 EM 1 - CHUMBO;S;1000100;Linha Cozinha;28.00;6.50;12.00;S;ok;
052.006.002;S;427;LIXEIRA RATTAN COM PEDAL - BRANCA 6L (052/B);S;1000700;Linha Lixeiras;21.00;26.00;24.20;S;ok;
052.006.003;S;431;LIXEIRA RATTAN COM PEDAL - PRETA 6L (052/P);S;1000700;Linha Lixeiras;20.80;26.00;23.50;S;ok;
052.006.086;S;11828;LIXEIRA RATTAN COM PEDAL - CHUMBO 6L;S;1000700;Linha Lixeiras;20.80;26.00;23.50;S;ok;
053.004.002;S;3108;PRATELEIRA MULTI USO COM 4 ANDARES - BRANCA (053/B);S;1000600;Linha Organização;30.00;70.50;39.50;S;ok;
053.004.003;S;434;PRATELEIRA MULTI USO COM 4 ANDARES - PRETA (053/P);S;1000600;Linha Organização;30.00;70.50;39.50;S;ok;
054.004.001;S;237;CESTO DE ROUPAS 47L (054);S;1000300;Linha Limpeza;34.00;50.00;47.50;S;ok;
054.004.003;S;11346;CESTO DE ROUPAS 47 LT COM ALCA;S;1000300;Linha Limpeza;34.50;50.00;23.00;S;ok;
055.012.002;S;6257;ESCORREDOR MULTI USO - BRANCO;S;1000100;Linha Cozinha;21.50;19.00;26.00;S;ok;
055.012.003;S;6256;ESCORREDOR MULTI USO - PRETO;S;1000100;Linha Cozinha;21.50;19.00;26.00;S;ok;
056.012.002;S;6262;ESCORREDOR LUXO COM CABO - BRANCO;S;1000100;Linha Cozinha;25.00;11.50;38.50;S;ok;
056.012.003;S;6263;ESCORREDOR LUXO COM CABO - PRETO;S;1000100;Linha Cozinha;25.00;11.50;38.50;S;ok;
059.012.002;S;3303;ESCORREDOR DE PRATOS - BRANCO (059/B);S;1000100;Linha Cozinha;30.50;9.50;42.20;S;ok;
059.012.003;S;3304;ESCORREDOR DE PRATOS - PRETO (059/P);S;1000100;Linha Cozinha;42.20;9.20;11.80;S;ok;
059.012.086;S;11829;ESCORREDOR DE PRATOS - CHUMBO;S;1000100;Linha Cozinha;42.20;9.20;11.80;S;ok;
060.012.002;S;6574;PORTA TALHERES PARIS COM 4 DIVISORIAS E TAMPA - BRANCO;S;1000100;Linha Cozinha;21.00;5.00;32.50;S;ok;
060.012.003;S;6575;PORTA TALHERES PARIS COM 4 DIVISORIAS E TAMPA - PRETO;S;1000100;Linha Cozinha;21.00;5.00;32.50;S;ok;
062.012.002;S;307;CAIXA ORGANIZADORA RATTAN COM TAMPA - BRANCA 4L (062/B);S;1000600;Linha Organização;20.00;10.50;25.50;S;ok;
062.012.003;S;311;CAIXA ORGANIZADORA RATTAN COM TAMPA - PRETA 4L (062/P);S;1000600;Linha Organização;20.00;10.70;25.50;S;ok;
062.012.086;S;11831;CAIXA ORGANIZADORA RATTAN COM TAMPA - CHUMBO 4L;S;1000600;Linha Organização;20.00;10.70;25.50;S;ok;
064.012.002;S;9610;JARRA COM TUBO PARA GELO - BRANCO 2L;S;1001100;Linha Jarras;14.50;19.90;20.80;S;ok;
064.012.547;S;4266;JARRA COM TUBO PARA GELO - VERMELHO 2L;S;1001100;Linha Jarras;14.50;19.90;20.80;S;ok;
065.012.002;S;319;CAIXA ORGANIZADORA RATTAN COM TAMPA - BRANCA 2L (065/B);S;1000600;Linha Organização;15.50;9.30;20.50;S;ok;
065.012.003;S;323;CAIXA ORGANIZADORA RATTAN COM TAMPA - PRETA 2L (065/P);S;1000600;Linha Organização;15.40;9.00;20.50;S;ok;
065.012.086;S;11853;CAIXA ORGANIZADORA RATTAN COM TAMPA - CHUMBO 2L;S;1000600;Linha Organização;15.40;9.00;20.50;S;ok;
067.012.002;S;6269;SALEIRO - TRANSPARENTE E BRANCO;S;1000100;Linha Cozinha;11.00;12.00;16.00;S;ok;
067.012.003;S;6271;SALEIRO - TRANSPARENTE E PRETO;S;1000100;Linha Cozinha;11.00;12.00;16.00;S;ok;
068.012.002;S;331;CAIXA ORGANIZADORA RATTAN COM TAMPA - BRANCA 8L (068/B);S;1000600;Linha Organização;22.50;14.80;32.30;S;ok;
068.012.003;S;335;CAIXA ORGANIZADORA RATTAN COM TAMPA - PRETA 8L (068/P);S;1000600;Linha Organização;22.50;14.80;32.30;S;ok;
068.012.086;S;11854;CAIXA ORGANIZADORA RATTAN COM TAMPA - CHUMBO 8L;S;1000600;Linha Organização;22.50;14.80;32.30;S;ok;
069.006.002;S;343;CAIXA ORGANIZADORA RATTAN COM TAMPA - BRANCA 16L (069/B);S;1000600;Linha Organização;28.00;19.00;38.50;S;ok;
069.006.003;S;347;CAIXA ORGANIZADORA RATTAN COM TAMPA - PRETA 16L (069/P);S;1000600;Linha Organização;28.00;19.00;38.50;S;ok;
069.006.086;S;11855;CAIXA ORGANIZADORA RATTAN COM TAMPA - CHUMBO 16L;S;1000600;Linha Organização;28.00;19.00;38.50;S;ok;
070.006.002;S;5898;ESCORREDOR LUXO - BRANCO;S;1000100;Linha Cozinha;27.80;14.50;34.80;S;ok;
070.006.003;S;5899;ESCORREDOR LUXO - PRETO;S;1000100;Linha Cozinha;27.80;14.50;34.80;S;ok;
075.024.001;S;498;SANDUICHEIRA PRATIC - 600ML (075);S;1000100;Linha Cozinha;12.50;7.00;13.90;S;ok;
076.024.001;S;6577;SABONETEIRA COM TAMPA - TRANSPARENTE;S;1000800;Linha Banheiro;7.80;4.20;10.80;S;ok;
076.024.066;S;6578;SABONETEIRA COM TAMPA - FUME;S;1000800;Linha Banheiro;7.80;4.20;10.80;S;ok;
077.012.002;S;5900;ESCORREDOR IDEAL - BRANCO;S;1000100;Linha Cozinha;24.00;10.00;26.70;S;ok;
077.012.003;S;5901;ESCORREDOR IDEAL - PRETO;S;1000100;Linha Cozinha;24.00;10.00;26.70;S;ok;
078.036.001;S;203;FORMA DE GELO FIRENZE (078);S;1000100;Linha Cozinha;10.70;3.80;28.30;S;ok;
079.012.002;S;3306;PORTA SHAMPOO E PRATELEIRA MADRI - BRANCO (079/B);S;1000800;Linha Banheiro;9.20;39.60;17.00;S;ok;
079.012.003;S;3307;PORTA SHAMPOO E PRATELEIRA MADRI - PRETO (079/P);S;1000800;Linha Banheiro;9.20;39.60;17.00;S;ok;
081.012.002;S;6272;PORTA PAPEL TOALHA - BRANCO;S;1000100;Linha Cozinha;14.80;26.30;19.50;S;ok;
081.012.003;S;6273;PORTA PAPEL TOALHA - PRETO;S;1000100;Linha Cozinha;14.80;26.30;19.50;S;ok;
088.012.002;S;9611;JARRA ESTRELA COM TAMPA - BRANCO 1,6L;S;1001100;Linha Jarras;13.00;17.40;18.00;S;ok;
088.012.547;S;4269;JARRA ESTRELA COM TAMPA - VERMELHO 1,6L;S;1001100;Linha Jarras;13.00;17.40;18.00;S;ok;
090.012.002;S;6658;SALEIRO RUBI - TRANSPARENTE E BRANCO 1 KG;S;1000100;Linha Cozinha;11.00;13.20;17.50;S;ok;
090.012.003;S;6659;SALEIRO RUBI - TRANSPARENTE E PRETO 1 KG;S;1000100;Linha Cozinha;11.00;13.20;17.50;S;ok;
091.012.002;S;3308;LIXEIRA VERONA - BRANCA 4L (091/B);S;1000700;Linha Lixeiras;19.60;20.70;23.50;S;ok;
091.012.003;S;6660;LIXEIRA VERONA - PRETA 4L;S;1000700;Linha Lixeiras;19.60;20.70;23.50;S;ok;
092.012.002;S;6580;SABONETEIRA DE PAREDE COM VENTOSA - BRANCO;S;1000800;Linha Banheiro;9.50;7.50;13.60;S;ok;
092.012.003;S;6581;SABONETEIRA DE PAREDE COM VENTOSA - PRETO;S;1000800;Linha Banheiro;9.50;7.50;13.60;S;ok;
093.012.002;S;3311;CESTINHO VERSATIL - BRANCO 4,2L (093/B);S;1000600;Linha Organização;20.00;10.50;28.50;S;ok;
093.012.003;S;3312;CESTINHO VERSATIL - PRETO 4,2L (093/P);S;1000600;Linha Organização;20.00;10.50;28.50;S;ok;
094.012.002;S;6582;ACUCAREIRO DOCURA - BRANCO;S;1000100;Linha Cozinha;9.00;9.40;12.50;S;ok;
094.012.003;S;6583;ACUCAREIRO DOCURA - PRETO;S;1000100;Linha Cozinha;9.00;9.40;12.50;S;ok;
095.012.002;S;3355;CANTONEIRA PARA BANHEIRO PREMIUM - BRANCO (095/B);S;1000800;Linha Banheiro;14.30;38.60;21.50;S;ok;
095.012.003;S;3314;CANTONEIRA PARA BANHEIRO PREMIUM- PRETO (095/P);S;1000800;Linha Banheiro;14.30;38.60;21.50;S;ok;
096.012.002;S;52;ESCORREDOR DE PRATOS RATTAN - BRANCO (096/B);S;1000100;Linha Cozinha;22.20;9.80;33.70;S;ok;
096.012.003;S;55;ESCORREDOR DE PRATOS RATTAN - PRETO (096/P);S;1000100;Linha Cozinha;22.20;9.80;33.70;S;ok;
096.012.086;S;11860;ESCORREDOR DE PRATOS RATTAN - CHUMBO;S;1000100;Linha Cozinha;33.50;9.80;21.80;S;ok;
097.012.001;S;243;NITRONBOX 10L (097);S;1000600;Linha Organização;29.30;13.60;41.00;S;ok;
098.012.999;S;14016;BALDE LIMPEX - SORTIDO 8L;S;1000300;Linha Limpeza;28.30;24.30;31.20;S;ok;
100.006.002;S;3316;LIXEIRA COM PEDAL - BRANCA 7L (100/B);S;1000700;Linha Lixeiras;23.00;27.20;28.00;S;ok;
100.006.003;S;6747;LIXEIRA COM PEDAL - PRETA 7L;S;1000700;Linha Lixeiras;23.00;27.20;28.00;S;ok;
103.024.003;S;6585;MARMIBOX COM DIVISORIA PARA TALHERES - PRETO 780ML;S;1000200;Linha Potes;12.50;6.00;20.50;S;ok;
105.024.003;S;6711;MARMITA BOM APETITE COM BANDEIJA E VALVULA - PRETO 800ML;S;1000200;Linha Potes;12.70;7.00;17.00;S;ok;
106.012.001;S;245;ORGANIZA TUDO COM 16 DIVISORIAS (106);S;1000600;Linha Organização;19.50;4.80;30.00;S;ok;
109.012.001;S;247;NITRONBOX 6L (109);S;1000600;Linha Organização;22.80;13.00;37.00;S;ok;
110.006.001;S;248;NITRONBOX 20L (110);S;1000600;Linha Organização;29.30;25.60;41.00;S;ok;
111.012.002;S;9612;ESPREMEDOR PORTATIL FIT - BRANCO 510ML;S;1001100;Linha Jarras;9.50;16.70;10.30;S;ok;
111.012.549;S;4271;ESPREMEDOR PORTATIL FIT - VERMELHO 510ML;S;1001100;Linha Jarras;9.50;16.70;10.30;S;ok;
112.012.002;S;9613;COPO MEDIDOR COM TAMPA - BRANCO 500ML;S;1001100;Linha Jarras;8.50;16.00;9.30;S;ok;
112.012.547;S;4273;COPO MEDIDOR COM TAMPA - VERMELHO 500ML;S;1000100;Linha Cozinha;8.50;16.00;9.30;S;ok;
113.012.002;S;6276;TANQUINHO PORTA SABAO EM BARRA - BRANCO;S;1000300;Linha Limpeza;12.90;12.20;13.20;S;ok;
113.012.003;S;6277;TANQUINHO PORTA SABAO EM BARRA - PRETO;S;1000300;Linha Limpeza;12.90;12.20;13.20;S;ok;
114.012.002;S;9614;JARRINHA COM ESPREMEDOR - BRANCO 500ML;S;1001100;Linha Jarras;13.20;11.00;16.00;S;ok;
114.012.547;S;4275;JARRINHA COM ESPREMEDOR - VERMELHO 500ML;S;1001100;Linha Jarras;13.20;11.00;16.00;S;ok;
116.012.002;S;3318;PORTA DETERGENTE COM TELINHA - BRANCO (116/B);S;1000100;Linha Cozinha;10.50;6.50;23.00;S;ok;
116.012.003;S;3319;PORTA DETERGENTE COM TELINHA - PRETO (116/P);S;1000100;Linha Cozinha;10.50;6.50;23.00;S;ok;
116.012.086;S;11861;PORTA DETERGENTE COM TELINHA - CHUMBO;S;1000100;Linha Cozinha;10.50;6.50;23.00;S;ok;
117.012.002;S;22;TABUA EXTRA GRANDE - BRANCA (117);S;1000100;Linha Cozinha;24.50;0.50;39.00;S;ok;
120.006.001;S;14104;FRASQUEIRA COM BANDEJA - ROSA 2,8L;S;1001600;Linha Frasqueiras;16.30;12.80;24.20;S;ok;
120.006.012;S;7099;FRASQUEIRA COM BANDEJA - ROSA 2,8L;S;1001600;Linha Frasqueiras;16.30;12.80;24.20;S;ok;
121.012.002;S;6278;ESCORREDOR DE ARROZ CARIBE - BRANCO;S;1000100;Linha Cozinha;16.50;14.70;25.40;S;ok;
121.012.003;S;6279;ESCORREDOR DE ARROZ CARIBE - PRETO;S;1000100;Linha Cozinha;16.50;14.70;25.40;S;ok;
122.012.002;S;6594;PORTA ESCOVAS COM TAMPA - BRANCO;S;1000800;Linha Banheiro;8.90;20.20;11.50;S;ok;
122.012.003;S;7160;PORTA ESCOVAS COM TAMPA - PRETO;S;1000800;Linha Banheiro;8.90;20.20;11.50;S;ok;
122.012.066;S;6596;PORTA ESCOVAS COM TAMPA - FUME;S;1000800;Linha Banheiro;8.90;20.20;11.50;S;ok;
123.012.027;S;7069;CAIXA DE FERRAMENTAS NITRONFORT - AMARELA 2,2L;S;1001600;Linha Frasqueiras;14.00;9.80;29.00;S;ok;
123.012.028;S;7070;CAIXA DE FERRAMENTAS NITRONFORT - LARANJA 2,2L;S;1001600;Linha Frasqueiras;14.00;9.80;29.00;S;ok;
123.012.045;S;6714;CAIXA DE FERRAMENTAS NITRONFORT - AZUL 2,2L;S;1001600;Linha Frasqueiras;14.00;9.80;29.00;S;ok;
124.012.003;S;6715;KIT MARMITA COM TALHERES - PRETO 780ML;S;1000200;Linha Potes;12.50;6.00;20.50;S;ok;
125.012.001;S;253;NITRONBOX 4,3L (125);S;1000600;Linha Organização;17.80;14.50;29.00;S;ok;
126.006.001;S;14009;FRASQUEIRA COM BANDEJA - ROSA 6,2L;S;1001600;Linha Frasqueiras;19.80;18.80;28.00;S;ok;
126.006.619;S;6395;FRASQUEIRA COM BANDEJA - ROSA 6,2L;S;1001600;Linha Frasqueiras;19.80;18.80;28.00;S;ok;
128.012.002;S;6597;CESTINHO PARA PRENDEDOR - BRANCO;S;1000300;Linha Limpeza;18.80;11.00;24.00;S;ok;
128.012.003;S;6598;CESTINHO PARA PRENDEDOR - PRETO;S;1000300;Linha Limpeza;18.80;11.00;24.00;S;ok;
129.012.002;S;6282;PORTA TALHER STILLO COM 4 DIVISORIAS - BRANCO;S;1000100;Linha Cozinha;21.50;4.20;30.00;S;ok;
129.012.003;S;6283;PORTA TALHERES STILLO COM 4 DIVISORIAS - PRETO;S;1000100;Linha Cozinha;21.50;4.20;30.00;S;ok;
130.012.002;S;3290;LIXEIRA RETRATIL - BRANCA 4L (130/B);S;1000700;Linha Lixeiras;15.80;27.50;18.90;S;ok;
130.012.003;S;6661;LIXEIRA RETRATIL - PRETA 4L;S;1000700;Linha Lixeiras;15.80;27.50;18.90;S;ok;
131.012.002;S;13984;FRASQUEIRA MEDICAMENTOS - BRANCA 2,2L;S;1001600;Linha Frasqueiras;14.00;9.80;29.00;S;ok;
131.012.009;S;13985;FRASQUEIRA MEDICAMENTOS - VERMELHA 2,2L;S;1001600;Linha Frasqueiras;14.00;9.80;29.00;S;ok;
132.036.683;S;25;PRATO UNITARIO (132);S;1000900;Linha Infantil;21.70;2.80;21.70;S;ok;
133.012.002;S;60;PORTA DETERGENTE RATTAN COM BASE - BRANCO (133/B);S;1000100;Linha Cozinha;10.50;7.00;19.70;S;ok;
133.012.003;S;64;PORTA DETERGENTE RATTAN COM BASE - PRETO (133/P);S;1000100;Linha Cozinha;10.50;7.00;19.70;S;ok;
133.012.086;S;11862;PORTA DETERGENTE RATTAN COM BASE - CHUMBO;S;1000100;Linha Cozinha;10.50;7.00;19.70;S;ok;
134.012.002;S;438;LIXEIRA BASCULANTE RATTAN - BRANCA 4,5L (134/B);S;1000700;Linha Lixeiras;16.00;30.00;19.00;S;ok;
134.012.003;S;443;LIXEIRA BASCULANTE RATTAN - PRETO 4,5L (134/P);S;1000700;Linha Lixeiras;16.00;30.00;19.00;S;ok;
134.012.086;S;11863;LIXEIRA BASCULANTE RATTAN - CHUMBO 4,5L;S;1000700;Linha Lixeiras;16.00;30.00;19.00;S;ok;
135.024.001;S;179;TAMPA PARA MICRO-ONDAS - TRANSPARENTE (135);S;1000400;Linha Micro-ondas;25.50;6.80;25.50;S;ok;
136.024.001;S;180;TRAVESSA MICRO-ONDAS COM TAMPA - TRANSPARENTE 1,5L (136);S;1000400;Linha Micro-ondas;20.80;9.20;31.00;S;ok;
137.012.002;S;257;FRASQUEIRA MEDICAMENTOS - BRANCA 2,8L (137);S;1001600;Linha Frasqueiras;16.30;12.80;24.20;S;ok;
137.012.009;S;6599;FRASQUEIRA MEDICAMENTOS - VERMELHA 2,8L;S;1001600;Linha Frasqueiras;16.30;12.80;24.20;S;ok;
138.012.001;S;258;ORGANIZA TUDO COM 11 DIVISORIAS (138);S;1000600;Linha Organização;17.50;4.30;26.20;S;ok;
139.012.001;S;4119;POTE COM 3 DIVISORIAS - TRANSPARENTE 1,1L;S;1000200;Linha Potes;14.00;6.50;24.00;S;ok;
139.012.003;S;13818;POTE COM 3 DIVISORIAS - PRETO 1,1L;S;1000200;Linha Potes;14.00;6.50;24.00;S;ok;
140.012.001;S;6284;ESTOJO MULTI USO - TRANSPARENTE;S;1000600;Linha Organização;6.80;3.50;21.00;S;ok;
140.012.066;S;6601;ESTOJO MULTI USO - FUME;S;1000600;Linha Organização;6.80;3.50;21.00;S;ok;
142.006.002;S;260;FRASQUEIRA MEDICAMENTOS - BRANCA 6,2L (142);S;1001600;Linha Frasqueiras;19.80;18.80;28.00;S;ok;
142.006.009;S;11865;FRASQUEIRA MEDICAMENTOS - VERMELHA 6,2L;S;1001600;Linha Frasqueiras;19.80;18.80;28.00;S;ok;
144.006.002;S;6303;PORTA TALHER COM 6 DIVISORIAS E TAMPA - BRANCO;S;1000100;Linha Cozinha;29.00;5.00;34.00;S;ok;
144.006.003;S;6304;PORTA TALHER COM 6 DIVISORIAS E TAMPA - PRETO;S;1000100;Linha Cozinha;29.00;5.00;34.00;S;ok;
146.024.001;S;181;FORMA DE OVOS E OMELETEIRA MICRO-ONDAS (146);S;1000400;Linha Micro-ondas;15.00;6.00;18.00;S;ok;
147.012.604;S;6397;FRASQUEIRA MINI - NATURAL 1L;S;1001600;Linha Frasqueiras;12.50;9.50;15.00;S;ok;
147.012.607;S;6400;FRASQUEIRA MINI - ROSA 1L;S;1001600;Linha Frasqueiras;12.50;9.50;15.00;S;ok;
148.004.002;S;4351;LIXEIRA BASCULANTE - BRANCA 14L;S;1000700;Linha Lixeiras;24.00;43.00;29.20;S;ok;
148.004.003;S;6662;LIXEIRA BASCULANTE - PRETA 14L;S;1000700;Linha Lixeiras;24.00;43.00;29.20;S;ok;
149.024.001;S;182;CACAROLA MICRO-ONDAS - TRANSPARENTE 2,6L (149);S;1000400;Linha Micro-ondas;22.00;15.20;26.50;S;ok;
150.004.002;S;3276;LIXEIRA COM PEDAL - BRANCA 16L (150/B);S;1000700;Linha Lixeiras;29.80;36.30;29.70;S;ok;
150.004.003;S;3285;LIXEIRA COM PEDAL - PRETA 16L (150/P);S;1000700;Linha Lixeiras;29.80;36.40;29.50;S;ok;
151.012.001;S;4122;POTE ALTO COM TRAVAS - TRANSPARENTE 4,3L;S;1000200;Linha Potes;18.00;14.00;26.00;S;ok;
151.012.003;S;14049;POTE ALTO COM TRAVAS - PRETO 4,3L;S;1000200;Linha Potes;18.00;14.00;26.00;S;ok;
152.006.002;S;11997;KIT MANTIMENTOS COM 5 PECAS - BRANCO;S;1000200;Linha Potes;23.00;22.50;23.00;S;ok;
152.006.003;S;81;KIT MANTIMENTOS COM 5 PECAS - PRETO (152);S;1000200;Linha Potes;23.00;22.50;23.00;S;ok;
153.012.002;S;9615;JARRA COM TAMPA FLIP TOP - BRANCO 2L;S;1001100;Linha Jarras;10.00;21.50;18.40;S;ok;
153.012.546;S;4146;JARRA COM TAMPA FLIP TOP - VERMELHO 2L;S;1001100;Linha Jarras;10.00;21.50;18.40;S;ok;
154.006.861;S;3612;KIT POTE ALTO COLORATTO COM 2 PECAS - 460ML (286/K);S;1001200;Linha Coloratto;10.00;14.00;14.00;S;ok;
154.012.001;S;4147;POTE ALTO COM TRAVAS - TRANSPARENTE 460ML;S;1000200;Linha Potes;10.00;7.00;14.00;S;ok;
154.012.003;S;13822;POTE ALTO COM TRAVAS - PRETO 460ML;S;1000200;Linha Potes;10.00;7.00;14.00;S;ok;
155.006.861;S;12035;KIT POTE ALTO COLORATTO COM 2 PECAS - 850 ML;S;1001200;Linha Coloratto;11.00;18.00;17.00;S;ok;
155.012.001;S;4150;POTE ALTO COM TRAVAS - TRANSPARENTE 850ML;S;1000200;Linha Potes;11.00;9.00;17.00;S;ok;
155.012.003;S;13979;POTE ALTO COM TRAVAS - PRETO 850ML;S;1000200;Linha Potes;11.00;9.00;17.00;S;ok;
156.012.001;S;4155;POTE ALTO COM TRAVAS - TRANSPARENTE 2,2L;S;1000200;Linha Potes;14.00;12.00;22.00;S;ok;
156.012.003;S;13983;POTE ALTO COM TRAVAS - PRETO 2,2L;S;1000200;Linha Potes;14.00;12.00;22.00;S;ok;
157.024.009;S;85;POTE TOMATINHO COM TRAVAS - 850ML (157);S;1000200;Linha Potes;11.00;8.50;17.00;S;ok;
158.024.029;S;86;POTE FEIJAO COM TRAVAS - 850ML (158);S;1000200;Linha Potes;11.00;8.50;17.00;S;ok;
161.012.002;S;3322;PORTA TUDO - BRANCO 1L (161/B);S;1000600;Linha Organização;13.90;9.80;23.00;S;ok;
161.012.0031;N;;;;;;;;;;artefato_provavel;digito extra na cor - 161.012.003 existe (CODPROD 3323 PORTA TUDO PRETO 1L)
162.012.002;S;3325;CESTO COM ALCA - BRANCO 8,5L (162/B);S;1000600;Linha Organização;24.40;14.80;36.80;S;ok;
162.012.003;S;3269;CESTO COM ALCA - PRETO 8,5L (162/P);S;1000600;Linha Organização;24.40;14.80;36.80;S;ok;
163.004.002;S;447;LIXEIRA VIME - BRANCA 12L (163/B);S;1000700;Linha Lixeiras;23.20;32.00;27.00;S;ok;
163.004.003;S;451;LIXEIRA VIME - PRETA 12L (163/P);S;1000700;Linha Lixeiras;27.00;32.00;23.20;S;ok;
163.004.086;S;11871;LIXEIRA VIME - CHUMBO 12L;S;1000700;Linha Lixeiras;23.20;32.00;27.00;S;ok;
164.006.001;S;265;MALETA ORGANIZA TUDO COM DIVISORIAS MOVEIS (164);S;1000600;Linha Organização;29.60;5.00;38.70;S;ok;
165.006.002;S;3327;ESCORREDOR DE PRATOS - BRANCO (165/B);S;1000100;Linha Cozinha;35.50;11.10;49.00;S;ok;
165.006.003;S;3328;ESCORREDOR DE PRATOS - PRETO (165/P);S;1000100;Linha Cozinha;49.00;11.10;35.50;S;ok;
165.006.086;S;11872;ESCORREDOR DE PRATOS  - CHUMBO;S;1000100;Linha Cozinha;49.00;11.10;35.50;S;ok;
166.024.001;S;171;PORTA BISCOITOS E TORRADAS - 650ML (166);S;1000200;Linha Potes;9.10;8.90;23.10;S;ok;
167.010.003;S;14006;CABIDE STILL COM 10 PECAS - PRETO;S;1000600;Linha Organização;0.70;19.50;39.00;S;ok;
167.012.001;S;7189;CABIDE STILL COM 3 PECAS - TRANSPARENTE;S;1000600;Linha Organização;0.70;19.50;39.00;S;ok;
169.012.002;S;6611;BOLEIRA BARCELONA COM ALCA - BRANCA;S;1000100;Linha Cozinha;30.50;13.20;30.50;S;ok;
169.012.003;S;6612;BOLEIRA BARCELONA COM ALCA - PRETO;S;1000100;Linha Cozinha;30.50;13.20;30.50;S;ok;
170.006.027;S;6718;CAIXA DE FERRAMENTAS NITRONFORT - AMARELA 16L;S;1000600;Linha Organização;22.30;18.30;40.30;S;ok;
170.006.028;S;266;CAIXA DE FERRAMENTAS NITRONFORT - LARANJA 16L (170);S;1000600;Linha Organização;22.30;18.30;40.30;S;ok;
170.006.045;S;6719;CAIXA DE FERRAMENTAS NITRONFORT - AZUL 16L;S;1000600;Linha Organização;22.30;18.30;40.30;S;ok;
172.012.998;S;14018;PA DE LIXO COM CABO;S;1000300;Linha Limpeza;18.00;66.60;24.60;S;ok;
172.012.999;S;268;PA DE LIXO COM CABO (172);S;1000300;Linha Limpeza;18.00;66.60;24.60;S;ok;
173.012.002;S;3331;LIXEIRA FENIX - BRANCA 4,2L (173/B);S;1000700;Linha Lixeiras;20.00;29.20;20.00;S;ok;
173.012.003;S;7135;LIXEIRA FENIX - PRETA 4,2L;S;1000700;Linha Lixeiras;20.00;29.20;20.00;S;ok;
176.024.001;S;172;POTE COM VALVULA E TRAVAS - 600ML (176);S;1000200;Linha Potes;11.90;5.70;14.80;S;ok;
177.012.002;S;3334;CESTO COM ALCA - BRANCO 5L (177/B);S;1000600;Linha Organização;19.30;13.50;28.00;S;ok;
177.012.003;S;3335;CESTO COM ALCA - PRETO 5L (177/P);S;1000600;Linha Organização;19.30;13.50;28.00;S;ok;
178.024.001;S;183;CACAROLA MICRO-ONDAS - TRANSPARENTE 1,5L (178);S;1000400;Linha Micro-ondas;17.50;10.00;20.50;S;ok;
179.024.001;S;212;PORTA FRIOS COM PINCA - 1,1L (179);S;1000100;Linha Cozinha;17.50;5.30;26.20;S;ok;
182.012.002;S;9616;JARRA COM TAMPA FLIP TOP - BRANCO 4L;S;1001100;Linha Jarras;12.40;26.70;23.00;S;ok;
182.012.546;S;4287;JARRA COM TAMPA FLIP TOP - VERMELHO 4L;S;1001100;Linha Jarras;12.40;26.70;23.00;S;ok;
184.010.003;S;13820;CABIDE COM 10 PECAS - PRETO;S;1000900;Linha Infantil;0.70;15.20;28.10;S;ok;
184.016.001;S;11873;CABIDE COM 3 PECAS - TRANSPARENTE;S;1000900;Linha Infantil;0.70;15.20;28.10;S;ok;
185.012.002;S;368;PORTA VASSOURAS COM 4 ENCAIXES - BRANCO (185/B);S;1000300;Linha Limpeza;5.00;5.00;34.00;S;ok;
185.012.003;S;3174;PORTA VASSOURAS COM 4 ENCAIXES - PRETO (185/P);S;1000300;Linha Limpeza;5.00;5.00;34.00;S;ok;
186.006.002;S;272;FRASQUEIRA MEDICAMENTOS MEGA LUXO - BRANCA 12L (186);S;1001600;Linha Frasqueiras;25.00;22.00;37.00;S;ok;
186.006.009;S;11874;FRASQUEIRA MEDICAMENTOS MEGA LUXO - VERMELHA 12L;S;1001600;Linha Frasqueiras;25.00;22.00;37.00;S;ok;
187.006.001;S;273;ORGANIZA TUDO COM DIVISORIAS MOVEIS (187);S;1000600;Linha Organização;27.00;6.00;36.00;S;ok;
188.012.002;S;3337;ESCORREDOR DE PRATOS SUPER PRATICO - BRANCO (188/B);S;1000100;Linha Cozinha;26.50;10.50;36.00;S;ok;
188.012.003;S;3338;ESCORREDOR DE PRATOS SUPER PRATICO - PRETO (188/P);S;1000100;Linha Cozinha;36.00;10.80;26.70;S;ok;
188.012.086;S;11876;ESCORREDOR DE PRATOS SUPER PRATICO - CHUMBO;S;1000100;Linha Cozinha;36.00;10.80;26.70;S;ok;
190.012.001;S;87;KIT POTES ALTOS COM TRAVAS E 3 PECAS - TRANSPARENTE (190);S;1000200;Linha Potes;14.50;21.80;20.80;S;ok;
190.012.003;S;14070;KIT POTES ALTOS COM TRAVAS E 3 PECAS - PRETO;S;1000200;Linha Potes;14.50;21.80;20.80;S;ok;
191.012.001;S;4077;POTE COM 2 DIVISORIAS - TRANSPARENTE 720ML;S;1000200;Linha Potes;17.00;6.70;17.00;S;ok;
191.012.003;S;14008;POTE COM 2 DIVISORIAS - PRETO 720ML;S;1000200;Linha Potes;17.00;6.70;17.00;S;ok;
193.024.001;S;6762;SABONETEIRA COM TELINHA - TRANSPARENTE;S;1000800;Linha Banheiro;7.80;4.20;10.80;S;ok;
193.024.066;S;6616;SABONETEIRA COM TELINHA - FUME;S;1000800;Linha Banheiro;7.80;4.20;10.80;S;ok;
194.012.009;S;185;CACAROLA LEGUMIX MICRO-ONDAS COM CESTO - TRANSPARENTE 2,6L (194);S;1000400;Linha Micro-ondas;22.00;15.20;26.50;S;ok;
195.006.012;S;7098;FRASQUEIRA CRISTAL COM DIVISORIAS - ROSA 1,5L;S;1001600;Linha Frasqueiras;11.50;11.00;20.20;S;ok;
195.006.609;S;6388;FRASQUEIRA CRISTAL COM DIVISORIAS - PRETO 1,5L;S;1001600;Linha Frasqueiras;11.50;11.00;20.20;S;ok;
196.006.001;S;4072;POTE PREMIUM - TRANSPARENTE 7,9L;S;1000200;Linha Potes;26.00;12.00;39.00;S;ok;
197.024.010;S;174;MARMITA DUE COM DIVISORIA MOVEL - 600ML (197);S;1000200;Linha Potes;11.90;5.70;14.80;S;ok;
198.012.001;S;6286;ESTOJO SUPER PRATICO - TRANSPARENTE;S;1000600;Linha Organização;6.40;4.00;20.00;S;ok;
198.012.066;S;6617;ESTOJO SUPER PRATICO - FUME;S;1000600;Linha Organização;6.40;4.00;20.00;S;ok;
199.006.001;S;275;NITRONBOX 27L (199);S;1000600;Linha Organização;39.50;17.00;57.50;S;ok;
200.004.001;S;276;NITRONBOX 50L (200);S;1000600;Linha Organização;39.50;31.50;57.50;S;ok;
202.006.001;S;14050;FRASQUEIRA OVAL COM BANDEJA - ROSA 4,4L;S;1001600;Linha Frasqueiras;17.70;18.00;27.00;S;ok;
202.006.002;S;11880;FRASQUEIRA MEDICAMENTOS OVAL COM BANDEJA - BRANCA 4,4L;S;1001600;Linha Frasqueiras;17.70;18.00;27.00;S;ok;
202.006.009;S;11881;FRASQUEIRA MEDICAMENTOS OVAL COM BANDEJA - VERMELHA 4,4L;S;1001600;Linha Frasqueiras;17.70;18.00;27.00;S;ok;
202.006.012;S;7103;FRASQUEIRA OVAL COM BANDEJA - ROSA;S;1001600;Linha Frasqueiras;17.70;18.00;27.00;S;ok;
203.006.003;S;6678;POTE ULTRAFORTE COM TELA E TRAVAS - PRETO 4L;S;1000200;Linha Potes;20.00;10.50;30.00;S;ok;
205.006.861;S;3613;KIT POTE FIT COLORATTO COM 2 PECAS - 450ML (285/K);S;1001200;Linha Coloratto;9.50;11.40;11.80;S;ok;
205.006.862;S;3599;KIT POTE FIT COLORATTO COM 3 PECAS - 450ML (290/K);S;1001200;Linha Coloratto;9.50;45308.00;45515.00;S;ok;
205.006.P01;S;14075;KIT POP COM 6 POTES FITS - TRANSPARENTE 450ML;S;1002001;POP;9.50;45448.00;45515.00;S;ok;
205.012.001;S;4357;POTE RETANGULAR FIT - TRANSPARENTE 450ML;S;1000200;Linha Potes;9.50;45448.00;45515.00;S;ok;
205.012.003;S;13819;POTE RETANGULAR FIT - PRETO 450ML;S;1000200;Linha Potes;9.50;45448.00;45515.00;S;ok;
207.012.002;S;9617;JARRA MEDIDORA TOP MIX - BRANCO 850ML;S;1001100;Linha Jarras;9.90;17.70;14.20;S;ok;
207.012.547;S;4289;JARRA MEDIDORA TOP MIX - VERMELHO 850ML;S;1001100;Linha Jarras;9.90;17.70;14.20;S;ok;
207.024.001;S;215;JARRA MEDIDORA TOP MIX;S;1001100;Linha Jarras;14.20;17.70;9.90;S;ok;
209.012.003;S;6620;MARMITA COM PORTA TALHERES - PRETO 715ML;S;1000200;Linha Potes;11.00;6.40;21.30;S;ok;
211.012.002;S;3270;CANTONEIRA PARA BANHEIRO SMART - BRANCO (211/B);S;1000800;Linha Banheiro;17.00;30.00;26.70;S;ok;
211.012.003;S;3346;CANTONEIRA PARA BANHEIRO SMART - PRETO (211/P);S;1000800;Linha Banheiro;26.90;30.00;17.30;S;ok;
212.012.003;S;6676;POTE COM TRAVAS E 2 DIVISORIAS - PRETO 600ML;S;1000200;Linha Potes;13.00;6.00;17.40;S;ok;
214.006.002;S;3417;ORGANIZADOR MULTIUSO RATTAN COM 6 DIVISORIAS - BRANCO (214/B);S;1000600;Linha Organização;17.70;16.00;19.30;S;ok;
214.006.003;S;3419;ORGANIZADOR MULTIUSO RATTAN COM 6 DIVISORIAS - PRETO (214/P);S;1000600;Linha Organização;17.80;16.00;19.10;S;ok;
214.006.086;S;11883;ORGANIZADOR MULTIUSO RATTAN COM 6 DIVISORIAS - CHUMBO;S;1000600;Linha Organização;17.70;16.00;19.30;S;ok;
215.012.003;S;6681;POTE ULTRAFORTE COM TRAVAS - PRETO 2,1L;S;1000200;Linha Potes;16.50;8.70;25.00;S;ok;
216.012.003;S;6683;POTE ULTRAFORTE COM TRAVAS - PRETO 4L;S;1000200;Linha Potes;20.00;10.50;30.00;S;ok;
217.012.003;S;6674;POTE ULTRAFORTE COM TRAVAS - PRETO 6,9L;S;1000200;Linha Potes;24.00;12.80;35.00;S;ok;
219.006.563;S;4426;FRASQUEIRA RATTAN - ROSA 9,4L;S;1001600;Linha Frasqueiras;23.00;21.00;32.70;S;ok;
221.012.002;S;6290;SALEIRO PREMIER COM ALCA - TRANSPARENTE E BRANCO 1 KG;S;1000100;Linha Cozinha;11.00;13.20;15.50;S;ok;
221.012.003;S;6291;SALEIRO PREMIER COM ALCA - TRANSPARENTE E PRETO 1 KG;S;1000100;Linha Cozinha;11.00;13.20;15.50;S;ok;
222.012.002;S;9618;JARRA COM TAMPA FLIP TOP - BRANCO 1,4L;S;1001100;Linha Jarras;10.00;15.50;18.50;S;ok;
222.012.546;S;4292;JARRA COM TAMPA FLIP TOP - VERMELHO 1,4L;S;1001100;Linha Jarras;10.00;15.50;18.50;S;ok;
2231.024.009;S;223;PORTA FRIOS UNITARIO COM TELA (223/1);S;1000100;Linha Cozinha;18.00;9.00;24.40;S;ok;
2232.012.009;S;224;PORTA FRIOS DUPLO COM TELA (223/2);S;1000100;Linha Cozinha;18.00;5.00;24.40;S;ok;
224.012.002;S;3341;SECA TALHER ESCORRE - BRANCO (224/B);S;1000100;Linha Cozinha;9.50;24.00;18.50;S;ok;
224.012.003;S;3342;SECA TALHER ESCORRE - PRETO (224/P);S;1000100;Linha Cozinha;9.50;24.00;18.50;S;ok;
224.012.086;S;11885;PORTA TALHER ESCORRE E GUARDA - CHUMBO;S;1000100;Linha Cozinha;9.50;24.00;18.50;S;ok;
227.036.998;S;14064;COPO INFANTIL COM ALCA - SORTIDO 320ML;S;1000900;Linha Infantil;8.00;12.20;11.00;S;ok;
227.036.999;S;473;COPO INFANTIL COM ALCA - SORTIDO 320ML (227);S;1000900;Linha Infantil;8.00;12.20;11.00;S;ok;
2270.012.001;S;4032;POTE REDONDO COM TRAVAS - TRANSPARENTE 2,3L (022/7);S;1000200;Linha Potes;22.50;10.10;20.50;S;ok;
2270.012.003;S;14051;POTE REDONDO COM TRAVAS - PRETO 2,3L (022/7);S;1000200;Linha Potes;22.50;10.10;20.50;S;ok;
228.012.003;S;6724;POTE REDONDO COM TRAVAS - PRETO 1,1L;S;1000200;Linha Potes;16.50;8.00;17.50;S;ok;
2280.012.001;S;4035;POTE REDONDO COM TRAVAS - TRANSPARENTE 1,1L;S;1000200;Linha Potes;17.50;8.10;16.50;S;ok;
2280.012.003;S;13810;POTE REDONDO COM TRAVAS - PRETO 1,1L;S;1000200;Linha Potes;17.50;8.10;16.50;S;ok;
229.012.001;S;186;COOK FREEZER MICRO-ONDAS COM CESTO - TRANSPARENTE 3L (229);S;1000400;Linha Micro-ondas;23.70;10.20;23.70;S;ok;
2290.006.862;S;3671;KIT POTE REDONDO COLORATTO COM 3 PECAS - 450ML (304/K);S;1001200;Linha Coloratto;45424.00;18.00;45425.00;S;ok;
2290.012.001;S;4038;POTE REDONDO COM TRAVAS - TRANSPARENTE 450ML;S;1000200;Linha Potes;13.50;6.10;12.50;S;ok;
2290.012.003;S;14152;POTE REDONDO COM TRAVAS - PRETO 450ML;S;1000200;Linha Potes;13.50;6.10;12.50;S;ok;
231.006.861;S;3614;KIT POTE RASO COLORATTO COM 2 PECAS - 270ML (289/K);S;1001200;Linha Coloratto;9.60;8.00;14.00;S;ok;
231.006.862;S;3600;KIT POTE RASO COLORATTO COM 3 PECAS - 270ML (291/K);S;1001200;Linha Coloratto;9.60;12.00;14.00;S;ok;
231.006.P01;S;14052;KIT POP COM 6 POTES RETANGULAR - TRANSPARENTE 270ML;S;1002001;POP;10.00;4.00;14.00;S;ok;
231.012.001;S;4067;POTE RASO COM TRAVAS - TRANSPARENTE 270ML;S;1000200;Linha Potes;10.00;4.00;14.00;S;ok;
231.012.003;S;13997;POTE RASO COM TRAVAS - PRETO 270ML;S;1000200;Linha Potes;10.00;4.00;14.00;S;ok;
232.006.861;S;11891;KIT POTE RASO COLORATTO COM 2 PECAS - 500ML;S;1001200;Linha Coloratto;11.00;10.00;17.00;S;ok;
232.006.862;S;11892;KIT POTE RASO COLORATTO COM 3 PECAS - 500ML;S;1001200;Linha Coloratto;11.00;15.00;17.00;S;ok;
232.012.001;S;4063;POTE RASO COM TRAVAS - TRANSPARENTE 500ML;S;1000200;Linha Potes;11.00;5.00;17.00;S;ok;
232.012.003;S;14037;POTE RASO COM TRAVAS - PRETO 500ML;S;1000200;Linha Potes;11.00;5.00;17.00;S;ok;
233.012.001;S;4060;POTE RASO COM TRAVAS - TRANSPARENTE 1,1L;S;1000200;Linha Potes;14.00;7.00;22.00;S;ok;
233.012.003;S;14036;POTE RASO COM TRAVAS - PRETO 1,1L;S;1000200;Linha Potes;14.00;7.00;22.00;S;ok;
234.012.001;S;4057;POTE RASO COM TRAVAS - TRANSPARENTE 2,3L;S;1000200;Linha Potes;18.00;8.00;26.00;S;ok;
234.012.003;S;14048;POTE RASO COM TRAVAS - PRETO 2,3L;S;1000200;Linha Potes;18.00;8.00;26.00;S;ok;
235.012.001;S;11902;POTE ACOPLADO COM ROSCA - TRANSPARENTE 500ML;S;1000200;Linha Potes;11.80;8.20;11.80;S;ok;
235.012.002;S;6632;POTE ACOPLADO COM ROSCA - BRANCO 500ML;S;1000200;Linha Potes;11.80;8.20;11.80;S;ok;
235.012.003;S;6633;POTE ACOPLADO PRETO C/ROSCA 500ML;S;1000200;Linha Potes;11.80;8.20;11.80;S;ok;
235.012.671;S;14153;POTE ACOPLADO PRETO C/ROSCA - SAL 500ML;S;1000200;Linha Potes;11.80;8.20;11.80;S;ok;
236.012.001;S;11904;POTE ACOPLADO COM ROSCA - TRANSPARENTE 1L;S;1000200;Linha Potes;11.80;15.00;11.80;S;ok;
236.012.002;S;6635;POTE ACOPLADO COM ROSCA - BRANCO 1L;S;1000200;Linha Potes;11.80;15.00;11.80;S;ok;
236.012.003;S;6636;POTE ACOPLADO PRETO C/ROSCA 1L;S;1000200;Linha Potes;11.80;15.00;11.80;S;ok;
236.012.667;S;150;POTE SAL GROSSO ACOPLADO COM ROSCA - 1L (236/SG);S;1000200;Linha Potes;11.80;15.00;11.80;S;ok;
236.012.668;S;13992;POTE CAFÉ ACOPLADO COM ROSCA - 1L;S;1000200;Linha Potes;11.80;15.00;11.80;S;ok;
236.012.669;S;13993;POTE ARROZ ACOPLADO COM ROSCA - 1L;S;1000200;Linha Potes;11.80;15.00;11.80;S;ok;
236.012.670;S;13994;POTE FARINHA ACOPLADO COM ROSCA - 1L;S;1000200;Linha Potes;11.80;15.00;11.80;S;ok;
236.012.671;S;13995;POTE FEIJÃO ACOPLADO COM ROSCA - 1L;S;1000200;Linha Potes;11.80;15.00;11.80;S;ok;
236.012.672;S;13996;POTE AÇUCAR ACOPLADO COM ROSCA - 1L;S;1000200;Linha Potes;11.80;15.00;11.80;S;ok;
237.006.002;S;6638;POTE ACOPLADO COM COPO MEDIDOR - BRANCO 5,8L;S;1000200;Linha Potes;20.50;25.50;20.50;S;ok;
237.006.003;S;6639;POTE ACOPLADO COM COPO MEDIDOR - PRETO 5,8L;S;1000200;Linha Potes;20.50;25.50;20.50;S;ok;
238.012.001;S;11906;POTE ACOPLADO COM ROSCA - TRANSPARENTE 2L;S;1000200;Linha Potes;14.00;17.90;14.00;S;ok;
238.012.002;S;6640;POTE ACOPLADO BRANCO C/ROSCA 2L;S;1000200;Linha Potes;14.00;17.80;14.00;S;ok;
238.012.003;S;6641;POTE ACOPLADO PRETO C/ROSCA 2L;S;1000200;Linha Potes;14.00;17.80;14.00;S;ok;
239.012.001;S;11909;POTE ACOPLADO COM ROSCA - TRANSPARENTE 3L;S;1000200;Linha Potes;15.50;21.70;15.50;S;ok;
239.012.002;S;6643;POTE ACOPLADO COM ROSCA - BRANCO 3L;S;1000200;Linha Potes;15.50;21.70;15.50;S;ok;
239.012.003;S;6644;POTE ACOPLADO PRETO C/ROSCA 3L;S;1000200;Linha Potes;15.50;21.70;15.50;S;ok;
240.024.001;S;106;POTE QUADRADO COM VALVULA - 3L (240);S;1000200;Linha Potes;23.70;10.20;23.70;S;ok;
241.006.P01;S;14053;KIT POP COM 6 POTES COM VALVULA - TRANSPARENTE 460ML;S;1002001;POP;11.70;4.00;19.80;S;ok;
241.024.001;S;107;POTE RASO COM VALVULA - 460ML (241);S;1000200;Linha Potes;11.70;4.00;19.80;S;ok;
242.024.001;S;108;POTE RASO COM VALVULA - 950ML (242);S;1000200;Linha Potes;15.00;5.00;25.00;S;ok;
243.024.001;S;109;POTE RASO COM VALVULA - 1,9L (243);S;1000200;Linha Potes;18.50;5.90;30.50;S;ok;
244.012.001;S;110;POTE RASO COM VALVULA - 3,2L (244);S;1000200;Linha Potes;21.00;7.20;36.00;S;ok;
246.024.001;S;112;POTE ALTO COM VALVULA - 868ML (246);S;1000200;Linha Potes;12.00;7.00;20.00;S;ok;
248.012.009;S;113;POTE TOMATINHO ACOPLADO COM ROSCA - 500ML (248);S;1000200;Linha Potes;11.80;8.20;11.80;S;ok;
249.012.020;S;114;POTE TEMPEROS ACOPLADO COM ROSCA - 500ML (249);S;1000200;Linha Potes;11.80;8.20;11.80;S;ok;
250.024.009;S;187;CACAROLA MICRO-ONDAS COM CESTO - TRANSPARENTE 1,5L (250);S;1000400;Linha Micro-ondas;17.50;10.00;20.50;S;ok;
2500.012.001;S;4102;POTE ALTO RETANGULAR - TRANSPARENTE 868ML;S;1000200;Linha Potes;11.90;6.60;19.90;S;ok;
2500.012.003;S;14040;POTE ALTO RETANGULAR - PRETO 868ML;S;1000200;Linha Potes;11.90;6.60;19.90;S;ok;
251.012.001;S;6646;CACAROLA MINI MICRO-ONDAS - TRANSPARENTE 850ML;S;1000400;Linha Micro-ondas;14.00;9.00;17.00;S;ok;
254.006.001;S;3814;GAVETEIRO MODULAR RATTAN - TRANSPARENTE 8,2L (254/NT);S;1000600;Linha Organização;26.50;14.50;32.80;S;ok;
254.006.002;S;1768;GAVETEIRO MODULAR RATTAN - BRANCO 8,2L (254/B);S;1000600;Linha Organização;26.50;14.50;32.80;S;ok;
254.006.003;S;1766;GAVETEIRO MODULAR RATTAN - PRETO 8,2L (254/P);S;1000600;Linha Organização;26.50;14.50;32.80;S;ok;
2540.012.001;S;121;KIT POTES ALTOS RETANG. COM 3 PECAS - TRANSPARENTE (025/4);S;1000200;Linha Potes;21.00;10.10;36.00;S;ok;
2540.012.003;S;14069;KIT POTES ALTOS RETANG. COM 3 PECAS - PRETO (025/4);S;1000200;Linha Potes;21.00;10.10;36.00;S;ok;
255.036.016;S;218;FORMA DE GELO FIRENZE COM TAMPA (255);S;1000100;Linha Cozinha;11.90;3.90;30.50;S;ok;
256.006.M02;S;7960;CAIXA JUTA ALONGADA COM TAMPA TECA - BRANCA 1,5L;S;1001802;Teca Organização;10.20;9.40;21.00;S;ok;
256.006.M03;S;7959;CAIXA JUTA ALONGADA COM TAMPA TECA - PRETA 1,5L;S;1001802;Teca Organização;10.20;9.40;21.00;S;ok;
256.024.002;S;1884;CESTO ALONGADO JUTA - BRANCO1,5L (256/B);S;1000600;Linha Organização;9.90;8.70;20.60;S;ok;
256.024.003;S;1885;CESTO ALONGADO JUTA - PRETO 1,5L (256/P);S;1000600;Linha Organização;9.90;8.70;20.60;S;ok;
256.024.086;S;11917;CESTO ALONGADO  JUTA - CHUMBO 3,2L;S;1000600;Linha Organização;9.90;8.70;20.60;S;ok;
257.006.M02;S;7956;CAIXA JUTA ALONGADA COM TAMPA TECA - BRANCA 3,7L;S;1001802;Teca Organização;13.30;12.50;28.40;S;ok;
257.006.M03;S;7955;CAIXA JUTA ALONGADA COM TAMPA TECA - PRETA 3,7L;S;1001802;Teca Organização;13.30;12.50;28.40;S;ok;
257.012.002;S;1879;CESTO ALONGADO JUTA - BRANCO3,7L (257/B);S;1000600;Linha Organização;13.20;11.60;27.50;S;ok;
257.012.003;S;1880;CESTO ALONGADO JUTA - PRETO 3,7L (257/P);S;1000600;Linha Organização;13.20;11.60;27.50;S;ok;
257.012.086;S;11919;CESTO ALONGADO  JUTA - CHUMBO 4,5L;S;1000600;Linha Organização;13.20;11.60;27.50;S;ok;
2570.012.001;S;122;POTE ALTO RETANGULAR - TRANSPARENTE 4,6L (025/7);S;1000200;Linha Potes;21.00;10.00;36.00;S;ok;
2570.012.003;S;14038;POTE ALTO RETANGULAR - PRETO 4,6L;S;1000200;Linha Potes;21.00;10.00;36.00;S;ok;
258.004.M02;S;7952;CAIXA JUTA ALONGADA COM TAMPA TECA - BRANCA 7,4L;S;1001802;Teca Organização;16.50;15.00;34.50;S;ok;
258.004.M03;S;7951;CAIXA JUTA ALONGADA COM TAMPA TECA - PRETA 7,4L;S;1001802;Teca Organização;16.50;15.00;34.50;S;ok;
258.006.002;S;1873;CESTO ALONGADO JUTA - BRANCO 7,4L (258/B);S;1000600;Linha Organização;16.50;14.50;34.50;S;ok;
258.006.003;S;1874;CESTO ALONGADO JUTA - PRETO 7,4L (258/P);S;1000600;Linha Organização;16.50;14.50;34.50;S;ok;
258.006.086;S;11923;CESTO ALONGADO JUTA - CHUMBO 7L;S;1000600;Linha Organização;16.50;14.50;34.50;S;ok;
2580.012.001;S;4078;POTE ALTO RETANGULAR - TRANSPARENTE 3L;S;1000200;Linha Potes;18.50;8.70;30.50;S;ok;
2580.012.003;S;14039;POTE ALTO RETANGULAR - PRETO 3L;S;1000200;Linha Potes;18.50;8.70;30.50;S;ok;
259.012.002;S;1867;CAIXA ORGANIZADORA BAIXA RATTAN COM TAMPA - BRANCA 3,2L (259/B);S;1000600;Linha Organização;20.00;8.30;25.50;S;ok;
259.012.003;S;1868;CAIXA ORGANIZADORA BAIXA RATTAN COM TAMPA - PRETA 3,2L (259/P);S;1000600;Linha Organização;20.00;8.30;25.50;S;ok;
259.012.086;S;11937;CAIXA ORGANIZADORA BAIXA RATTAN COM TAMPA - CHUMBO 3,2L;S;1000600;Linha Organização;20.00;8.30;25.50;S;ok;
2590.012.001;S;4081;POTE ALTO RETANGULAR - TRANSPARENTE 1,5L;S;1000200;Linha Potes;15.00;7.20;25.00;S;ok;
2590.012.003;S;14054;POTE ALTO RETANGULAR - PRETO 1,5L;S;1000200;Linha Potes;15.00;7.20;25.00;S;ok;
260.012.002;S;1864;CAIXA ORGANIZADORA BAIXA RATTAN COM TAMPA - BRANCA 4,5L (260/B);S;1000600;Linha Organização;22.50;8.30;32.40;S;ok;
260.012.003;S;1860;CAIXA ORGANIZADORA BAIXA RATTAN COM TAMPA - PRETA 4,5L (260/P);S;1000600;Linha Organização;22.50;8.30;32.40;S;ok;
260.012.086;S;11939;CAIXA ORGANIZADORA BAIXA RATTAN COM TAMPA - CHUMBO 4,5L;S;1000600;Linha Organização;22.50;8.30;32.40;S;ok;
261.006.002;S;1855;CAIXA ORGANIZADORA BAIXA RATTAN COM TAMPA - BRANCA 7L (261/B);S;1000600;Linha Organização;28.00;8.30;38.50;S;ok;
261.006.003;S;1854;CAIXA ORGANIZADORA BAIXA RATTAN COM TAMPA - PRETA 7L (261/P);S;1000600;Linha Organização;28.00;8.30;38.50;S;ok;
261.006.086;S;11940;CAIXA ORGANIZADORA BAIXA RATTAN COM TAMPA - CHUMBO 7L;S;1000600;Linha Organização;28.00;8.30;38.50;S;ok;
268.006.M02;S;8610;CAIXA JUTA EUROPA COM TAMPA TECA - BRANCA 5,3L;S;1001802;Teca Organização;20.40;15.50;27.00;S;ok;
268.006.MO3;N;;;;;;;;;;artefato_provavel;letra O no lugar de zero - 268.006.M03 existe (CODPROD 8611 CAIXA JUTA EUROPA TAMPA TECA PRETA 5,3L)
268.012.002;S;1908;CESTO EUROPA JUTA - BRANCO 5,3L (268/B);S;1000600;Linha Organização;20.20;15.00;27.00;S;ok;
268.012.003;S;1909;CESTO EUROPA JUTA - PRETO 5,3L (268/P);S;1000600;Linha Organização;20.20;15.00;27.00;S;ok;
269.004.M02;S;8614;CAIXA JUTA EUROPA COM TAMPA TECA - BRANCA 10,8L;S;1001802;Teca Organização;24.00;19.20;34.00;S;ok;
269.004.M03;S;8615;CAIXA JUTA EUROPA COM TAMPA TECA - PRETA 10,8L;S;1001802;Teca Organização;24.00;19.20;34.00;S;ok;
269.012.002;S;1902;CESTO EUROPA JUTA - BRANCO 10,8L (269/B);S;1000600;Linha Organização;24.00;18.70;34.00;S;ok;
269.012.003;S;1903;CESTO EUROPA JUTA - PRETO 10,8L (269/P);S;1000600;Linha Organização;24.00;18.70;34.00;S;ok;
270.002.M02;S;8616;CAIXA JUTA EUROPA COM TAMPA TECA - BRANCA 18,7L;S;1001802;Teca Organização;28.00;22.70;41.00;S;ok;
270.002.M03;S;8617;CAIXA JUTA EUROPA COM TAMPA TECA - PRETA 18,7L;S;1001802;Teca Organização;28.00;22.70;41.00;S;ok;
270.006.002;S;1896;CESTO EUROPA JUTA - BRANCO 18,7L (270/B);S;1000600;Linha Organização;28.00;22.20;41.00;S;ok;
270.006.003;S;1897;CESTO EUROPA JUTA - PRETO 18,7L (270/P);S;1000600;Linha Organização;28.00;22.20;41.00;S;ok;
277.012.002;S;1890;Cesto Juta com Alça - Branco 5,6L (277/B);S;1000600;Linha Organização;18.40;17.50;28.20;S;ok;
277.012.003;S;1891;CESTO JUTA COM ALCA - PRETO 5,6L (277/P);S;1000600;Linha Organização;18.40;17.50;28.20;S;ok;
279.012.024;S;1639;POTE ALHO ACOPLADO COM ROSCA - 500ML (279);S;1000200;Linha Potes;11.80;8.20;11.80;S;ok;
281.036.999;S;1933;CONCHA PARA CEREAIS - SORTIDO - 150ML (281);S;1000100;Linha Cozinha;6.00;9.70;9.30;S;ok;
283.004.002;S;4333;LIXEIRA JUTA COM PEDAL - BRANCA 12L;S;1000700;Linha Lixeiras;17.50;32.50;34.50;S;ok;
283.004.003;S;4332;LIXEIRA JUTA COM PEDAL - PRETA 12L;S;1000700;Linha Lixeiras;17.50;32.50;34.50;S;ok;
283.004.086;S;11941;LIXEIRA JUTA COM PEDAL - CHUMBO 12L;S;1000700;Linha Lixeiras;17.50;32.50;34.50;S;ok;
284.012.002;S;3391;CESTO TRANSPORTA TUDO - BRANCO (284/B);S;1000300;Linha Limpeza;45377.00;45340.00;45382.00;S;ok;
284.012.003;S;3392;CESTO TRANSPORTA TUDO - PRETO (284/P);S;1000300;Linha Limpeza;45377.00;45340.00;45382.00;S;ok;
293.006.002;S;3579;KIT POTES ACOPLADOS COM 5 PECAS - BRANCO (293);S;1000200;Linha Potes;20.50;45437.00;20.50;S;ok;
293.006.003;S;11942;KIT POTES ACOPLADOS COM 5 PECAS - PRETO;S;1000200;Linha Potes;20.50;45437.00;20.50;S;ok;
300.012.001;S;4054;POTE RASO RETANGULAR - TRANSPARENTE 460ML;S;1000200;Linha Potes;12.00;4.00;20.00;S;ok;
300.012.003;S;14128;POTE RASO RETANGULAR - PRETO 460ML;S;1000200;Linha Potes;12.00;4.00;20.00;S;ok;
301.012.001;S;4049;POTE RASO RETANGULAR - TRANSPARENTE 950ML;S;1000200;Linha Potes;15.00;5.00;25.00;S;ok;
301.012.003;S;14055;POTE RASO RETANGULAR - PRETO 950ML;S;1000200;Linha Potes;15.00;5.00;25.00;S;ok;
302.012.001;S;4051;POTE RASO RETANGULAR - TRANSPARENTE 1,9L;S;1000200;Linha Potes;19.00;6.00;31.00;S;ok;
302.012.003;S;14041;POTE RASO RETANGULAR - PRETO 1,9L;S;1000200;Linha Potes;19.00;6.00;31.00;S;ok;
303.012.001;S;4050;POTE RASO RETANGULAR - TRANSPARENTE 3,2L;S;1000200;Linha Potes;21.00;7.00;36.00;S;ok;
303.012.003;S;14056;POTE RASO RETANGULAR - PRETO 3,2L;S;1000200;Linha Potes;21.00;7.00;36.00;S;ok;
305.006.520;S;4253;TRAVESSA OVAL CANELADA COM TAMPA - BRANCA 650ML;S;1000200;Linha Potes;11.00;6.00;22.00;S;ok;
306.006.520;S;4254;TRAVESSA OVAL CANELADA COM TAMPA - BRANCA 1,2L;S;1000200;Linha Potes;14.50;7.30;28.00;S;ok;
307.006.520;S;4255;TRAVESSA OVAL CANELADA COM TAMPA - BRANCA 2,5L;S;1000200;Linha Potes;18.50;8.90;34.80;S;ok;
308.006.520;S;4256;ORGANIZA E GUARDA COM 4 DIVISORIAS;S;1000100;Linha Cozinha;20.50;5.90;24.70;S;ok;
311.012.001;S;13821;MAMITA E POTE 2 EM 1 - TRANSPARENTE 780ML;S;1000200;Linha Potes;12.50;6.00;20.50;S;ok;
311.012.002;S;11949;MAMITA E POTE 2 EM 1 - BRANCO 780ML;S;1000200;Linha Potes;12.50;6.00;20.50;S;ok;
311.012.515;S;4242;MAMITA E POTE 2 EM 1 - ROSA 780ML;S;1000200;Linha Potes;12.50;6.00;20.50;S;ok;
311.012.517;S;4244;MAMITA E POTE 2 EM 1 - VERDE 780ML;S;1000200;Linha Potes;12.50;6.00;20.50;S;ok;
313.006.560;S;4432;ORGANIZADOR DE COSMETICOS COM 2 GAVETAS - PRETA;S;1000600;Linha Organização;18.50;21.00;20.30;S;ok;
313.006.561;S;4433;ORGANIZADOR DE COSMETICOS COM 2 GAVETAS - BRANCA;S;1000600;Linha Organização;18.50;21.00;20.30;S;ok;
313.006.562;S;4365;ORGANIZADOR DE COSMETICOS COM 2 GAVETAS - ROSA;S;1000600;Linha Organização;18.50;21.00;20.30;S;ok;
314.006.560;S;4437;ORGANIZADOR DE COSMETICOS COM 1 GAVETA - PRETA;S;1000600;Linha Organização;18.50;15.50;20.30;S;ok;
314.006.561;S;4434;ORGANIZADOR DE COSMETICOS COM 1 GAVETA - BRANCA;S;1000600;Linha Organização;18.50;15.50;20.30;S;ok;
314.006.562;S;4366;ORGANIZADOR DE COSMETICOS COM 1 GAVETA - ROSA;S;1000600;Linha Organização;18.50;15.50;20.30;S;ok;
317.006.P01;S;14057;KIT POP COM 5 MARMITAS FITS - TRANSPARENTE 500ML;S;1002001;POP;10.00;6.20;18.40;S;ok;
317.012.001;S;4371;MARMITA FIT - 500ML (317.012.001);S;1000200;Linha Potes;10.00;6.20;18.40;S;ok;
317.012.003;S;14140;MARMITA FIT - PRETO 500ML;S;1000200;Linha Potes;12.70;6.80;17.20;S;ok;
319.006.P01;S;14058;KIT POP COM 6 POTES QUADRADOS - TRANSPARENTE 250ML;S;1002001;POP;7.80;6.90;7.80;S;ok;
319.012.001;S;4374;POTE MODULAR - TRANSPARENTE 250ML;S;1000200;Linha Potes;7.80;6.90;7.80;S;ok;
319.012.003;S;6669;POTE MODULAR - PRETO 250ML;S;1000200;Linha Potes;12.00;5.80;11.30;S;ok;
320.012.001;S;4377;POTE MODULAR - TRANSPARENTE 450ML;S;1000200;Linha Potes;9.30;8.20;9.30;S;ok;
320.012.003;S;6672;POTE MODULAR - PRETO 450ML;S;1000200;Linha Potes;15.50;7.30;14.50;S;ok;
321.012.001;S;4380;POTE MODULAR - TRANSPARENTE 800ML;S;1000200;Linha Potes;11.00;10.00;11.00;S;ok;
321.012.003;S;6671;POTE MODULAR - PRETO 800ML;S;1000200;Linha Potes;20.00;8.80;18.50;S;ok;
322.006.001;S;4383;POTE MODULAR - TRANSPARENTE 1,2L;S;1000200;Linha Potes;11.00;14.60;11.00;S;ok;
322.006.003;S;6668;POTE MODULAR - PRETO 1,2L;S;1000200;Linha Potes;25.00;10.80;23.50;S;ok;
323.006.001;S;4385;POTE MODULAR - TRANSPARENTE 2,4L;S;1000200;Linha Potes;11.00;28.50;11.00;S;ok;
323.006.003;S;6667;POTE MODULAR - PRETO 2,4L;S;1000200;Linha Potes;25.00;10.80;23.50;S;ok;
348.012.576;S;6093;PORTA PRESUNTO COM TELA;S;1000200;Linha Potes;12.00;4.00;20.00;S;ok;
349.012.575;S;6094;PORTA QUEIJO COM TELA;S;1000200;Linha Potes;12.00;4.00;20.00;S;ok;
350.012.577;S;6095;PORTA FRIOS COM TELA;S;1000200;Linha Potes;12.00;4.00;20.00;S;ok;
351.012.001;S;6096;KIT POTES MODULARES COM 3 PECAS - TRANSPARENTE 250ML;S;1000200;Linha Potes;7.80;19.50;7.80;S;ok;
351.012.003;S;6665;KIT POTES MODULARES COM 3 PECAS - PRETO 250ML;S;1000200;Linha Potes;12.00;5.80;11.30;S;ok;
352.012.001;S;6100;KIT POTES MODULARES COM 3 PECAS - TRANSPARENTE 450ML;S;1000200;Linha Potes;9.30;23.10;9.30;S;ok;
353.006.001;S;6103;KIT POTES MODULARES COM 6 PECAS - TRANSPARENTE;S;1000200;Linha Potes;11.00;28.50;21.70;S;ok;
353.006.003;S;6750;KIT POTES MODULARES COM 6 PECAS - PRETO;S;1000200;Linha Potes;15.50;7.30;14.50;S;ok;
359.012.003;S;152;POTE ARROZ ACOPLADO COM ROSCA - 2L;S;1000200;Linha Potes;14.00;17.90;14.00;S;ok;
360.012.003;S;154;POTE FEIJAO ACOPLADO COM ROSCA - 2L;S;1000200;Linha Potes;14.00;17.90;14.00;S;ok;
361.012.003;S;155;POTE FARINHA ACOPLADO COM ROSCA - 2L;S;1000200;Linha Potes;14.00;17.90;14.00;S;ok;
362.012.003;S;151;POTE ACUCAR ACOPLADO COM ROSCA - 2L;S;1000200;Linha Potes;14.00;17.90;14.00;S;ok;
363.012.003;S;153;POTE CAFE ACOPLADO COM ROSCA - 2L;S;1000200;Linha Potes;14.00;17.90;14.00;S;ok;
369.006.001;S;6764;KIT PORTA FRIOS COM 3 PECAS;S;1000200;Linha Potes;12.00;12.00;20.00;S;ok;
3760.012.001;S;125;POTE QUADRADO COM TRAVAS - TRANSPARENTE 3,7L (037/6);S;1000200;Linha Potes;24.00;11.00;25.00;S;ok;
3760.012.003;S;14059;POTE QUADRADO COM TRAVAS - PRETO 3,7L;S;1000200;Linha Potes;24.00;11.00;25.00;S;ok;
3770.012.001;S;4093;POTE QUADRADO COM TRAVAS - TRANSPARENTE 1,8L;S;1000200;Linha Potes;20.00;8.80;18.50;S;ok;
3770.012.003;S;14060;POTE QUADRADO COM TRAVAS - PRETO 1,8L;S;1000200;Linha Potes;20.00;8.80;18.50;S;ok;
3780.012.001;S;4096;POTE QUADRADO COM TRAVAS - TRANSPARENTE 860ML;S;1000200;Linha Potes;15.50;7.30;14.50;S;ok;
3780.012.003;S;14035;POTE QUADRADO COM TRAVAS - PRETO 860ML;S;1000200;Linha Potes;15.50;7.30;14.50;S;ok;
3790.006.862;S;11987;KIT POTE QUADRADO COLORATTO COM 3 PECAS - 370ML;S;1001200;Linha Coloratto;11.00;11.60;12.00;S;ok;
3790.006.P01;S;14071;KIT POP 6 POTES QUADRADOS - TRASNPARENTE 360ML;S;1002001;POP;12.00;5.80;11.30;S;ok;
3790.012.001;S;4099;POTE QUADRADO COM TRAVAS - TRANSPARENTE 360ML;S;1000200;Linha Potes;12.00;5.80;11.30;S;ok;
3790.012.003;S;14061;POTE QUADRADO COM TRAVAS - PRETO 360ML;S;1000200;Linha Potes;12.00;5.80;11.30;S;ok;
380.024.001;S;14011;ORGANIZADOR MINI MODULAR - TRANSPARENTE 150ML;S;1000600;Linha Organização;9.90;8.70;20.60;S;ok;
380.024.002;S;14012;ORGANIZADOR MINI MODULAR - BRANCO 150ML;S;1000600;Linha Organização;9.90;8.70;20.60;S;ok;
380.024.003;S;14013;ORGANIZADOR MINI MODULAR - PRETO 150ML;S;1000600;Linha Organização;9.90;8.70;20.60;S;ok;
381.012.001;S;8732;ORGANIZADOR LONGO MODULAR - TRANSPARENTE 850ML;S;1000600;Linha Organização;7.20;5.30;30.00;S;ok;
381.012.002;S;8636;ORGANIZADOR LONGO MODULAR - BRANCO 850ML;S;1000600;Linha Organização;7.20;5.30;30.00;S;ok;
381.012.003;S;8641;ORGANIZADOR LONGO MODULAR - PRETO 850ML;S;1000600;Linha Organização;7.20;5.30;30.00;S;ok;
382.012.001;S;8733;Organizador Quadrado Modular - Transparente 900ml;S;1000600;Linha Organização;14.70;5.30;14.70;S;ok;
382.012.002;S;8642;ORGANIZADOR QUADRADO MODULAR - BRANCO 900ML;S;1000600;Linha Organização;14.70;5.30;14.70;S;ok;
382.012.003;S;8643;ORGANIZADOR QUADRADO MODULAR - PRETO 900ML;S;1000600;Linha Organização;14.70;5.30;14.70;S;ok;
3820.016.644;S;129;KIT POTE CAFE E ACUCAR (038/2);S;1000200;Linha Potes;15.60;12.70;15.60;S;ok;
383.012.001;S;8734;ORGANIZADOR RETANGULAR MODULAR - TRANSPARENTE 1,450L;S;1000600;Linha Organização;14.80;5.30;22.50;S;ok;
383.012.002;S;8644;ORGANIZADOR RETANGULAR MODULAR - BRANCO 1,450L;S;1000600;Linha Organização;14.80;5.30;22.50;S;ok;
383.012.003;S;8645;ORGANIZADOR RETANGULAR MODULAR - PRETO 1,450L;S;1000600;Linha Organização;14.80;5.30;22.50;S;ok;
384.012.001;S;8735;ORGANIZADOR PEQUENO MODULAR - TRANSPARENTE 400ML;S;1000600;Linha Organização;6.80;5.30;15.00;S;ok;
384.012.002;S;8646;ORGANIZADOR PEQUENO MODULAR - BRANCO 400ML;S;1000600;Linha Organização;6.80;5.30;15.00;S;ok;
384.012.003;S;8647;ORGANIZADOR PEQUENO MODULAR - PRETO 400ML;S;1000600;Linha Organização;6.80;5.30;15.00;S;ok;
3840.016.002;S;11989;KIT MANTIMENTOS COM 3 PECAS - BRANCO;S;1000200;Linha Potes;0.00;0.00;0.00;S;ok;
3840.016.003;S;130;KIT MANTIMENTOS COM 3 PECAS - PRETO (038/4);S;1000200;Linha Potes;18.30;15.50;18.30;S;ok;
385.006.M00;S;8624;TABUA DE CORTE TECA - M;S;1001801;Teca Tábuas;23.00;1.80;33.00;S;ok;
387.006.M00;S;8626;TABUA DE CORTE TECA - G;S;1001801;Teca Tábuas;26.50;1.80;40.00;S;ok;
390.012.M00;S;8865;TABUA COM CABO TECA - P;S;1001801;Teca Tábuas;15.00;1.20;25.00;S;ok;
391.006.M00;S;8867;TABUA COM CABO TECA - M;S;1001801;Teca Tábuas;18.00;1.20;31.00;S;ok;
392.006.M00;S;8878;TABUA COM CABO TECA - G;S;1001801;Teca Tábuas;21.00;1.20;39.50;S;ok;
396.006.002;S;9707;LIXEIRA FLAT COM PEDAL - BRANCA 7L;S;1000700;Linha Lixeiras;17.20;26.80;25.60;S;ok;
396.006.003;S;9708;LIXEIRA FLAT COM PEDAL - PRETA 7L;S;1000700;Linha Lixeiras;17.20;26.80;25.60;S;ok;
396.006.086;S;11990;LIXEIRA FLAT COM PEDAL - CHUMBO 7L;S;1000700;Linha Lixeiras;17.20;26.80;25.60;S;ok;
397.004.002;S;9711;LIXEIRA FLAT COM PEDAL - BRANCA 14L;S;1000700;Linha Lixeiras;25.60;32.00;26.00;S;ok;
397.004.003;S;9712;LIXEIRA FLAT COM PEDAL - PRETA 14L;S;1000700;Linha Lixeiras;25.60;32.00;26.00;S;ok;
397.004.086;S;11991;LIXEIRA FLAT COM PEDAL - CHUMBO 14L;S;1000700;Linha Lixeiras;25.60;32.00;26.00;S;ok;
398.004.002;S;9717;LIXEIRA FLAT COM CLIQUE - BRANCA 12L;S;1000700;Linha Lixeiras;18.50;31.50;30.40;S;ok;
398.004.003;S;9718;LIXEIRA FLAT COM CLIQUE - PRETA 12L;S;1000700;Linha Lixeiras;18.50;31.50;30.40;S;ok;
398.004.086;S;11992;LIXEIRA FLAT COM CLIQUE - CHUMBO 12L;S;1000700;Linha Lixeiras;18.50;31.50;30.40;S;ok;
399.012.007;S;9722;PORTA LEITE EM PO - ROSA 280ML;S;1000100;Linha Cozinha;9.00;8.20;9.00;S;ok;
399.012.008;S;9723;PORTA LEITE EM PO - AZUL 280ML;S;1000100;Linha Cozinha;9.00;8.20;9.00;S;ok;
400.024.002;S;8037;ABRIDOR DE TAMPAS - BRANCO;S;1001701;Decor-Chef;5.00;3.00;14.00;S;ok;
4010.012.003;S;3604;ACUCAREIRO C/ TAMPA 836 ML (040/A);S;1000100;Linha Cozinha;7.90;15.90;12.90;S;ok;
403.024.002;S;9192;KIT BISCOITO FACIL - BRANCO;S;1001702;Decor-Confeitaria;6.00;16.50;6.00;S;ok;
4030.012.003;S;3611;FARINHEIRA C/ TAMPA 836 ML (040/F);S;1000100;Linha Cozinha;7.90;15.90;12.90;S;ok;
4040.012.003;S;3616;SALEIRO C/ TAMPA 836 ML (040/SG);S;1000100;Linha Cozinha;7.90;15.90;12.90;S;ok;
408.012.002;S;8017;KIT CHURROS FACIL - BRANCO;S;1001702;Decor-Confeitaria;16.50;23.50;16.50;S;ok;
419.024.002;S;8021;CORTADOR DE BATATAS - BRANCO;S;1001701;Decor-Chef;11.00;3.50;17.60;S;ok;
421.024.002;S;8019;CORTADOR E RALADOR DE LEGUMES - BRANCO;S;1001701;Decor-Chef;8.00;2.30;22.00;S;ok;
422.024.002;S;9205;KIT DECORADOR DE BOLO COM 7 PECAS - BRANCO;S;1001702;Decor-Confeitaria;5.00;20.00;5.00;S;ok;
423.024.002;S;9208;CONJUNTO BICO RUSSO CONFEITEIRO COM 5 PECAS - BRANCO;S;1001702;Decor-Confeitaria;3.20;3.00;3.20;S;ok;
427.024.002;S;8024;ESCORREDOR QUADRADO - BRANCO;S;1001701;Decor-Chef;24.20;11.00;25.50;S;ok;
427.024.003;S;8025;ESCORREDOR QUADRADO - PRETO;S;1001701;Decor-Chef;24.20;11.00;25.50;S;ok;
429.024.002;S;8028;ESCORREDOR MEIA LUA - BRANCO;S;1001701;Decor-Chef;12.00;1.10;33.60;S;ok;
429.024.003;S;8029;ESCORREDOR MEIA LUA - PRETO;S;1001701;Decor-Chef;12.00;1.10;33.60;S;ok;
434.024.002;S;9212;KIT DONUTS - BRANCO;S;1001702;Decor-Confeitaria;0.00;6.00;0.00;S;ok;
435.012.002;S;8033;HAMBURGUEIRA - BRANCA;S;1001701;Decor-Chef;0.00;11.00;0.00;S;ok;
438.006.M00;S;14161;TABUA DE CORTE TECA EXTRA G;S;1001801;Teca Tábuas;21.00;1.20;39.50;S;ok;
443.006.M00;S;14169;TABUA DE CORTE G COM ALÇA DE METAL;S;1001801;Teca Tábuas;21.00;1.20;39.50;S;ok;
444.012.001;S;8096;ORGANIZADOR PARA GAVETAS;S;1000600;Linha Organização;17.50;3.00;27.00;S;ok;
445.012.001;S;8100;ORGANIZADOR DE COSMETICOS E BIJOUTERIAS;S;1000600;Linha Organização;13.00;8.00;21.00;S;ok;
446.012.001;S;8101;ORGANIZADOR DE PINCEIS E ACESSORIOS;S;1000600;Linha Organização;9.50;10.50;13.00;S;ok;
449.006.002;S;7106;LIXEIRA JUTA COM PEDAL - BRANCA 6L;S;1000700;Linha Lixeiras;16.30;26.00;26.50;S;ok;
449.006.003;S;7110;LIXEIRA JUTA COM PEDAL - PRETA 6L;S;1000700;Linha Lixeiras;16.30;26.00;26.50;S;ok;
449.006.086;S;11993;LIXEIRA JUTA COM PEDAL - CHUMBO 6L;S;1000700;Linha Lixeiras;16.30;26.00;26.50;S;ok;
450.012.002;S;7117;LIXEIRA JUTA COM CLIQUE - BRANCA 4,5L;S;1000700;Linha Lixeiras;16.00;22.50;19.80;S;ok;
450.012.003;S;7120;LIXEIRA JUTA COM CLIQUE - PRETA 4,5L;S;1000700;Linha Lixeiras;16.00;22.50;19.80;S;ok;
450.012.086;S;11994;LIXEIRA JUTA COM CLIQUE - CHUMBO 4,5L;S;1000700;Linha Lixeiras;16.00;22.50;19.80;S;ok;
453.012.002;S;7139;LIXEIRA RATTAN COM CLIQUE - BRANCA 4,5L;S;1000700;Linha Lixeiras;16.00;22.50;19.00;S;ok;
453.012.003;S;7140;LIXEIRA RATTAN COM CLIQUE - PRETA 4,5L;S;1000700;Linha Lixeiras;16.00;22.50;19.00;S;ok;
453.012.086;S;11998;LIXEIRA RATTAN COM CLIQUE - CHUMBO 4,5L;S;1000700;Linha Lixeiras;16.00;22.50;19.00;S;ok;
458.024.002;S;8099;PORTA LEITE DE SAQUINHO - BRANCO;S;1001701;Decor-Chef;6.50;16.10;17.50;S;ok;
458.024.003;S;8145;PORTA LEITE DE SAQUINHO - PRETO;S;1001701;Decor-Chef;6.50;16.10;17.50;S;ok;
501.012.001;S;8862;CAIXA ORGANIZADORA FLAT COM TAMPA - TRANSPARENTE 2,35L;S;1000600;Linha Organização;11.60;10.80;25.00;S;ok;
501.012.002;S;8604;CAIXA ORGANIZADORA FLAT COM TAMPA - BRANCA 2,35L;S;1000600;Linha Organização;11.60;10.80;25.00;S;ok;
501.012.003;S;8605;CAIXA ORGANIZADORA FLAT COM TAMPA - PRETA 2,35L;S;1000600;Linha Organização;11.60;10.80;25.00;S;ok;
501.012.086;S;11806;CAIXA ORGANIZADORA FLAT COM TAMPA - CHUMBO 2,35L;S;1000600;Linha Organização;11.60;10.80;25.00;S;ok;
502.012.001;S;8863;CAIXA ORGANIZADORA FLAT COM TAMPA - TRANSPARENTE 3,75L;S;1000600;Linha Organização;17.50;10.70;25.50;S;ok;
502.012.002;S;8606;CAIXA ORGANIZADORA FLAT COM TAMPA - BRANCA 3,75L;S;1000600;Linha Organização;17.50;10.70;25.50;S;ok;
502.012.003;S;8607;CAIXA ORGANIZADORA FLAT COM TAMPA - PRETA 3,75L;S;1000600;Linha Organização;17.50;10.70;25.50;S;ok;
502.012.086;S;12002;CAIXA ORGANIZADORA FLAT COM TAMPA - CHUMBO 3,75L;S;1000600;Linha Organização;17.50;10.70;25.50;S;ok;
503.006.001;S;8864;CAIXA ORGANIZADORA FLAT COM TAMPA - TRANSPARENTE 10,35L;S;1000600;Linha Organização;25.90;13.90;35.00;S;ok;
503.006.002;S;8608;CAIXA ORGANIZADORA FLAT COM TAMPA - BRANCA 10,35L;S;1000600;Linha Organização;25.90;13.90;35.00;S;ok;
503.006.003;S;8609;CAIXA ORGANIZADORA FLAT COM TAMPA - PRETA 10,35L;S;1000600;Linha Organização;25.90;13.90;35.00;S;ok;
503.006.086;S;12003;CAIXA ORGANIZADORA FLAT COM TAMPA - CHUMBO 10,35L;S;1000600;Linha Organização;0.00;0.00;0.00;S;ok;
507.004.M03;S;8649;TABUA DE CORTE TECA COM GAVETA DE SERVIR - PRETA 2L;S;1001803;Teca Cozinha;25.70;5.80;35.00;S;ok;
545.012.002;S;9875;PORTA DETERGENTE E ESPONJA FLAT - BRANCO;S;1000100;Linha Cozinha;8.70;6.00;20.50;S;ok;
545.012.003;S;9876;PORTA DETERGENTE E ESPONJA FLAT - PRETO;S;1000100;Linha Cozinha;8.70;6.00;20.50;S;ok;
545.012.086;S;12008;PORTA DETERGENTE E ESPONJA FLAT - CHUMBO;S;1000100;Linha Cozinha;8.70;6.00;20.50;S;ok;
546.006.086;N;;;;;;;;;;artefato_provavel;2o campo lido como 006 - 546.012.086 existe (CODPROD 12009 PORTA ESCOVA FLAT CHUMBO)
546.012.002;S;9878;PORTA ESCOVAS FLAT - BRANCO;S;1000800;Linha Banheiro;8.00;20.80;8.00;S;ok;
546.012.003;S;9879;PORTA ESCOVAS FLAT - PRETO;S;1000800;Linha Banheiro;8.00;20.80;8.00;S;ok;
547.012.002;S;9881;PORTA ALGODAO E COTONETE FLAT - BRANCO;S;1000800;Linha Banheiro;8.00;13.50;8.00;S;ok;
547.012.003;S;9882;PORTA ALGODAO E COTONETE FLAT - PRETO;S;1000800;Linha Banheiro;8.00;13.50;8.00;S;ok;
547.012.086;S;12010;PORTA ALGODAO E COTONETE FLAT - CHUMBO;S;1000800;Linha Banheiro;8.00;13.50;8.00;S;ok;
548.024.002;S;9884;SABONETEIRA COM TELA FLAT - BRANCO;S;1000800;Linha Banheiro;7.60;2.30;10.60;S;ok;
548.024.003;S;9885;SABONETEIRA COM TELA FLAT - PRETO;S;1000800;Linha Banheiro;7.60;2.30;10.60;S;ok;
548.024.086;S;12011;SABONETEIRA COM TELA FLAT - CHUMBO;S;1000800;Linha Banheiro;7.60;2.30;10.60;S;ok;
549.024.998;S;14065;COPO SEM TAMPA SORTIDO 600ML;S;1001400;Linha Realce;8.50;15.20;8.50;S;ok;
549.024.999;S;14066;COPO COM TAMPA SORTIDO 600ML;S;1001400;Linha Realce;8.50;15.20;8.50;S;ok;
550.036.998;S;14067;CANECA SEM TAMPA SORTIDA 350ML;S;1001400;Linha Realce;8.90;11.90;11.30;S;ok;
550.036.999;S;14068;CANECA COM TAMPA SORTIDA 350ML;S;1001400;Linha Realce;8.90;11.90;11.30;S;ok;
552.002.M02;S;12068;CESTO DE ROUPAS EMPILHAVEL COM TAMPA TECA - BRANCO 43,8L;S;1001802;Teca Organização;34.50;49.50;35.00;S;ok;
552.002.M03;S;12069;CESTO DE ROUPAS EMPILHAVEL COM TAMPA TECA - PRETO 43,8L;S;1001802;Teca Organização;34.50;49.50;35.00;S;ok;
552.004.002;S;9898;CESTO DE ROUPAS EMPILHAVEL - BRANCO 43,8L;S;1000300;Linha Limpeza;34.50;49.50;35.00;S;ok;
552.004.003;S;9899;CESTO DE ROUPAS EMPILHAVEL - PRETO 43,8L;S;1000300;Linha Limpeza;34.50;49.50;35.00;S;ok;
553.012.002;S;9900;PORTA SABAO LIQUIDO FLAT - BRANCO 500ML;S;1000300;Linha Limpeza;7.90;16.00;7.90;S;ok;
553.012.003;S;9901;PORTA SABAO LIQUIDO FLAT - PRETO 500ML;S;1000300;Linha Limpeza;7.90;16.00;7.90;S;ok;
553.012.086;S;12012;PORTA SABAO LIQUIDO FLAT - CHUMBO 500ML;S;1000300;Linha Limpeza;7.90;16.00;7.90;S;ok;
554.006.P01;S;14072;KIT POP COM 6 POTES - TRANSPARENTE 330ML;S;1002001;POP;8.00;6.00;12.30;S;ok;
554.012.001;S;9911;POTE COM TAMPA FIXA - TRANSPARENTE 330ML;S;1000200;Linha Potes;8.00;6.00;12.30;S;ok;
554.012.003;S;14042;POTE COM TAMPA FIXA - PRETO 330ML;S;1000200;Linha Potes;8.00;6.00;12.30;S;ok;
555.006.P01;S;14073;KIT POP COM 6 POTES - TRANSPARENTE 600ML;S;1002001;POP;10.50;6.50;15.00;S;ok;
555.012.001;S;9914;POTE COM TAMPA FIXA - TRANSPARENTE 600ML;S;1000200;Linha Potes;10.50;6.50;15.00;S;ok;
555.012.003;S;14043;POTE COM TAMPA FIXA - PRETO 600ML;S;1000200;Linha Potes;10.50;6.50;15.00;S;ok;
556.012.001;S;9917;POTE COM TAMPA FIXA - TRANSPARENTE 1L;S;1000200;Linha Potes;13.00;7.70;17.50;S;ok;
556.012.003;S;14062;POTE COM TAMPA FIXA - PRETO 1L;S;1000200;Linha Potes;13.00;7.70;17.50;S;ok;
562.004.M00;S;9967;TABUA DE PIZZA COM CABO TECA;S;1001801;Teca Tábuas;38.00;1.50;49.00;S;ok;
563.004.M00;S;9968;TABUA DE PIZZA BROTINHO COM CABO TECA;S;1001801;Teca Tábuas;34.30;1.50;44.30;S;ok;
6120.006.P01;S;14076;KIT POP COM 6 POTES - TRANSPARENTE 500ML;S;1002001;POP;11.20;7.80;16.60;S;ok;
6120.050.001;S;132;POTE RASO RETANGULAR COM 2 PECAS - 500ML (061/2);S;1000200;Linha Potes;11.20;7.80;16.60;S;ok;
6130.030.001;S;133;POTE RASO RETANGULAR COM 3 PECAS - 500ML (061/3);S;1000200;Linha Potes;11.20;11.70;16.60;S;ok;
625.002.M00;S;10874;TABUA MULTIUSO MADEIRA TECA GRANDE GOURMET;S;1001801;Teca Tábuas;29.50;3.00;42.00;S;ok;
680.004.M00;S;12039;BOLEIRA TECA COM ACRILICO;S;1001803;Teca Cozinha;25.50;11.50;25.50;S;ok;
681.004.M00;S;12040;QUEIJEIRA TECA COM ACRILICO;S;1001803;Teca Cozinha;16.50;9.50;16.50;S;ok;
682.004.M00;S;12041;PETISQUEIRA TECA COM 3 MOLHEIRAS;S;1001804;Teca Petisqueira;8.80;18.00;24.50;S;ok;
683.004.M00;S;12042;PETISQUEIRA TECA COM 2 MOLHEIRAS;S;1001804;Teca Petisqueira;8.80;18.00;16.50;S;ok;
684.004.M00;S;12043;TABUA DE SERVIR TECA COM CABO E 2 MOLHEIRAS;S;1001804;Teca Petisqueira;17.50;1.80;40.00;S;ok;
685.004.M00;S;12044;TABUA DE SERVIR TECA COM 1 MOLHEIRA;S;1001804;Teca Petisqueira;23.00;1.80;23.00;S;ok;
686.004.M00;S;12045;TABUA DE SERVIR TECA COM 3 MOLHEIRAS;S;1001804;Teca Petisqueira;21.00;1.80;29.00;S;ok;
689.004.M00;S;12048;TABUA SERVIR TECA COM CABO E 1 MOLHEIRA;S;1001804;Teca Petisqueira;13.30;1.80;40.00;S;ok;
695.002.M00;S;14164;TABUA MULTIUSO MADEIRA TECA QUADRADA GOURMET;S;1001801;Teca Tábuas;21.00;1.20;39.50;S;ok;
700.006.001;S;4180;ORGANIZADOR DE GELADEIRA RATTAN - 7L;S;1001500;Linha Geladeira;27.50;8.20;38.20;S;ok;
701.006.001;S;4177;ORGANIZADOR DE GELADEIRA RATTAN - 4,5L;S;1001500;Linha Geladeira;22.00;8.20;31.90;S;ok;
702.006.001;S;4179;ORGANIZADOR DE GELADEIRA RATTAN - 3,2L;S;1001500;Linha Geladeira;19.50;8.20;25.00;S;ok;
703.006.001;S;4178;ORGANIZADOR DE GELADEIRA RATTAN - 4L;S;1001500;Linha Geladeira;19.50;10.40;25.00;S;ok;
704.006.01;N;;;;;;;;;;artefato_provavel;falta um zero - 704.006.001 existe (CODPROD 4176 ORGANIZADOR GELADEIRA RATTAN 2L)
705.006.001;S;4175;ORGANIZADOR DE GELADEIRA JUTA - 3,7L;S;1001500;Linha Geladeira;13.20;11.80;27.70;S;ok;
706.006.001;S;4174;ORGANIZADOR DE GELADEIRA JUTA - 1,5L;S;1001500;Linha Geladeira;10.00;8.70;20.80;S;ok;
712.012.001;S;12013;ORGANIZADOR DE GELADEIRA FLAT - 2,35L;S;1001500;Linha Geladeira;11.50;10.80;25.00;S;ok;
713.012.001;S;12014;ORGANIZADOR DE GELADEIRA FLAT - 3,75L;S;1001500;Linha Geladeira;17.50;10.70;25.20;S;ok;
817.012.001;S;12015;POTE ALTO COM VALVULA - TRANSPARENTE 1,5L;S;1000200;Linha Potes;15.00;7.00;25.00;S;ok;
818.012.001;S;12016;POTE ALTO COM VALVULA - TRANSPARENTE 2,9L;S;1000200;Linha Potes;19.00;9.00;31.00;S;ok;
819.012.001;S;12018;POTE ALTO COM VALVULA - TRANSPARENTE 4,6L;S;1000200;Linha Potes;21.00;7.00;36.00;S;ok;
820.006.002;S;12065;ESCORREDOR DE PRATOS FLAT - BRANCO;S;1000100;Linha Cozinha;26.80;12.00;41.50;S;ok;
820.006.003;S;12066;ESCORREDOR DE PRATOS FLAT - PRETO;S;1000100;Linha Cozinha;26.80;12.00;41.50;S;ok;
820.006.086;S;12067;ESCORREDOR DE PRATOS FLAT - CHUMBO;S;1000100;Linha Cozinha;26.80;12.00;41.50;S;ok;
821.004.001;S;12032;KIT POTE TAMPA FIXA COM 3 PECAS - TRANSPARENTE;S;1000200;Linha Potes;13.00;7.70;17.50;S;ok;
821.004.003;S;14074;KIT POTE TAMPA FIXA COM 3 PECAS - PRETO;S;1000200;Linha Potes;13.00;7.70;17.50;S;ok;
822.006.002;S;12070;ESCORREDOR DE TALHERES FLAT - BRANCO;S;1000100;Linha Cozinha;10.00;10.00;15.30;S;ok;
822.006.003;S;12071;ESCORREDOR DE TALHERES FLAT - PRETO;S;1000100;Linha Cozinha;10.00;10.00;15.30;S;ok;
822.006.086;S;12072;ESCORREDOR DE TALHERES FLAT - CHUMBO;S;1000100;Linha Cozinha;10.00;10.00;15.30;S;ok;
850.004.N03;S;14170;ARARA DE ROUPA NITRON-MOB;S;1001901;Nitron Mob;21.00;1.20;39.50;S;ok;
851.004.N03;S;14172;SAPATEIRA PEQUENA;S;1001901;Nitron Mob;21.00;1.20;39.50;S;ok;
852.004.N03;S;14173;SAPATEIRA GRANDE;S;1001901;Nitron Mob;21.00;1.20;39.50;S;ok;
853.004.N03;S;14171;KIT SUPORTE DECORATIVO (M);S;1001901;Nitron Mob;21.00;1.20;39.50;S;ok;
855.004.N03;S;14178;PRATELEIRA MULTIUSO G 2P;S;1001901;Nitron Mob;21.00;1.20;39.50;S;ok;
856.004.N03;S;14179;PRATELEIRA MULTIUSO G 3P;S;1001901;Nitron Mob;21.00;1.20;39.50;S;ok;
857.004.N03;S;14182;PRATELEIRA MULTIUSO G 4P;S;1001901;Nitron Mob;21.00;1.20;39.50;S;ok;
858.004.N03;S;14177;PRATELEIRA MULTIUSO M 2P;S;1001901;Nitron Mob;21.00;1.20;39.50;S;ok;
859.004.N03;S;14176;PRATELEIRA MULTIUSO M 3P;S;1001901;Nitron Mob;21.00;1.20;39.50;S;ok;
860.004.N03;S;14181;PRATELEIRA MULTIUSO M 4P;S;1001901;Nitron Mob;21.00;1.20;39.50;S;ok;
861.004.N03;S;14174;PRATELEIRA MULTIUSO P 2P;S;1001901;Nitron Mob;21.00;1.20;39.50;S;ok;
862.004.N03;S;14175;PRATELEIRA MULTIUSO P 3P;S;1001901;Nitron Mob;21.00;1.20;39.50;S;ok;
863.004.N03;S;14180;PRATELEIRA MULTIUSO P 4P;S;1001901;Nitron Mob;21.00;1.20;39.50;S;ok;
920.004.002;S;12022;CONJ. PORTA DETERGENTE FLAT COM 2 PECAS - BRANCO 500ML;S;1000100;Linha Cozinha;8.60;16.30;20.40;S;ok;
920.004.003;S;12023;CONJ. PORTA DETERGENTE FLAT COM 2 PECAS - PRETO 500ML;S;1000100;Linha Cozinha;8.60;16.30;20.40;S;ok;
920.004.086;S;12024;CONJ. PORTA DETERGENTE FLAT COM 2 PECAS - CHUMBO 500ML;S;1000100;Linha Cozinha;8.60;16.30;20.40;S;ok;
