referencia;codprod;descrprod;nomegrupo;faturamento_12m;qtd_clientes
002.036.002;38;TABUA POPULAR - BRANCA (018/B);Linha Cozinha;140381.74;192
003.006.002;282;GAVETEIRO COM 3 GAVETAS - BRANCA (004/3B);Linha Organização;135422.22;337
003.006.003;283;GAVETEIRO COM 3 GAVETAS - PRETA (004/3P);Linha Organização;232957.21;499
003.006.012;6541;GAVETEIRO COM 3 GAVETAS - ROSA;Linha Organização;30463.28;127
004.006.002;285;GAVETEIRO COM 4 GAVETAS - BRANCA (004/4B);Linha Organização;472218.28;359
004.006.003;286;GAVETEIRO COM 4 GAVETAS - PRETA (004/4P);Linha Organização;739649.29;589
004.006.012;6542;GAVETEIRO COM 4 GAVETAS - ROSA;Linha Organização;183630.34;121
006.030.998;14063;COPO BABY COM TAMPA - CACHORRO/PANDA 250ML;Linha Infantil;69.00;1
006.030.999;471;COPO BABY COM TAMPA - SORTIDO 250 ML (006);Linha Infantil;40701.88;320
008.012.002;6543;PORTA SABAO EM PO COM DOSADOR - BRANCO 2 KG;Linha Limpeza;194491.75;355
008.012.003;6544;PORTA SABAO EM PO COM DOSADOR - PRETO 2 KG;Linha Limpeza;238697.68;508
010.001.003;13998;CAIXA EXPOSITORA COM 40 KITS COM 10 CABIDES - PRETO;Linha Organização;6239.65;9
010.010.003;13999;CABIDE COM 10 PECAS - PRETO;Linha Organização;3481.00;18
010.012.001;7186;CABIDE COM 3 PECAS - TRANSPARENTE;Linha Organização;40415.81;144
011.036.001;226;ORGANIZA TUDO COM 7 DIVISORIAS (011);Linha Organização;144071.01;577
012.012.016;6697;PORTA SABAO EM PO 600 G;Linha Limpeza;45511.38;532
013.050.003;8245;SUPORTE PARA BOTIJAO - PRETO;Linha Organização;663645.62;1146
013.050.004;228;SUPORTE PARA BOTIJAO - AREIA (013);Linha Organização;1278677.41;722
015.012.002;6547;RALADOR PRATIC COM POTE - BRANCO 420ML;Linha Cozinha;18538.47;160
015.012.003;6548;RALADOR PRATIC COM POTE - PRETO 420ML;Linha Cozinha;28124.98;249
016.012.002;3296;ESCORREDOR DE TALHERES MAX - BRANCO (016/B);Linha Cozinha;60055.60;576
016.012.003;3297;ESCORREDOR DE TALHERES MAX - PRETO (016/P);Linha Cozinha;131079.78;957
016.012.086;11822;ESCORREDOR DE TALHERES MAX - CHUMBO;Linha Cozinha;29299.15;308
017.024.999;229;PA DE LIXO INOVA (017);Linha Limpeza;89603.83;281
018.030.002;3;TABUA MULTIUSO GRANDE (018);Linha Cozinha;100928.92;193
019.024.001;230;ORGANIZA TUDO COM 10 DIVISORIAS (019);Linha Organização;408590.74;872
020.024.001;178;FORMA DE PUDIM PARA MICRO-ONDAS 1,9L (020);Linha Micro-ondas;72721.12;1342
023.030.002;4;RALADOR COM 4 FACES (023);Linha Cozinha;182716.25;349
024.012.002;6553;CESTINHO PARA PRENDEDOR FLORAL - BRANCO;Linha Limpeza;39072.14;312
024.012.003;6554;CESTINHO PARA PRENDEDOR FLORAL - PRETO;Linha Limpeza;37819.05;293
027.012.001;163;PORTA PAO ARMAZENA E CONSERVA - 2,7L (027);Linha Potes;519707.00;1089
028.012.002;5896;ESCORREDOR DE ARROZ TRADICIONAL - BRANCO;Linha Cozinha;84637.74;580
028.012.003;5897;ESCORREDOR DE ARROZ TRADICIONAL - PRETO;Linha Cozinha;100491.69;944
030.012.001;4084;POTE MONTEREY COM 3 DIVISORIAS - TRANSPARENTE 1,1L (0307.012.001);Linha Potes;250297.93;459
030.012.003;13976;POTE MONTEREY COM 3 DIVISORIAS - PRETO 1,1L;Linha Potes;25746.36;95
032.012.002;9608;JARRA COM TAMPA - BRANCO 2L;Linha Jarras;140806.36;681
032.012.547;4262;JARRA COM TAMPA - VERMELHO 2L;Linha Jarras;304681.58;849
033.012.002;9609;JARRA COM ESPREMEDOR - BRANCO 2L;Linha Jarras;51657.43;298
033.012.547;4230;JARRA COM ESPREMEDOR - VERMELHO 2L;Linha Jarras;133967.58;464
034.012.001;4087;POTE MONACO COM 3 DIVISORIAS - TRANSPARENTE 1L;Linha Potes;244281.34;712
034.012.003;14007;POTE MONACO COM 3 DIVISORIAS - PRETO 1L;Linha Potes;5421.13;31
039.012.002;6260;ESCORREDOR BASICO COM CABO - BRANCO;Linha Cozinha;25643.88;261
039.012.003;6261;ESCORREDOR BASICO COM CABO - PRETO;Linha Cozinha;38752.28;447
041.012.002;290;ORGANIZADOR MULTIUSO RATTAN COM 3 DIVISÓRIAS - BRANCO (041/B);Linha Organização;341502.29;1186
041.012.003;293;ORGANIZADOR MULTIUSO RATTAN COM 3 DIVISORIAS - PRETO (041/P);Linha Organização;859105.00;1727
041.012.086;11825;ORGANIZADOR MULTIUSO RATTAN COM 3 DIVISORIAS - CHUMBO;Linha Organização;92531.34;593
043.012.002;296;FRASQUEIRA MEDICAMENTOS - BRANCA 1,4L (043/M);Linha Frasqueiras;663232.39;1065
043.012.009;6572;FRASQUEIRA MEDICAMENTOS - VERMELHA 1,4L;Linha Frasqueiras;132536.91;386
044.012.005;201;PORTA FILTRO PARA CAFÉ (044);Linha Cozinha;201220.37;800
045.012.001;1602;FORMA DE PUDIM PARA MICRO-ONDAS COM TAMPA 1,9L (045);Linha Micro-ondas;73024.85;281
046.012.002;6324;PORTA OLEO ITALIA - BRANCO;Linha Cozinha;173136.58;1038
046.012.003;6325;PORTA OLEO ITALIA - PRETO;Linha Cozinha;438457.13;1746
047.012.002;298;CESTO ORGANIZADOR VIME - BRANCO 7L (047/B);Linha Organização;72515.54;246
047.012.003;302;CESTO ORGANIZADOR VIME - PRETO 7L (047/P);Linha Organização;81933.89;323
050.012.001;4106;POTE PREMIER COM 4 DIVISORIAS - TRANSPARENTE 1,1L;Linha Potes;144018.86;497
050.012.003;13977;POTE PREMIER COM 4 DIVISORIAS - PRETO 1,1L;Linha Potes;16743.48;87
051.012.002;3300;PORTA DETERGENTE 3 EM 1 - BRANCO (051/B);Linha Cozinha;86647.64;650
051.012.003;3301;PORTA DETERGENTE 3 EM 1 - PRETO (051/P);Linha Cozinha;230461.39;1296
051.012.086;11827;PORTA DETERGENTE 3 EM 1 - CHUMBO;Linha Cozinha;41706.07;303
052.006.002;427;LIXEIRA RATTAN COM PEDAL - BRANCA 6L (052/B);Linha Lixeiras;904483.82;1110
052.006.003;431;LIXEIRA RATTAN COM PEDAL - PRETA 6L (052/P);Linha Lixeiras;1019431.18;1313
052.006.086;11828;LIXEIRA RATTAN COM PEDAL - CHUMBO 6L;Linha Lixeiras;550624.96;688
053.004.002;3108;PRATELEIRA MULTI USO COM 4 ANDARES - BRANCA (053/B);Linha Organização;115762.35;295
053.004.003;434;PRATELEIRA MULTI USO COM 4 ANDARES - PRETA (053/P);Linha Organização;184193.96;334
054.004.001;237;CESTO DE ROUPAS 47L (054);Linha Limpeza;25814.42;53
054.004.003;11346;CESTO DE ROUPAS 47 LT COM ALCA;Linha Limpeza;8507.08;16
055.012.002;6257;ESCORREDOR MULTI USO - BRANCO;Linha Cozinha;64323.58;282
055.012.003;6256;ESCORREDOR MULTI USO - PRETO;Linha Cozinha;248395.68;579
056.012.002;6262;ESCORREDOR LUXO COM CABO - BRANCO;Linha Cozinha;116732.87;419
056.012.003;6263;ESCORREDOR LUXO COM CABO - PRETO;Linha Cozinha;47551.82;347
059.012.002;3303;ESCORREDOR DE PRATOS - BRANCO (059/B);Linha Cozinha;100467.81;424
059.012.003;3304;ESCORREDOR DE PRATOS - PRETO (059/P);Linha Cozinha;384282.31;911
059.012.086;11829;ESCORREDOR DE PRATOS - CHUMBO;Linha Cozinha;35854.49;190
060.012.002;6574;PORTA TALHERES PARIS COM 4 DIVISORIAS E TAMPA - BRANCO;Linha Cozinha;250288.25;1026
060.012.003;6575;PORTA TALHERES PARIS COM 4 DIVISORIAS E TAMPA - PRETO;Linha Cozinha;318592.55;1054
062.012.002;307;CAIXA ORGANIZADORA RATTAN COM TAMPA - BRANCA 4L (062/B);Linha Organização;311737.11;431
062.012.003;311;CAIXA ORGANIZADORA RATTAN COM TAMPA - PRETA 4L (062/P);Linha Organização;315555.50;538
062.012.086;11831;CAIXA ORGANIZADORA RATTAN COM TAMPA - CHUMBO 4L;Linha Organização;60957.32;188
064.012.002;9610;JARRA COM TUBO PARA GELO - BRANCO 2L;Linha Jarras;37953.53;191
064.012.547;4266;JARRA COM TUBO PARA GELO - VERMELHO 2L;Linha Jarras;78084.59;190
065.012.002;319;CAIXA ORGANIZADORA RATTAN COM TAMPA - BRANCA 2L (065/B);Linha Organização;157591.03;399
065.012.003;323;CAIXA ORGANIZADORA RATTAN COM TAMPA - PRETA 2L (065/P);Linha Organização;200308.95;485
065.012.086;11853;CAIXA ORGANIZADORA RATTAN COM TAMPA - CHUMBO 2L;Linha Organização;33301.31;180
067.012.002;6269;SALEIRO - TRANSPARENTE E BRANCO;Linha Cozinha;77301.01;668
067.012.003;6271;SALEIRO - TRANSPARENTE E PRETO;Linha Cozinha;145218.67;794
068.012.002;331;CAIXA ORGANIZADORA RATTAN COM TAMPA - BRANCA 8L (068/B);Linha Organização;330909.31;399
068.012.003;335;CAIXA ORGANIZADORA RATTAN COM TAMPA - PRETA 8L (068/P);Linha Organização;314588.44;425
068.012.086;11854;CAIXA ORGANIZADORA RATTAN COM TAMPA - CHUMBO 8L;Linha Organização;86249.99;167
069.006.002;343;CAIXA ORGANIZADORA RATTAN COM TAMPA - BRANCA 16L (069/B);Linha Organização;566454.34;418
069.006.003;347;CAIXA ORGANIZADORA RATTAN COM TAMPA - PRETA 16L (069/P);Linha Organização;606962.34;512
069.006.086;11855;CAIXA ORGANIZADORA RATTAN COM TAMPA - CHUMBO 16L;Linha Organização;73820.36;194
070.006.002;5898;ESCORREDOR LUXO - BRANCO;Linha Cozinha;126866.30;683
070.006.003;5899;ESCORREDOR LUXO - PRETO;Linha Cozinha;144426.93;847
075.024.001;498;SANDUICHEIRA PRATIC - 600ML (075);Linha Cozinha;83281.03;535
076.024.001;6577;SABONETEIRA COM TAMPA - TRANSPARENTE;Linha Banheiro;86577.03;715
076.024.066;6578;SABONETEIRA COM TAMPA - FUME;Linha Banheiro;32256.80;721
077.012.002;5900;ESCORREDOR IDEAL - BRANCO;Linha Cozinha;94377.40;620
077.012.003;5901;ESCORREDOR IDEAL - PRETO;Linha Cozinha;104979.63;818
078.036.001;203;FORMA DE GELO FIRENZE (078);Linha Cozinha;153793.64;552
079.012.002;3306;PORTA SHAMPOO E PRATELEIRA MADRI - BRANCO (079/B);Linha Banheiro;205126.37;903
079.012.003;3307;PORTA SHAMPOO E PRATELEIRA MADRI - PRETO (079/P);Linha Banheiro;422170.48;1167
081.012.002;6272;PORTA PAPEL TOALHA - BRANCO;Linha Cozinha;22711.54;256
081.012.003;6273;PORTA PAPEL TOALHA - PRETO;Linha Cozinha;31578.92;459
088.012.002;9611;JARRA ESTRELA COM TAMPA - BRANCO 1,6L;Linha Jarras;19934.76;193
088.012.547;4269;JARRA ESTRELA COM TAMPA - VERMELHO 1,6L;Linha Jarras;45238.89;303
090.012.002;6658;SALEIRO RUBI - TRANSPARENTE E BRANCO 1 KG;Linha Cozinha;89756.36;546
090.012.003;6659;SALEIRO RUBI - TRANSPARENTE E PRETO 1 KG;Linha Cozinha;117361.91;761
091.012.002;3308;LIXEIRA VERONA - BRANCA 4L (091/B);Linha Lixeiras;26608.88;243
091.012.003;6660;LIXEIRA VERONA - PRETA 4L;Linha Lixeiras;37070.14;330
092.012.002;6580;SABONETEIRA DE PAREDE COM VENTOSA - BRANCO;Linha Banheiro;143220.46;579
092.012.003;6581;SABONETEIRA DE PAREDE COM VENTOSA - PRETO;Linha Banheiro;50636.38;623
093.012.002;3311;CESTINHO VERSATIL - BRANCO 4,2L (093/B);Linha Organização;20513.51;185
093.012.003;3312;CESTINHO VERSATIL - PRETO 4,2L (093/P);Linha Organização;30385.67;260
094.012.002;6582;ACUCAREIRO DOCURA - BRANCO;Linha Cozinha;17357.87;283
094.012.003;6583;ACUCAREIRO DOCURA - PRETO;Linha Cozinha;17774.27;348
095.012.002;3355;CANTONEIRA PARA BANHEIRO PREMIUM - BRANCO (095/B);Linha Banheiro;351926.18;850
095.012.003;3314;CANTONEIRA PARA BANHEIRO PREMIUM- PRETO (095/P);Linha Banheiro;363781.98;842
096.012.002;52;ESCORREDOR DE PRATOS RATTAN - BRANCO (096/B);Linha Cozinha;63400.83;213
096.012.003;55;ESCORREDOR DE PRATOS RATTAN - PRETO (096/P);Linha Cozinha;191514.17;337
096.012.086;11860;ESCORREDOR DE PRATOS RATTAN - CHUMBO;Linha Cozinha;14771.65;77
097.012.001;243;NITRONBOX 10L (097);Linha Organização;195516.18;249
098.012.999;14016;BALDE LIMPEX - SORTIDO 8L;Linha Limpeza;15666.52;68
100.006.002;3316;LIXEIRA COM PEDAL - BRANCA 7L (100/B);Linha Lixeiras;217844.17;668
100.006.003;6747;LIXEIRA COM PEDAL - PRETA 7L;Linha Lixeiras;319162.37;789
103.024.003;6585;MARMIBOX COM DIVISORIA PARA TALHERES - PRETO 780ML;Linha Potes;250322.05;499
105.024.003;6711;MARMITA BOM APETITE COM BANDEIJA E VALVULA - PRETO 800ML;Linha Potes;248640.09;414
106.012.001;245;ORGANIZA TUDO COM 16 DIVISORIAS (106);Linha Organização;533419.13;783
109.012.001;247;NITRONBOX 6L (109);Linha Organização;120671.23;250
110.006.001;248;NITRONBOX 20L (110);Linha Organização;127135.56;253
111.012.002;9612;ESPREMEDOR PORTATIL FIT - BRANCO 510ML;Linha Jarras;59739.31;337
111.012.549;4271;ESPREMEDOR PORTATIL FIT - VERMELHO 510ML;Linha Jarras;186127.74;615
112.012.002;9613;COPO MEDIDOR COM TAMPA - BRANCO 500ML;Linha Jarras;19837.11;180
112.012.547;4273;COPO MEDIDOR COM TAMPA - VERMELHO 500ML;Linha Cozinha;24092.60;197
113.012.002;6276;TANQUINHO PORTA SABAO EM BARRA - BRANCO;Linha Limpeza;24128.19;202
113.012.003;6277;TANQUINHO PORTA SABAO EM BARRA - PRETO;Linha Limpeza;33847.66;295
114.012.002;9614;JARRINHA COM ESPREMEDOR - BRANCO 500ML;Linha Jarras;50664.54;524
114.012.547;4275;JARRINHA COM ESPREMEDOR - VERMELHO 500ML;Linha Jarras;143892.79;641
116.012.002;3318;PORTA DETERGENTE COM TELINHA - BRANCO (116/B);Linha Cozinha;83941.86;636
116.012.003;3319;PORTA DETERGENTE COM TELINHA - PRETO (116/P);Linha Cozinha;162300.53;897
116.012.086;11861;PORTA DETERGENTE COM TELINHA - CHUMBO;Linha Cozinha;21816.46;245
117.012.002;22;TABUA EXTRA GRANDE - BRANCA (117);Linha Cozinha;205478.07;219
120.006.001;14104;FRASQUEIRA COM BANDEJA - ROSA 2,8L;Linha Frasqueiras;17193.73;109
120.006.012;7099;FRASQUEIRA COM BANDEJA - ROSA 2,8L;Linha Frasqueiras;110560.90;432
121.012.002;6278;ESCORREDOR DE ARROZ CARIBE - BRANCO;Linha Cozinha;26288.19;309
121.012.003;6279;ESCORREDOR DE ARROZ CARIBE - PRETO;Linha Cozinha;43265.69;491
122.012.002;6594;PORTA ESCOVAS COM TAMPA - BRANCO;Linha Banheiro;501028.91;1209
122.012.003;7160;PORTA ESCOVAS COM TAMPA - PRETO;Linha Banheiro;534063.95;1170
122.012.066;6596;PORTA ESCOVAS COM TAMPA - FUME;Linha Banheiro;316533.90;948
123.012.027;7069;CAIXA DE FERRAMENTAS NITRONFORT - AMARELA 2,2L;Linha Frasqueiras;60907.95;199
123.012.028;7070;CAIXA DE FERRAMENTAS NITRONFORT - LARANJA 2,2L;Linha Frasqueiras;275472.05;501
123.012.045;6714;CAIXA DE FERRAMENTAS NITRONFORT - AZUL 2,2L;Linha Frasqueiras;84188.99;329
124.012.003;6715;KIT MARMITA COM TALHERES - PRETO 780ML;Linha Potes;30854.70;158
125.012.001;253;NITRONBOX 4,3L (125);Linha Organização;49152.34;183
126.006.001;14009;FRASQUEIRA COM BANDEJA - ROSA 6,2L;Linha Frasqueiras;15974.04;87
126.006.619;6395;FRASQUEIRA COM BANDEJA - ROSA 6,2L;Linha Frasqueiras;158172.45;473
128.012.002;6597;CESTINHO PARA PRENDEDOR - BRANCO;Linha Limpeza;50495.34;343
128.012.003;6598;CESTINHO PARA PRENDEDOR - PRETO;Linha Limpeza;101786.96;672
129.012.002;6282;PORTA TALHER STILLO COM 4 DIVISORIAS - BRANCO;Linha Cozinha;26672.12;297
129.012.003;6283;PORTA TALHERES STILLO COM 4 DIVISORIAS - PRETO;Linha Cozinha;28898.46;315
130.012.002;3290;LIXEIRA RETRATIL - BRANCA 4L (130/B);Linha Lixeiras;92278.44;482
130.012.003;6661;LIXEIRA RETRATIL - PRETA 4L;Linha Lixeiras;187630.49;718
131.012.002;13984;FRASQUEIRA MEDICAMENTOS - BRANCA 2,2L;Linha Frasqueiras;25262.76;96
131.012.009;13985;FRASQUEIRA MEDICAMENTOS - VERMELHA 2,2L;Linha Frasqueiras;12409.32;46
132.036.683;25;PRATO UNITARIO (132);Linha Infantil;59114.16;234
133.012.002;60;PORTA DETERGENTE RATTAN COM BASE - BRANCO (133/B);Linha Cozinha;174333.14;835
133.012.003;64;PORTA DETERGENTE RATTAN COM BASE - PRETO (133/P);Linha Cozinha;522953.07;1380
133.012.086;11862;PORTA DETERGENTE RATTAN COM BASE - CHUMBO;Linha Cozinha;89583.68;493
134.012.002;438;LIXEIRA BASCULANTE RATTAN - BRANCA 4,5L (134/B);Linha Lixeiras;266784.28;707
134.012.003;443;LIXEIRA BASCULANTE RATTAN - PRETO 4,5L (134/P);Linha Lixeiras;561419.34;911
134.012.086;11863;LIXEIRA BASCULANTE RATTAN - CHUMBO 4,5L;Linha Lixeiras;144700.48;313
135.024.001;179;TAMPA PARA MICRO-ONDAS - TRANSPARENTE (135);Linha Micro-ondas;355308.60;1044
136.024.001;180;TRAVESSA MICRO-ONDAS COM TAMPA - TRANSPARENTE 1,5L (136);Linha Micro-ondas;23946.37;107
137.012.002;257;FRASQUEIRA MEDICAMENTOS - BRANCA 2,8L (137);Linha Frasqueiras;1673686.75;1162
137.012.009;6599;FRASQUEIRA MEDICAMENTOS - VERMELHA 2,8L;Linha Frasqueiras;91348.28;279
138.012.001;258;ORGANIZA TUDO COM 11 DIVISORIAS (138);Linha Organização;387480.06;861
139.012.001;4119;POTE COM 3 DIVISORIAS - TRANSPARENTE 1,1L;Linha Potes;312662.12;957
139.012.003;13818;POTE COM 3 DIVISORIAS - PRETO 1,1L;Linha Potes;20809.89;107
140.012.001;6284;ESTOJO MULTI USO - TRANSPARENTE;Linha Organização;130666.19;865
140.012.066;6601;ESTOJO MULTI USO - FUME;Linha Organização;70165.55;548
142.006.002;260;FRASQUEIRA MEDICAMENTOS - BRANCA 6,2L (142);Linha Frasqueiras;1439168.58;989
142.006.009;11865;FRASQUEIRA MEDICAMENTOS - VERMELHA 6,2L;Linha Frasqueiras;159567.71;251
144.006.002;6303;PORTA TALHER COM 6 DIVISORIAS E TAMPA - BRANCO;Linha Cozinha;407369.62;1048
144.006.003;6304;PORTA TALHER COM 6 DIVISORIAS E TAMPA - PRETO;Linha Cozinha;434598.16;1138
146.024.001;181;FORMA DE OVOS E OMELETEIRA MICRO-ONDAS (146);Linha Micro-ondas;253547.82;644
147.012.604;6397;FRASQUEIRA MINI - NATURAL 1L;Linha Frasqueiras;139229.27;593
147.012.607;6400;FRASQUEIRA MINI - ROSA 1L;Linha Frasqueiras;48799.35;809
148.004.002;4351;LIXEIRA BASCULANTE - BRANCA 14L;Linha Lixeiras;99519.05;264
148.004.003;6662;LIXEIRA BASCULANTE - PRETA 14L;Linha Lixeiras;174129.59;365
149.024.001;182;CACAROLA MICRO-ONDAS - TRANSPARENTE 2,6L (149);Linha Micro-ondas;322251.72;670
150.004.002;3276;LIXEIRA COM PEDAL - BRANCA 16L (150/B);Linha Lixeiras;140267.70;396
150.004.003;3285;LIXEIRA COM PEDAL - PRETA 16L (150/P);Linha Lixeiras;265669.61;530
151.012.001;4122;POTE ALTO COM TRAVAS - TRANSPARENTE 4,3L;Linha Potes;213603.16;544
151.012.003;14049;POTE ALTO COM TRAVAS - PRETO 4,3L;Linha Potes;31858.92;78
152.006.002;11997;KIT MANTIMENTOS COM 5 PECAS - BRANCO;Linha Potes;27493.02;105
152.006.003;81;KIT MANTIMENTOS COM 5 PECAS - PRETO (152);Linha Potes;299992.80;302
153.012.002;9615;JARRA COM TAMPA FLIP TOP - BRANCO 2L;Linha Jarras;191484.03;715
153.012.546;4146;JARRA COM TAMPA FLIP TOP - VERMELHO 2L;Linha Jarras;319913.49;868
154.006.861;3612;KIT POTE ALTO COLORATTO COM 2 PECAS - 460ML (286/K);Linha Coloratto;36688.83;201
154.012.001;4147;POTE ALTO COM TRAVAS - TRANSPARENTE 460ML;Linha Potes;101377.25;826
154.012.003;13822;POTE ALTO COM TRAVAS - PRETO 460ML;Linha Potes;8989.92;121
155.006.861;12035;KIT POTE ALTO COLORATTO COM 2 PECAS - 850 ML;Linha Coloratto;13920.07;108
155.012.001;4150;POTE ALTO COM TRAVAS - TRANSPARENTE 850ML;Linha Potes;227906.20;945
155.012.003;13979;POTE ALTO COM TRAVAS - PRETO 850ML;Linha Potes;12062.91;104
156.012.001;4155;POTE ALTO COM TRAVAS - TRANSPARENTE 2,2L;Linha Potes;275049.01;942
156.012.003;13983;POTE ALTO COM TRAVAS - PRETO 2,2L;Linha Potes;15974.52;90
157.024.009;85;POTE TOMATINHO COM TRAVAS - 850ML (157);Linha Potes;36913.50;195
158.024.029;86;POTE FEIJAO COM TRAVAS - 850ML (158);Linha Potes;54604.70;292
161.012.002;3322;PORTA TUDO - BRANCO 1L (161/B);Linha Organização;33921.65;222
162.012.002;3325;CESTO COM ALCA - BRANCO 8,5L (162/B);Linha Organização;56253.81;172
162.012.003;3269;CESTO COM ALCA - PRETO 8,5L (162/P);Linha Organização;76223.91;245
163.004.002;447;LIXEIRA VIME - BRANCA 12L (163/B);Linha Lixeiras;302408.01;610
163.004.003;451;LIXEIRA VIME - PRETA 12L (163/P);Linha Lixeiras;770151.73;890
163.004.086;11871;LIXEIRA VIME - CHUMBO 12L;Linha Lixeiras;173982.25;432
164.006.001;265;MALETA ORGANIZA TUDO COM DIVISORIAS MOVEIS (164);Linha Organização;103051.26;231
165.006.002;3327;ESCORREDOR DE PRATOS - BRANCO (165/B);Linha Cozinha;45954.14;220
165.006.003;3328;ESCORREDOR DE PRATOS - PRETO (165/P);Linha Cozinha;149730.62;459
165.006.086;11872;ESCORREDOR DE PRATOS  - CHUMBO;Linha Cozinha;26298.37;126
166.024.001;171;PORTA BISCOITOS E TORRADAS - 650ML (166);Linha Potes;255181.65;746
167.010.003;14006;CABIDE STILL COM 10 PECAS - PRETO;Linha Organização;4253.50;18
167.012.001;7189;CABIDE STILL COM 3 PECAS - TRANSPARENTE;Linha Organização;25033.42;149
169.012.002;6611;BOLEIRA BARCELONA COM ALCA - BRANCA;Linha Cozinha;109802.85;389
169.012.003;6612;BOLEIRA BARCELONA COM ALCA - PRETO;Linha Cozinha;140617.50;525
170.006.027;6718;CAIXA DE FERRAMENTAS NITRONFORT - AMARELA 16L;Linha Organização;89746.77;207
170.006.028;266;CAIXA DE FERRAMENTAS NITRONFORT - LARANJA 16L (170);Linha Organização;419184.92;489
170.006.045;6719;CAIXA DE FERRAMENTAS NITRONFORT - AZUL 16L;Linha Organização;101848.10;332
172.012.998;14018;PA DE LIXO COM CABO;Linha Limpeza;32884.68;205
172.012.999;268;PA DE LIXO COM CABO (172);Linha Limpeza;874221.25;1050
173.012.002;3331;LIXEIRA FENIX - BRANCA 4,2L (173/B);Linha Lixeiras;34939.90;217
173.012.003;7135;LIXEIRA FENIX - PRETA 4,2L;Linha Lixeiras;42927.25;255
176.024.001;172;POTE COM VALVULA E TRAVAS - 600ML (176);Linha Potes;31796.35;156
177.012.002;3334;CESTO COM ALCA - BRANCO 5L (177/B);Linha Organização;43834.29;266
177.012.003;3335;CESTO COM ALCA - PRETO 5L (177/P);Linha Organização;47173.58;305
178.024.001;183;CACAROLA MICRO-ONDAS - TRANSPARENTE 1,5L (178);Linha Micro-ondas;156472.99;440
179.024.001;212;PORTA FRIOS COM PINCA - 1,1L (179);Linha Cozinha;498382.64;775
182.012.002;9616;JARRA COM TAMPA FLIP TOP - BRANCO 4L;Linha Jarras;104879.67;312
182.012.546;4287;JARRA COM TAMPA FLIP TOP - VERMELHO 4L;Linha Jarras;161891.71;353
184.010.003;13820;CABIDE COM 10 PECAS - PRETO;Linha Infantil;2783.50;15
184.016.001;11873;CABIDE COM 3 PECAS - TRANSPARENTE;Linha Infantil;21946.65;113
185.012.002;368;PORTA VASSOURAS COM 4 ENCAIXES - BRANCO (185/B);Linha Limpeza;419905.88;761
185.012.003;3174;PORTA VASSOURAS COM 4 ENCAIXES - PRETO (185/P);Linha Limpeza;639710.47;1115
186.006.002;272;FRASQUEIRA MEDICAMENTOS MEGA LUXO - BRANCA 12L (186);Linha Frasqueiras;442151.62;378
186.006.009;11874;FRASQUEIRA MEDICAMENTOS MEGA LUXO - VERMELHA 12L;Linha Frasqueiras;133662.57;128
187.006.001;273;ORGANIZA TUDO COM DIVISORIAS MOVEIS (187);Linha Organização;414222.22;505
188.012.002;3337;ESCORREDOR DE PRATOS SUPER PRATICO - BRANCO (188/B);Linha Cozinha;19552.42;125
188.012.003;3338;ESCORREDOR DE PRATOS SUPER PRATICO - PRETO (188/P);Linha Cozinha;33554.56;217
188.012.086;11876;ESCORREDOR DE PRATOS SUPER PRATICO - CHUMBO;Linha Cozinha;9196.31;59
190.012.001;87;KIT POTES ALTOS COM TRAVAS E 3 PECAS - TRANSPARENTE (190);Linha Potes;24459.00;80
190.012.003;14070;KIT POTES ALTOS COM TRAVAS E 3 PECAS - PRETO;Linha Potes;1140.12;5
191.012.001;4077;POTE COM 2 DIVISORIAS - TRANSPARENTE 720ML;Linha Potes;52479.02;308
191.012.003;14008;POTE COM 2 DIVISORIAS - PRETO 720ML;Linha Potes;11491.56;61
193.024.001;6762;SABONETEIRA COM TELINHA - TRANSPARENTE;Linha Banheiro;104539.66;1070
193.024.066;6616;SABONETEIRA COM TELINHA - FUME;Linha Banheiro;80303.39;1037
194.012.009;185;CACAROLA LEGUMIX MICRO-ONDAS COM CESTO - TRANSPARENTE 2,6L (194);Linha Micro-ondas;124068.22;355
195.006.012;7098;FRASQUEIRA CRISTAL COM DIVISORIAS - ROSA 1,5L;Linha Frasqueiras;231879.79;589
195.006.609;6388;FRASQUEIRA CRISTAL COM DIVISORIAS - PRETO 1,5L;Linha Frasqueiras;58929.02;347
196.006.001;4072;POTE PREMIUM - TRANSPARENTE 7,9L;Linha Potes;174950.53;464
197.024.010;174;MARMITA DUE COM DIVISORIA MOVEL - 600ML (197);Linha Potes;25836.60;160
198.012.001;6286;ESTOJO SUPER PRATICO - TRANSPARENTE;Linha Organização;127247.80;549
198.012.066;6617;ESTOJO SUPER PRATICO - FUME;Linha Organização;81519.59;423
199.006.001;275;NITRONBOX 27L (199);Linha Organização;48782.39;96
200.004.001;276;NITRONBOX 50L (200);Linha Organização;181069.11;186
202.006.001;14050;FRASQUEIRA OVAL COM BANDEJA - ROSA 4,4L;Linha Frasqueiras;20305.15;77
202.006.002;11880;FRASQUEIRA MEDICAMENTOS OVAL COM BANDEJA - BRANCA 4,4L;Linha Frasqueiras;119058.58;299
202.006.009;11881;FRASQUEIRA MEDICAMENTOS OVAL COM BANDEJA - VERMELHA 4,4L;Linha Frasqueiras;36736.68;121
202.006.012;7103;FRASQUEIRA OVAL COM BANDEJA - ROSA;Linha Frasqueiras;90746.75;308
203.006.003;6678;POTE ULTRAFORTE COM TELA E TRAVAS - PRETO 4L;Linha Potes;26459.44;154
205.006.861;3613;KIT POTE FIT COLORATTO COM 2 PECAS - 450ML (285/K);Linha Coloratto;27091.02;218
205.006.862;3599;KIT POTE FIT COLORATTO COM 3 PECAS - 450ML (290/K);Linha Coloratto;62317.04;267
205.006.P01;14075;KIT POP COM 6 POTES FITS - TRANSPARENTE 450ML;POP;3756.90;17
205.012.001;4357;POTE RETANGULAR FIT - TRANSPARENTE 450ML;Linha Potes;18753.91;234
205.012.003;13819;POTE RETANGULAR FIT - PRETO 450ML;Linha Potes;5287.08;83
207.012.002;9617;JARRA MEDIDORA TOP MIX - BRANCO 850ML;Linha Jarras;5847.32;70
207.012.547;4289;JARRA MEDIDORA TOP MIX - VERMELHO 850ML;Linha Jarras;11127.59;114
207.024.001;215;JARRA MEDIDORA TOP MIX;Linha Jarras;63572.11;361
209.012.003;6620;MARMITA COM PORTA TALHERES - PRETO 715ML;Linha Potes;41653.99;176
211.012.002;3270;CANTONEIRA PARA BANHEIRO SMART - BRANCO (211/B);Linha Banheiro;106403.06;440
211.012.003;3346;CANTONEIRA PARA BANHEIRO SMART - PRETO (211/P);Linha Banheiro;93948.91;427
212.012.003;6676;POTE COM TRAVAS E 2 DIVISORIAS - PRETO 600ML;Linha Potes;46851.82;275
214.006.002;3417;ORGANIZADOR MULTIUSO RATTAN COM 6 DIVISORIAS - BRANCO (214/B);Linha Organização;190688.60;711
214.006.003;3419;ORGANIZADOR MULTIUSO RATTAN COM 6 DIVISORIAS - PRETO (214/P);Linha Organização;373144.87;1009
214.006.086;11883;ORGANIZADOR MULTIUSO RATTAN COM 6 DIVISORIAS - CHUMBO;Linha Organização;78702.74;421
215.012.003;6681;POTE ULTRAFORTE COM TRAVAS - PRETO 2,1L;Linha Potes;289403.85;807
216.012.003;6683;POTE ULTRAFORTE COM TRAVAS - PRETO 4L;Linha Potes;212734.84;606
217.012.003;6674;POTE ULTRAFORTE COM TRAVAS - PRETO 6,9L;Linha Potes;230051.12;513
219.006.563;4426;FRASQUEIRA RATTAN - ROSA 9,4L;Linha Frasqueiras;120272.65;269
221.012.002;6290;SALEIRO PREMIER COM ALCA - TRANSPARENTE E BRANCO 1 KG;Linha Cozinha;73673.44;346
221.012.003;6291;SALEIRO PREMIER COM ALCA - TRANSPARENTE E PRETO 1 KG;Linha Cozinha;200087.68;632
222.012.002;9618;JARRA COM TAMPA FLIP TOP - BRANCO 1,4L;Linha Jarras;43555.84;342
222.012.546;4292;JARRA COM TAMPA FLIP TOP - VERMELHO 1,4L;Linha Jarras;97949.86;505
2231.024.009;223;PORTA FRIOS UNITARIO COM TELA (223/1);Linha Cozinha;136231.61;297
2232.012.009;224;PORTA FRIOS DUPLO COM TELA (223/2);Linha Cozinha;94177.74;232
224.012.002;3341;SECA TALHER ESCORRE - BRANCO (224/B);Linha Cozinha;123104.88;565
224.012.003;3342;SECA TALHER ESCORRE - PRETO (224/P);Linha Cozinha;288745.52;848
224.012.086;11885;PORTA TALHER ESCORRE E GUARDA - CHUMBO;Linha Cozinha;67987.20;256
227.036.998;14064;COPO INFANTIL COM ALCA - SORTIDO 320ML;Linha Infantil;4068.00;20
227.036.999;473;COPO INFANTIL COM ALCA - SORTIDO 320ML (227);Linha Infantil;320155.28;615
2270.012.001;4032;POTE REDONDO COM TRAVAS - TRANSPARENTE 2,3L (022/7);Linha Potes;110417.37;411
2270.012.003;14051;POTE REDONDO COM TRAVAS - PRETO 2,3L (022/7);Linha Potes;94150.20;204
228.012.003;6724;POTE REDONDO COM TRAVAS - PRETO 1,1L;Linha Potes;22305.54;208
2280.012.001;4035;POTE REDONDO COM TRAVAS - TRANSPARENTE 1,1L;Linha Potes;77902.76;379
2280.012.003;13810;POTE REDONDO COM TRAVAS - PRETO 1,1L;Linha Potes;3954.96;48
229.012.001;186;COOK FREEZER MICRO-ONDAS COM CESTO - TRANSPARENTE 3L (229);Linha Micro-ondas;98439.49;254
2290.006.862;3671;KIT POTE REDONDO COLORATTO COM 3 PECAS - 450ML (304/K);Linha Coloratto;42059.06;171
2290.012.001;4038;POTE REDONDO COM TRAVAS - TRANSPARENTE 450ML;Linha Potes;21719.79;264
2290.012.003;14152;POTE REDONDO COM TRAVAS - PRETO 450ML;Linha Potes;4306.80;68
231.006.861;3614;KIT POTE RASO COLORATTO COM 2 PECAS - 270ML (289/K);Linha Coloratto;23410.60;164
231.006.862;3600;KIT POTE RASO COLORATTO COM 3 PECAS - 270ML (291/K);Linha Coloratto;18076.82;169
231.006.P01;14052;KIT POP COM 6 POTES RETANGULAR - TRANSPARENTE 270ML;POP;4649.29;20
231.012.001;4067;POTE RASO COM TRAVAS - TRANSPARENTE 270ML;Linha Potes;80234.86;759
231.012.003;13997;POTE RASO COM TRAVAS - PRETO 270ML;Linha Potes;3795.92;67
232.006.861;11891;KIT POTE RASO COLORATTO COM 2 PECAS - 500ML;Linha Coloratto;16980.72;141
232.006.862;11892;KIT POTE RASO COLORATTO COM 3 PECAS - 500ML;Linha Coloratto;12784.62;105
232.012.001;4063;POTE RASO COM TRAVAS - TRANSPARENTE 500ML;Linha Potes;183711.13;923
232.012.003;14037;POTE RASO COM TRAVAS - PRETO 500ML;Linha Potes;10214.13;118
233.012.001;4060;POTE RASO COM TRAVAS - TRANSPARENTE 1,1L;Linha Potes;334805.31;1114
233.012.003;14036;POTE RASO COM TRAVAS - PRETO 1,1L;Linha Potes;12046.80;103
234.012.001;4057;POTE RASO COM TRAVAS - TRANSPARENTE 2,3L;Linha Potes;236917.52;688
234.012.003;14048;POTE RASO COM TRAVAS - PRETO 2,3L;Linha Potes;18507.72;86
235.012.001;11902;POTE ACOPLADO COM ROSCA - TRANSPARENTE 500ML;Linha Potes;27450.10;304
235.012.002;6632;POTE ACOPLADO COM ROSCA - BRANCO 500ML;Linha Potes;18563.10;169
235.012.003;6633;POTE ACOPLADO PRETO C/ROSCA 500ML;Linha Potes;9735.20;106
235.012.671;14153;POTE ACOPLADO PRETO C/ROSCA - SAL 500ML;Linha Potes;4076.40;66
236.012.001;11904;POTE ACOPLADO COM ROSCA - TRANSPARENTE 1L;Linha Potes;52667.61;390
236.012.002;6635;POTE ACOPLADO COM ROSCA - BRANCO 1L;Linha Potes;39949.81;212
236.012.003;6636;POTE ACOPLADO PRETO C/ROSCA 1L;Linha Potes;17715.38;127
236.012.667;150;POTE SAL GROSSO ACOPLADO COM ROSCA - 1L (236/SG);Linha Potes;15039.17;156
236.012.668;13992;POTE CAFÉ ACOPLADO COM ROSCA - 1L;Linha Potes;7830.72;101
236.012.669;13993;POTE ARROZ ACOPLADO COM ROSCA - 1L;Linha Potes;1779.96;24
236.012.670;13994;POTE FARINHA ACOPLADO COM ROSCA - 1L;Linha Potes;800.52;11
236.012.671;13995;POTE FEIJÃO ACOPLADO COM ROSCA - 1L;Linha Potes;1981.44;25
236.012.672;13996;POTE AÇUCAR ACOPLADO COM ROSCA - 1L;Linha Potes;3933.00;51
237.006.002;6638;POTE ACOPLADO COM COPO MEDIDOR - BRANCO 5,8L;Linha Potes;240463.15;612
237.006.003;6639;POTE ACOPLADO COM COPO MEDIDOR - PRETO 5,8L;Linha Potes;275398.26;742
238.012.001;11906;POTE ACOPLADO COM ROSCA - TRANSPARENTE 2L;Linha Potes;181397.00;538
238.012.002;6640;POTE ACOPLADO BRANCO C/ROSCA 2L;Linha Potes;37681.16;270
238.012.003;6641;POTE ACOPLADO PRETO C/ROSCA 2L;Linha Potes;15931.33;91
239.012.001;11909;POTE ACOPLADO COM ROSCA - TRANSPARENTE 3L;Linha Potes;75341.37;308
239.012.002;6643;POTE ACOPLADO COM ROSCA - BRANCO 3L;Linha Potes;43119.56;171
239.012.003;6644;POTE ACOPLADO PRETO C/ROSCA 3L;Linha Potes;20142.12;106
240.024.001;106;POTE QUADRADO COM VALVULA - 3L (240);Linha Potes;190420.59;280
241.006.P01;14053;KIT POP COM 6 POTES COM VALVULA - TRANSPARENTE 460ML;POP;2919.48;13
241.024.001;107;POTE RASO COM VALVULA - 460ML (241);Linha Potes;93939.12;423
242.024.001;108;POTE RASO COM VALVULA - 950ML (242);Linha Potes;213170.68;563
243.024.001;109;POTE RASO COM VALVULA - 1,9L (243);Linha Potes;231692.59;490
244.012.001;110;POTE RASO COM VALVULA - 3,2L (244);Linha Potes;284556.52;508
246.024.001;112;POTE ALTO COM VALVULA - 868ML (246);Linha Potes;79316.29;375
248.012.009;113;POTE TOMATINHO ACOPLADO COM ROSCA - 500ML (248);Linha Potes;48255.55;368
249.012.020;114;POTE TEMPEROS ACOPLADO COM ROSCA - 500ML (249);Linha Potes;63895.87;335
250.024.009;187;CACAROLA MICRO-ONDAS COM CESTO - TRANSPARENTE 1,5L (250);Linha Micro-ondas;24025.58;91
2500.012.001;4102;POTE ALTO RETANGULAR - TRANSPARENTE 868ML;Linha Potes;46733.40;499
2500.012.003;14040;POTE ALTO RETANGULAR - PRETO 868ML;Linha Potes;4268.28;59
251.012.001;6646;CACAROLA MINI MICRO-ONDAS - TRANSPARENTE 850ML;Linha Micro-ondas;46875.42;345
254.006.001;3814;GAVETEIRO MODULAR RATTAN - TRANSPARENTE 8,2L (254/NT);Linha Organização;404940.50;326
254.006.002;1768;GAVETEIRO MODULAR RATTAN - BRANCO 8,2L (254/B);Linha Organização;508523.35;246
254.006.003;1766;GAVETEIRO MODULAR RATTAN - PRETO 8,2L (254/P);Linha Organização;248265.19;285
2540.012.001;121;KIT POTES ALTOS RETANG. COM 3 PECAS - TRANSPARENTE (025/4);Linha Potes;203640.25;112
2540.012.003;14069;KIT POTES ALTOS RETANG. COM 3 PECAS - PRETO (025/4);Linha Potes;20552.88;20
255.036.016;218;FORMA DE GELO FIRENZE COM TAMPA (255);Linha Cozinha;594517.32;826
256.006.M02;7960;CAIXA JUTA ALONGADA COM TAMPA TECA - BRANCA 1,5L;Teca Organização;44972.78;69
256.006.M03;7959;CAIXA JUTA ALONGADA COM TAMPA TECA - PRETA 1,5L;Teca Organização;50486.31;86
256.024.002;1884;CESTO ALONGADO JUTA - BRANCO1,5L (256/B);Linha Organização;124128.81;416
256.024.003;1885;CESTO ALONGADO JUTA - PRETO 1,5L (256/P);Linha Organização;208536.31;538
256.024.086;11917;CESTO ALONGADO  JUTA - CHUMBO 3,2L;Linha Organização;21183.09;140
257.006.M02;7956;CAIXA JUTA ALONGADA COM TAMPA TECA - BRANCA 3,7L;Teca Organização;89490.58;95
257.006.M03;7955;CAIXA JUTA ALONGADA COM TAMPA TECA - PRETA 3,7L;Teca Organização;98395.97;98
257.012.002;1879;CESTO ALONGADO JUTA - BRANCO3,7L (257/B);Linha Organização;165738.06;446
257.012.003;1880;CESTO ALONGADO JUTA - PRETO 3,7L (257/P);Linha Organização;227096.15;578
257.012.086;11919;CESTO ALONGADO  JUTA - CHUMBO 4,5L;Linha Organização;20802.71;137
2570.012.001;122;POTE ALTO RETANGULAR - TRANSPARENTE 4,6L (025/7);Linha Potes;164887.93;456
2570.012.003;14038;POTE ALTO RETANGULAR - PRETO 4,6L;Linha Potes;25730.86;109
258.004.M02;7952;CAIXA JUTA ALONGADA COM TAMPA TECA - BRANCA 7,4L;Teca Organização;95044.61;75
258.004.M03;7951;CAIXA JUTA ALONGADA COM TAMPA TECA - PRETA 7,4L;Teca Organização;116201.21;91
258.006.002;1873;CESTO ALONGADO JUTA - BRANCO 7,4L (258/B);Linha Organização;178082.73;403
258.006.003;1874;CESTO ALONGADO JUTA - PRETO 7,4L (258/P);Linha Organização;234846.07;484
258.006.086;11923;CESTO ALONGADO JUTA - CHUMBO 7L;Linha Organização;16155.98;110
2580.012.001;4078;POTE ALTO RETANGULAR - TRANSPARENTE 3L;Linha Potes;309665.81;868
2580.012.003;14039;POTE ALTO RETANGULAR - PRETO 3L;Linha Potes;15118.11;75
259.012.002;1867;CAIXA ORGANIZADORA BAIXA RATTAN COM TAMPA - BRANCA 3,2L (259/B);Linha Organização;84493.05;157
259.012.003;1868;CAIXA ORGANIZADORA BAIXA RATTAN COM TAMPA - PRETA 3,2L (259/P);Linha Organização;47459.02;83
259.012.086;11937;CAIXA ORGANIZADORA BAIXA RATTAN COM TAMPA - CHUMBO 3,2L;Linha Organização;12165.72;74
2590.012.001;4081;POTE ALTO RETANGULAR - TRANSPARENTE 1,5L;Linha Potes;187616.03;671
2590.012.003;14054;POTE ALTO RETANGULAR - PRETO 1,5L;Linha Potes;41793.72;124
260.012.002;1864;CAIXA ORGANIZADORA BAIXA RATTAN COM TAMPA - BRANCA 4,5L (260/B);Linha Organização;46350.45;122
260.012.003;1860;CAIXA ORGANIZADORA BAIXA RATTAN COM TAMPA - PRETA 4,5L (260/P);Linha Organização;33329.17;149
260.012.086;11939;CAIXA ORGANIZADORA BAIXA RATTAN COM TAMPA - CHUMBO 4,5L;Linha Organização;18331.04;79
261.006.002;1855;CAIXA ORGANIZADORA BAIXA RATTAN COM TAMPA - BRANCA 7L (261/B);Linha Organização;127006.06;129
261.006.003;1854;CAIXA ORGANIZADORA BAIXA RATTAN COM TAMPA - PRETA 7L (261/P);Linha Organização;160286.75;167
261.006.086;11940;CAIXA ORGANIZADORA BAIXA RATTAN COM TAMPA - CHUMBO 7L;Linha Organização;15747.42;66
268.006.M02;8610;CAIXA JUTA EUROPA COM TAMPA TECA - BRANCA 5,3L;Teca Organização;36260.80;44
268.012.002;1908;CESTO EUROPA JUTA - BRANCO 5,3L (268/B);Linha Organização;63098.70;163
268.012.003;1909;CESTO EUROPA JUTA - PRETO 5,3L (268/P);Linha Organização;170760.01;257
269.004.M02;8614;CAIXA JUTA EUROPA COM TAMPA TECA - BRANCA 10,8L;Teca Organização;38883.55;63
269.004.M03;8615;CAIXA JUTA EUROPA COM TAMPA TECA - PRETA 10,8L;Teca Organização;36331.98;63
269.012.002;1902;CESTO EUROPA JUTA - BRANCO 10,8L (269/B);Linha Organização;80495.08;144
269.012.003;1903;CESTO EUROPA JUTA - PRETO 10,8L (269/P);Linha Organização;67068.69;130
270.002.M02;8616;CAIXA JUTA EUROPA COM TAMPA TECA - BRANCA 18,7L;Teca Organização;47435.57;27
270.002.M03;8617;CAIXA JUTA EUROPA COM TAMPA TECA - PRETA 18,7L;Teca Organização;62599.18;22
270.006.002;1896;CESTO EUROPA JUTA - BRANCO 18,7L (270/B);Linha Organização;73256.65;110
270.006.003;1897;CESTO EUROPA JUTA - PRETO 18,7L (270/P);Linha Organização;118525.93;165
277.012.002;1890;Cesto Juta com Alça - Branco 5,6L (277/B);Linha Organização;50511.77;90
277.012.003;1891;CESTO JUTA COM ALCA - PRETO 5,6L (277/P);Linha Organização;36149.25;90
279.012.024;1639;POTE ALHO ACOPLADO COM ROSCA - 500ML (279);Linha Potes;36744.95;330
281.036.999;1933;CONCHA PARA CEREAIS - SORTIDO - 150ML (281);Linha Cozinha;103539.97;628
283.004.002;4333;LIXEIRA JUTA COM PEDAL - BRANCA 12L;Linha Lixeiras;331767.33;427
283.004.003;4332;LIXEIRA JUTA COM PEDAL - PRETA 12L;Linha Lixeiras;380323.43;559
283.004.086;11941;LIXEIRA JUTA COM PEDAL - CHUMBO 12L;Linha Lixeiras;157024.27;264
284.012.002;3391;CESTO TRANSPORTA TUDO - BRANCO (284/B);Linha Limpeza;137871.97;245
284.012.003;3392;CESTO TRANSPORTA TUDO - PRETO (284/P);Linha Limpeza;215018.36;355
293.006.002;3579;KIT POTES ACOPLADOS COM 5 PECAS - BRANCO (293);Linha Potes;609066.07;412
293.006.003;11942;KIT POTES ACOPLADOS COM 5 PECAS - PRETO;Linha Potes;197333.08;405
300.012.001;4054;POTE RASO RETANGULAR - TRANSPARENTE 460ML;Linha Potes;36798.57;352
300.012.003;14128;POTE RASO RETANGULAR - PRETO 460ML;Linha Potes;5725.17;51
301.012.001;4049;POTE RASO RETANGULAR - TRANSPARENTE 950ML;Linha Potes;53979.69;441
301.012.003;14055;POTE RASO RETANGULAR - PRETO 950ML;Linha Potes;11339.56;98
302.012.001;4051;POTE RASO RETANGULAR - TRANSPARENTE 1,9L;Linha Potes;88924.57;386
302.012.003;14041;POTE RASO RETANGULAR - PRETO 1,9L;Linha Potes;27256.68;67
303.012.001;4050;POTE RASO RETANGULAR - TRANSPARENTE 3,2L;Linha Potes;30679.37;171
303.012.003;14056;POTE RASO RETANGULAR - PRETO 3,2L;Linha Potes;2849.76;22
305.006.520;4253;TRAVESSA OVAL CANELADA COM TAMPA - BRANCA 650ML;Linha Potes;19745.26;229
306.006.520;4254;TRAVESSA OVAL CANELADA COM TAMPA - BRANCA 1,2L;Linha Potes;123991.77;476
307.006.520;4255;TRAVESSA OVAL CANELADA COM TAMPA - BRANCA 2,5L;Linha Potes;30872.75;275
308.006.520;4256;ORGANIZA E GUARDA COM 4 DIVISORIAS;Linha Cozinha;51702.32;115
311.012.001;13821;MAMITA E POTE 2 EM 1 - TRANSPARENTE 780ML;Linha Potes;8754.72;67
311.012.002;11949;MAMITA E POTE 2 EM 1 - BRANCO 780ML;Linha Potes;14889.18;142
311.012.515;4242;MAMITA E POTE 2 EM 1 - ROSA 780ML;Linha Potes;33267.18;124
311.012.517;4244;MAMITA E POTE 2 EM 1 - VERDE 780ML;Linha Potes;40540.93;183
313.006.560;4432;ORGANIZADOR DE COSMETICOS COM 2 GAVETAS - PRETA;Linha Organização;201370.79;235
313.006.561;4433;ORGANIZADOR DE COSMETICOS COM 2 GAVETAS - BRANCA;Linha Organização;62183.19;140
313.006.562;4365;ORGANIZADOR DE COSMETICOS COM 2 GAVETAS - ROSA;Linha Organização;32732.74;125
314.006.560;4437;ORGANIZADOR DE COSMETICOS COM 1 GAVETA - PRETA;Linha Organização;36377.04;153
314.006.561;4434;ORGANIZADOR DE COSMETICOS COM 1 GAVETA - BRANCA;Linha Organização;55015.56;153
314.006.562;4366;ORGANIZADOR DE COSMETICOS COM 1 GAVETA - ROSA;Linha Organização;19551.84;82
317.006.P01;14057;KIT POP COM 5 MARMITAS FITS - TRANSPARENTE 500ML;POP;4937.94;14
317.012.001;4371;MARMITA FIT - 500ML (317.012.001);Linha Potes;110430.97;217
317.012.003;14140;MARMITA FIT - PRETO 500ML;Linha Potes;3737.16;38
319.006.P01;14058;KIT POP COM 6 POTES QUADRADOS - TRANSPARENTE 250ML;POP;5268.00;20
319.012.001;4374;POTE MODULAR - TRANSPARENTE 250ML;Linha Potes;42014.81;272
319.012.003;6669;POTE MODULAR - PRETO 250ML;Linha Potes;3236.40;48
320.012.001;4377;POTE MODULAR - TRANSPARENTE 450ML;Linha Potes;31523.11;242
320.012.003;6672;POTE MODULAR - PRETO 450ML;Linha Potes;2566.80;39
321.012.001;4380;POTE MODULAR - TRANSPARENTE 800ML;Linha Potes;35431.35;258
321.012.003;6671;POTE MODULAR - PRETO 800ML;Linha Potes;4867.21;57
322.006.001;4383;POTE MODULAR - TRANSPARENTE 1,2L;Linha Potes;64068.31;367
322.006.003;6668;POTE MODULAR - PRETO 1,2L;Linha Potes;26921.94;53
323.006.001;4385;POTE MODULAR - TRANSPARENTE 2,4L;Linha Potes;99223.19;371
323.006.003;6667;POTE MODULAR - PRETO 2,4L;Linha Potes;3615.06;39
348.012.576;6093;PORTA PRESUNTO COM TELA;Linha Potes;83673.17;371
349.012.575;6094;PORTA QUEIJO COM TELA;Linha Potes;104997.34;406
350.012.577;6095;PORTA FRIOS COM TELA;Linha Potes;96263.89;438
351.012.001;6096;KIT POTES MODULARES COM 3 PECAS - TRANSPARENTE 250ML;Linha Potes;36282.03;102
351.012.003;6665;KIT POTES MODULARES COM 3 PECAS - PRETO 250ML;Linha Potes;3814.08;21
352.012.001;6100;KIT POTES MODULARES COM 3 PECAS - TRANSPARENTE 450ML;Linha Potes;11700.51;48
353.006.001;6103;KIT POTES MODULARES COM 6 PECAS - TRANSPARENTE;Linha Potes;435974.81;178
353.006.003;6750;KIT POTES MODULARES COM 6 PECAS - PRETO;Linha Potes;32623.56;24
359.012.003;152;POTE ARROZ ACOPLADO COM ROSCA - 2L;Linha Potes;128599.85;389
360.012.003;154;POTE FEIJAO ACOPLADO COM ROSCA - 2L;Linha Potes;142422.77;540
361.012.003;155;POTE FARINHA ACOPLADO COM ROSCA - 2L;Linha Potes;23619.99;232
362.012.003;151;POTE ACUCAR ACOPLADO COM ROSCA - 2L;Linha Potes;248403.06;1001
363.012.003;153;POTE CAFE ACOPLADO COM ROSCA - 2L;Linha Potes;247062.72;710
369.006.001;6764;KIT PORTA FRIOS COM 3 PECAS;Linha Potes;14592.02;62
3760.012.001;125;POTE QUADRADO COM TRAVAS - TRANSPARENTE 3,7L (037/6);Linha Potes;179756.96;406
3760.012.003;14059;POTE QUADRADO COM TRAVAS - PRETO 3,7L;Linha Potes;3724.32;23
3770.012.001;4093;POTE QUADRADO COM TRAVAS - TRANSPARENTE 1,8L;Linha Potes;264644.58;723
3770.012.003;14060;POTE QUADRADO COM TRAVAS - PRETO 1,8L;Linha Potes;10284.36;50
3780.012.001;4096;POTE QUADRADO COM TRAVAS - TRANSPARENTE 860ML;Linha Potes;158558.64;806
3780.012.003;14035;POTE QUADRADO COM TRAVAS - PRETO 860ML;Linha Potes;9537.04;98
3790.006.862;11987;KIT POTE QUADRADO COLORATTO COM 3 PECAS - 370ML;Linha Coloratto;35340.93;165
3790.006.P01;14071;KIT POP 6 POTES QUADRADOS - TRASNPARENTE 360ML;POP;2225.98;16
3790.012.001;4099;POTE QUADRADO COM TRAVAS - TRANSPARENTE 360ML;Linha Potes;74723.58;692
3790.012.003;14061;POTE QUADRADO COM TRAVAS - PRETO 360ML;Linha Potes;3761.40;77
380.024.001;14011;ORGANIZADOR MINI MODULAR - TRANSPARENTE 150ML;Linha Organização;1274.88;33
380.024.002;14012;ORGANIZADOR MINI MODULAR - BRANCO 150ML;Linha Organização;4378.08;24
380.024.003;14013;ORGANIZADOR MINI MODULAR - PRETO 150ML;Linha Organização;5045.04;39
381.012.001;8732;ORGANIZADOR LONGO MODULAR - TRANSPARENTE 850ML;Linha Organização;19097.22;209
381.012.002;8636;ORGANIZADOR LONGO MODULAR - BRANCO 850ML;Linha Organização;19444.80;122
381.012.003;8641;ORGANIZADOR LONGO MODULAR - PRETO 850ML;Linha Organização;22946.91;183
382.012.001;8733;Organizador Quadrado Modular - Transparente 900ml;Linha Organização;9445.83;155
382.012.002;8642;ORGANIZADOR QUADRADO MODULAR - BRANCO 900ML;Linha Organização;5162.76;90
382.012.003;8643;ORGANIZADOR QUADRADO MODULAR - PRETO 900ML;Linha Organização;7819.44;133
3820.016.644;129;KIT POTE CAFE E ACUCAR (038/2);Linha Potes;146163.07;546
383.012.001;8734;ORGANIZADOR RETANGULAR MODULAR - TRANSPARENTE 1,450L;Linha Organização;15312.35;184
383.012.002;8644;ORGANIZADOR RETANGULAR MODULAR - BRANCO 1,450L;Linha Organização;19378.92;111
383.012.003;8645;ORGANIZADOR RETANGULAR MODULAR - PRETO 1,450L;Linha Organização;22662.17;164
384.012.001;8735;ORGANIZADOR PEQUENO MODULAR - TRANSPARENTE 400ML;Linha Organização;11778.37;204
384.012.002;8646;ORGANIZADOR PEQUENO MODULAR - BRANCO 400ML;Linha Organização;11106.65;138
384.012.003;8647;ORGANIZADOR PEQUENO MODULAR - PRETO 400ML;Linha Organização;13905.69;195
3840.016.002;11989;KIT MANTIMENTOS COM 3 PECAS - BRANCO;Linha Potes;41343.46;103
3840.016.003;130;KIT MANTIMENTOS COM 3 PECAS - PRETO (038/4);Linha Potes;82918.90;140
385.006.M00;8624;TABUA DE CORTE TECA - M;Teca Tábuas;45943.14;95
387.006.M00;8626;TABUA DE CORTE TECA - G;Teca Tábuas;197675.91;39
390.012.M00;8865;TABUA COM CABO TECA - P;Teca Tábuas;10220.86;27
391.006.M00;8867;TABUA COM CABO TECA - M;Teca Tábuas;27065.32;60
392.006.M00;8878;TABUA COM CABO TECA - G;Teca Tábuas;24011.28;37
396.006.002;9707;LIXEIRA FLAT COM PEDAL - BRANCA 7L;Linha Lixeiras;301157.16;349
396.006.003;9708;LIXEIRA FLAT COM PEDAL - PRETA 7L;Linha Lixeiras;422993.52;494
396.006.086;11990;LIXEIRA FLAT COM PEDAL - CHUMBO 7L;Linha Lixeiras;71101.47;200
397.004.002;9711;LIXEIRA FLAT COM PEDAL - BRANCA 14L;Linha Lixeiras;150237.85;298
397.004.003;9712;LIXEIRA FLAT COM PEDAL - PRETA 14L;Linha Lixeiras;260713.43;438
397.004.086;11991;LIXEIRA FLAT COM PEDAL - CHUMBO 14L;Linha Lixeiras;54884.09;164
398.004.002;9717;LIXEIRA FLAT COM CLIQUE - BRANCA 12L;Linha Lixeiras;18599.40;159
398.004.003;9718;LIXEIRA FLAT COM CLIQUE - PRETA 12L;Linha Lixeiras;50066.56;232
398.004.086;11992;LIXEIRA FLAT COM CLIQUE - CHUMBO 12L;Linha Lixeiras;28048.78;80
399.012.007;9722;PORTA LEITE EM PO - ROSA 280ML;Linha Cozinha;19122.33;196
399.012.008;9723;PORTA LEITE EM PO - AZUL 280ML;Linha Cozinha;25502.29;183
400.024.002;8037;ABRIDOR DE TAMPAS - BRANCO;Decor-Chef;8518.06;57
4010.012.003;3604;ACUCAREIRO C/ TAMPA 836 ML (040/A);Linha Cozinha;116174.66;635
403.024.002;9192;KIT BISCOITO FACIL - BRANCO;Decor-Confeitaria;39581.35;113
4030.012.003;3611;FARINHEIRA C/ TAMPA 836 ML (040/F);Linha Cozinha;269314.02;1509
4040.012.003;3616;SALEIRO C/ TAMPA 836 ML (040/SG);Linha Cozinha;65973.69;597
408.012.002;8017;KIT CHURROS FACIL - BRANCO;Decor-Confeitaria;606220.53;839
419.024.002;8021;CORTADOR DE BATATAS - BRANCO;Decor-Chef;46023.60;99
421.024.002;8019;CORTADOR E RALADOR DE LEGUMES - BRANCO;Decor-Chef;62466.41;341
422.024.002;9205;KIT DECORADOR DE BOLO COM 7 PECAS - BRANCO;Decor-Confeitaria;28531.44;77
423.024.002;9208;CONJUNTO BICO RUSSO CONFEITEIRO COM 5 PECAS - BRANCO;Decor-Confeitaria;16165.40;66
427.024.002;8024;ESCORREDOR QUADRADO - BRANCO;Decor-Chef;12087.99;55
427.024.003;8025;ESCORREDOR QUADRADO - PRETO;Decor-Chef;21523.56;51
429.024.002;8028;ESCORREDOR MEIA LUA - BRANCO;Decor-Chef;7350.66;36
429.024.003;8029;ESCORREDOR MEIA LUA - PRETO;Decor-Chef;4201.64;26
434.024.002;9212;KIT DONUTS - BRANCO;Decor-Confeitaria;30077.98;56
435.012.002;8033;HAMBURGUEIRA - BRANCA;Decor-Chef;243283.45;755
438.006.M00;14161;TABUA DE CORTE TECA EXTRA G;Teca Tábuas;1350.66;3
443.006.M00;14169;TABUA DE CORTE G COM ALÇA DE METAL;Teca Tábuas;225.84;1
444.012.001;8096;ORGANIZADOR PARA GAVETAS;Linha Organização;24221.41;134
445.012.001;8100;ORGANIZADOR DE COSMETICOS E BIJOUTERIAS;Linha Organização;154856.53;286
446.012.001;8101;ORGANIZADOR DE PINCEIS E ACESSORIOS;Linha Organização;86705.00;301
449.006.002;7106;LIXEIRA JUTA COM PEDAL - BRANCA 6L;Linha Lixeiras;47808.72;235
449.006.003;7110;LIXEIRA JUTA COM PEDAL - PRETA 6L;Linha Lixeiras;137034.32;452
449.006.086;11993;LIXEIRA JUTA COM PEDAL - CHUMBO 6L;Linha Lixeiras;20915.57;121
450.012.002;7117;LIXEIRA JUTA COM CLIQUE - BRANCA 4,5L;Linha Lixeiras;90322.67;183
450.012.003;7120;LIXEIRA JUTA COM CLIQUE - PRETA 4,5L;Linha Lixeiras;79395.04;186
450.012.086;11994;LIXEIRA JUTA COM CLIQUE - CHUMBO 4,5L;Linha Lixeiras;99126.44;133
453.012.002;7139;LIXEIRA RATTAN COM CLIQUE - BRANCA 4,5L;Linha Lixeiras;21317.85;105
453.012.003;7140;LIXEIRA RATTAN COM CLIQUE - PRETA 4,5L;Linha Lixeiras;29807.16;168
453.012.086;11998;LIXEIRA RATTAN COM CLIQUE - CHUMBO 4,5L;Linha Lixeiras;10017.18;48
458.024.002;8099;PORTA LEITE DE SAQUINHO - BRANCO;Decor-Chef;29783.83;71
458.024.003;8145;PORTA LEITE DE SAQUINHO - PRETO;Decor-Chef;17007.55;93
501.012.001;8862;CAIXA ORGANIZADORA FLAT COM TAMPA - TRANSPARENTE 2,35L;Linha Organização;45872.67;178
501.012.002;8604;CAIXA ORGANIZADORA FLAT COM TAMPA - BRANCA 2,35L;Linha Organização;56742.20;106
501.012.003;8605;CAIXA ORGANIZADORA FLAT COM TAMPA - PRETA 2,35L;Linha Organização;137598.56;267
501.012.086;11806;CAIXA ORGANIZADORA FLAT COM TAMPA - CHUMBO 2,35L;Linha Organização;36008.52;85
502.012.001;8863;CAIXA ORGANIZADORA FLAT COM TAMPA - TRANSPARENTE 3,75L;Linha Organização;130789.68;304
502.012.002;8606;CAIXA ORGANIZADORA FLAT COM TAMPA - BRANCA 3,75L;Linha Organização;62540.49;119
502.012.003;8607;CAIXA ORGANIZADORA FLAT COM TAMPA - PRETA 3,75L;Linha Organização;41781.60;116
502.012.086;12002;CAIXA ORGANIZADORA FLAT COM TAMPA - CHUMBO 3,75L;Linha Organização;33263.40;84
503.006.001;8864;CAIXA ORGANIZADORA FLAT COM TAMPA - TRANSPARENTE 10,35L;Linha Organização;165707.81;305
503.006.002;8608;CAIXA ORGANIZADORA FLAT COM TAMPA - BRANCA 10,35L;Linha Organização;126819.02;156
503.006.003;8609;CAIXA ORGANIZADORA FLAT COM TAMPA - PRETA 10,35L;Linha Organização;147690.73;220
503.006.086;12003;CAIXA ORGANIZADORA FLAT COM TAMPA - CHUMBO 10,35L;Linha Organização;52220.88;110
507.004.M03;8649;TABUA DE CORTE TECA COM GAVETA DE SERVIR - PRETA 2L;Teca Cozinha;64622.10;36
545.012.002;9875;PORTA DETERGENTE E ESPONJA FLAT - BRANCO;Linha Cozinha;61751.11;447
545.012.003;9876;PORTA DETERGENTE E ESPONJA FLAT - PRETO;Linha Cozinha;143479.86;684
545.012.086;12008;PORTA DETERGENTE E ESPONJA FLAT - CHUMBO;Linha Cozinha;30993.78;300
546.012.002;9878;PORTA ESCOVAS FLAT - BRANCO;Linha Banheiro;48982.58;411
546.012.003;9879;PORTA ESCOVAS FLAT - PRETO;Linha Banheiro;76977.55;579
547.012.002;9881;PORTA ALGODAO E COTONETE FLAT - BRANCO;Linha Banheiro;9652.16;167
547.012.003;9882;PORTA ALGODAO E COTONETE FLAT - PRETO;Linha Banheiro;9669.21;189
547.012.086;12010;PORTA ALGODAO E COTONETE FLAT - CHUMBO;Linha Banheiro;5928.40;102
548.024.002;9884;SABONETEIRA COM TELA FLAT - BRANCO;Linha Banheiro;34862.37;792
548.024.003;9885;SABONETEIRA COM TELA FLAT - PRETO;Linha Banheiro;34773.42;933
548.024.086;12011;SABONETEIRA COM TELA FLAT - CHUMBO;Linha Banheiro;16076.44;347
549.024.998;14065;COPO SEM TAMPA SORTIDO 600ML;Linha Realce;972.48;10
549.024.999;14066;COPO COM TAMPA SORTIDO 600ML;Linha Realce;1269.60;8
550.036.998;14067;CANECA SEM TAMPA SORTIDA 350ML;Linha Realce;1501.56;10
550.036.999;14068;CANECA COM TAMPA SORTIDA 350ML;Linha Realce;2651.40;13
552.002.M02;12068;CESTO DE ROUPAS EMPILHAVEL COM TAMPA TECA - BRANCO 43,8L;Teca Organização;5893.31;22
552.002.M03;12069;CESTO DE ROUPAS EMPILHAVEL COM TAMPA TECA - PRETO 43,8L;Teca Organização;2658.75;10
552.004.002;9898;CESTO DE ROUPAS EMPILHAVEL - BRANCO 43,8L;Linha Limpeza;81704.55;70
552.004.003;9899;CESTO DE ROUPAS EMPILHAVEL - PRETO 43,8L;Linha Limpeza;35560.20;38
553.012.002;9900;PORTA SABAO LIQUIDO FLAT - BRANCO 500ML;Linha Limpeza;65988.77;451
553.012.003;9901;PORTA SABAO LIQUIDO FLAT - PRETO 500ML;Linha Limpeza;102701.29;601
553.012.086;12012;PORTA SABAO LIQUIDO FLAT - CHUMBO 500ML;Linha Limpeza;28412.71;246
554.006.P01;14072;KIT POP COM 6 POTES - TRANSPARENTE 330ML;POP;2853.84;15
554.012.001;9911;POTE COM TAMPA FIXA - TRANSPARENTE 330ML;Linha Potes;17767.83;246
554.012.003;14042;POTE COM TAMPA FIXA - PRETO 330ML;Linha Potes;2079.48;48
555.006.P01;14073;KIT POP COM 6 POTES - TRANSPARENTE 600ML;POP;3417.42;17
555.012.001;9914;POTE COM TAMPA FIXA - TRANSPARENTE 600ML;Linha Potes;30080.38;327
555.012.003;14043;POTE COM TAMPA FIXA - PRETO 600ML;Linha Potes;5117.28;60
556.012.001;9917;POTE COM TAMPA FIXA - TRANSPARENTE 1L;Linha Potes;42673.55;331
556.012.003;14062;POTE COM TAMPA FIXA - PRETO 1L;Linha Potes;3700.44;41
562.004.M00;9967;TABUA DE PIZZA COM CABO TECA;Teca Tábuas;5516.64;11
563.004.M00;9968;TABUA DE PIZZA BROTINHO COM CABO TECA;Teca Tábuas;2911.84;8
6120.006.P01;14076;KIT POP COM 6 POTES - TRANSPARENTE 500ML;POP;9045.18;23
6120.050.001;132;POTE RASO RETANGULAR COM 2 PECAS - 500ML (061/2);Linha Potes;41338.23;213
6130.030.001;133;POTE RASO RETANGULAR COM 3 PECAS - 500ML (061/3);Linha Potes;40197.96;217
625.002.M00;10874;TABUA MULTIUSO MADEIRA TECA GRANDE GOURMET;Teca Tábuas;9364.74;10
680.004.M00;12039;BOLEIRA TECA COM ACRILICO;Teca Cozinha;66879.17;105
681.004.M00;12040;QUEIJEIRA TECA COM ACRILICO;Teca Cozinha;38060.09;102
682.004.M00;12041;PETISQUEIRA TECA COM 3 MOLHEIRAS;Teca Petisqueira;4229.52;40
683.004.M00;12042;PETISQUEIRA TECA COM 2 MOLHEIRAS;Teca Petisqueira;2288.88;32
684.004.M00;12043;TABUA DE SERVIR TECA COM CABO E 2 MOLHEIRAS;Teca Petisqueira;5801.68;35
685.004.M00;12044;TABUA DE SERVIR TECA COM 1 MOLHEIRA;Teca Petisqueira;2923.86;21
686.004.M00;12045;TABUA DE SERVIR TECA COM 3 MOLHEIRAS;Teca Petisqueira;11504.17;39
689.004.M00;12048;TABUA SERVIR TECA COM CABO E 1 MOLHEIRA;Teca Petisqueira;5630.64;37
695.002.M00;14164;TABUA MULTIUSO MADEIRA TECA QUADRADA GOURMET;Teca Tábuas;0.00;0
700.006.001;4180;ORGANIZADOR DE GELADEIRA RATTAN - 7L;Linha Geladeira;69157.58;333
701.006.001;4177;ORGANIZADOR DE GELADEIRA RATTAN - 4,5L;Linha Geladeira;54377.40;361
702.006.001;4179;ORGANIZADOR DE GELADEIRA RATTAN - 3,2L;Linha Geladeira;36026.24;332
703.006.001;4178;ORGANIZADOR DE GELADEIRA RATTAN - 4L;Linha Geladeira;64018.19;389
705.006.001;4175;ORGANIZADOR DE GELADEIRA JUTA - 3,7L;Linha Geladeira;65296.42;382
706.006.001;4174;ORGANIZADOR DE GELADEIRA JUTA - 1,5L;Linha Geladeira;43999.05;333
712.012.001;12013;ORGANIZADOR DE GELADEIRA FLAT - 2,35L;Linha Geladeira;14333.64;132
713.012.001;12014;ORGANIZADOR DE GELADEIRA FLAT - 3,75L;Linha Geladeira;16532.98;132
817.012.001;12015;POTE ALTO COM VALVULA - TRANSPARENTE 1,5L;Linha Potes;111682.00;364
818.012.001;12016;POTE ALTO COM VALVULA - TRANSPARENTE 2,9L;Linha Potes;163976.89;384
819.012.001;12018;POTE ALTO COM VALVULA - TRANSPARENTE 4,6L;Linha Potes;159834.31;302
820.006.002;12065;ESCORREDOR DE PRATOS FLAT - BRANCO;Linha Cozinha;9937.86;47
820.006.003;12066;ESCORREDOR DE PRATOS FLAT - PRETO;Linha Cozinha;8115.06;54
820.006.086;12067;ESCORREDOR DE PRATOS FLAT - CHUMBO;Linha Cozinha;2022.78;14
821.004.001;12032;KIT POTE TAMPA FIXA COM 3 PECAS - TRANSPARENTE;Linha Potes;24905.44;84
821.004.003;14074;KIT POTE TAMPA FIXA COM 3 PECAS - PRETO;Linha Potes;549.20;5
822.006.002;12070;ESCORREDOR DE TALHERES FLAT - BRANCO;Linha Cozinha;5554.80;98
822.006.003;12071;ESCORREDOR DE TALHERES FLAT - PRETO;Linha Cozinha;5729.24;93
822.006.086;12072;ESCORREDOR DE TALHERES FLAT - CHUMBO;Linha Cozinha;2570.59;53
850.004.N03;14170;ARARA DE ROUPA NITRON-MOB;Nitron Mob;0.00;0
851.004.N03;14172;SAPATEIRA PEQUENA;Nitron Mob;85.76;1
852.004.N03;14173;SAPATEIRA GRANDE;Nitron Mob;200.56;1
853.004.N03;14171;KIT SUPORTE DECORATIVO (M);Nitron Mob;0.00;0
855.004.N03;14178;PRATELEIRA MULTIUSO G 2P;Nitron Mob;153.24;1
856.004.N03;14179;PRATELEIRA MULTIUSO G 3P;Nitron Mob;451.12;1
857.004.N03;14182;PRATELEIRA MULTIUSO G 4P;Nitron Mob;292.44;1
858.004.N03;14177;PRATELEIRA MULTIUSO M 2P;Nitron Mob;130.88;1
859.004.N03;14176;PRATELEIRA MULTIUSO M 3P;Nitron Mob;191.84;1
860.004.N03;14181;PRATELEIRA MULTIUSO M 4P;Nitron Mob;250.80;1
861.004.N03;14174;PRATELEIRA MULTIUSO P 2P;Nitron Mob;126.04;1
862.004.N03;14175;PRATELEIRA MULTIUSO P 3P;Nitron Mob;179.04;1
863.004.N03;14180;PRATELEIRA MULTIUSO P 4P;Nitron Mob;228.88;1
920.004.002;12022;CONJ. PORTA DETERGENTE FLAT COM 2 PECAS - BRANCO 500ML;Linha Cozinha;115282.55;509
920.004.003;12023;CONJ. PORTA DETERGENTE FLAT COM 2 PECAS - PRETO 500ML;Linha Cozinha;320244.62;818
920.004.086;12024;CONJ. PORTA DETERGENTE FLAT COM 2 PECAS - CHUMBO 500ML;Linha Cozinha;109006.56;422
