referencia,nome,ambiente,categoria_catalogo,modulo,prateleira,altura_face_mm,zona,frente_mm,baia_mm,faturamento_12m,clientes
449.006.003,Lixeira Juta com Pedal,BANHO E LAVANDERIA,LIXEIRAS,Paredao do fundo,1,100,chao,163,513,137034.32,452
211.012.002,Cantoneira Para Banheiro Smart - Branco (211/B),BANHO E LAVANDERIA,BANHEIRO,Paredao do fundo,1,100,chao,170,513,106403.06,440
211.012.003,Cantoneira Para Banheiro Smart - Preto (211/P),BANHO E LAVANDERIA,BANHEIRO,Paredao do fundo,1,100,chao,173,513,93948.91,427
552.004.002,Cesto de Roupas Empilhável,BANHO E LAVANDERIA,LIMPEZA,Paredao do fundo,1,100,chao,345,,81704.55,70
398.004.003,Lixeira Flat com Clique,BANHO E LAVANDERIA,LIXEIRAS,Paredao do fundo,1,100,chao,185,513,50066.56,232
449.006.002,Lixeira Juta com Pedal,BANHO E LAVANDERIA,LIXEIRAS,Paredao do fundo,1,100,chao,163,513,47808.72,235
173.012.003,Lixeira Fênix,BANHO E LAVANDERIA,LIXEIRAS,Paredao do fundo,1,100,chao,200,513,42927.25,255
552.004.003,Cesto de Roupas Empilhável,BANHO E LAVANDERIA,LIMPEZA,Paredao do fundo,1,100,chao,345,,35560.2,38
173.012.002,Lixeira Fênix,BANHO E LAVANDERIA,LIXEIRAS,Paredao do fundo,1,100,chao,200,513,34939.9,217
398.004.086,Lixeira Flat com Clique,BANHO E LAVANDERIA,LIXEIRAS,Paredao do fundo,1,100,chao,185,513,28048.78,80
054.004.001,Cesto de Roupas,BANHO E LAVANDERIA,LIMPEZA,Paredao do fundo,1,100,chao,340,,25814.42,53
449.006.086,Lixeira Juta com Pedal,BANHO E LAVANDERIA,LIXEIRAS,Paredao do fundo,1,100,chao,163,513,20915.57,121
398.004.002,Lixeira Flat com Clique,BANHO E LAVANDERIA,LIXEIRAS,Paredao do fundo,1,100,chao,185,513,18599.4,159
054.004.003,Cesto de Roupas,BANHO E LAVANDERIA,LIMPEZA,Paredao do fundo,1,100,chao,230,,8507.08,16
052.006.003,Lixeira Rattan com Pedal,BANHO E LAVANDERIA,LIXEIRAS,Paredao do fundo,2,605,chao,208,513,1019431.18,1313
052.006.002,Lixeira Rattan com Pedal,BANHO E LAVANDERIA,LIXEIRAS,Paredao do fundo,2,605,chao,210,513,904483.82,1110
172.012.999,Pá de Lixo com Cabo,BANHO E LAVANDERIA,LIMPEZA,Paredao do fundo,2,605,chao,180,,874221.25,1050
163.004.003,Lixeira Vime,BANHO E LAVANDERIA,LIXEIRAS,Paredao do fundo,2,605,chao,232,513,770151.73,890
134.012.003,Lixeira Basculante Rattan,BANHO E LAVANDERIA,LIXEIRAS,Paredao do fundo,2,605,chao,160,513,561419.34,911
052.006.086,Lixeira Rattan com Pedal,BANHO E LAVANDERIA,LIXEIRAS,Paredao do fundo,2,605,chao,208,513,550624.96,688
396.006.003,Lixeira Flat com Pedal,BANHO E LAVANDERIA,LIXEIRAS,Paredao do fundo,2,605,chao,172,513,422993.52,494
079.012.003,Prateleira Madri,BANHO E LAVANDERIA,BANHEIRO,Paredao do fundo,2,605,chao,92,513,422170.48,1167
283.004.003,Lixeira Juta com Pedal,BANHO E LAVANDERIA,LIXEIRAS,Paredao do fundo,2,605,chao,175,513,380323.43,559
095.012.003,Banheiro Premium,BANHO E LAVANDERIA,BANHEIRO,Paredao do fundo,2,605,chao,143,513,363781.98,842
095.012.002,Banheiro Premium,BANHO E LAVANDERIA,BANHEIRO,Paredao do fundo,2,605,chao,143,513,351926.18,850
283.004.002,Lixeira Juta com Pedal,BANHO E LAVANDERIA,LIXEIRAS,Paredao do fundo,2,605,chao,175,513,331767.33,427
100.006.003,Lixeira com Pedal,BANHO E LAVANDERIA,LIXEIRAS,Paredao do fundo,2,605,chao,230,513,319162.37,789
163.004.002,Lixeira Vime,BANHO E LAVANDERIA,LIXEIRAS,Paredao do fundo,2,605,chao,232,513,302408.01,610
396.006.002,Lixeira Flat com Pedal,BANHO E LAVANDERIA,LIXEIRAS,Paredao do fundo,2,605,chao,172,513,301157.16,349
134.012.002,Lixeira Basculante Rattan,BANHO E LAVANDERIA,LIXEIRAS,Paredao do fundo,2,605,chao,160,513,266784.28,707
150.004.003,Lixeira com Pedal,BANHO E LAVANDERIA,LIXEIRAS,Paredao do fundo,2,605,chao,295,513,265669.61,530
397.004.003,Lixeira Flat com Pedal,BANHO E LAVANDERIA,LIXEIRAS,Paredao do fundo,2,605,chao,256,513,260713.43,438
008.012.003,Porta Sabão em Pó,BANHO E LAVANDERIA,LIMPEZA,Paredao do fundo,2,605,chao,105,513,238697.68,508
100.006.002,Lixeira com Pedal,BANHO E LAVANDERIA,LIXEIRAS,Paredao do fundo,2,605,chao,230,513,217844.17,668
079.012.002,Prateleira Madri,BANHO E LAVANDERIA,BANHEIRO,Paredao do fundo,2,605,chao,92,513,205126.37,903
008.012.002,Porta Sabão em Pó com Dosador,BANHO E LAVANDERIA,LIMPEZA,Paredao do fundo,2,605,chao,105,513,194491.75,355
130.012.003,Lixeira Retrátil,BANHO E LAVANDERIA,LIXEIRAS,Paredao do fundo,2,605,chao,158,513,187630.49,718
148.004.003,Lixeira Basculante,BANHO E LAVANDERIA,LIXEIRAS,Paredao do fundo,2,605,chao,240,513,174129.59,365
163.004.086,Lixeira Vime,BANHO E LAVANDERIA,LIXEIRAS,Paredao do fundo,2,605,chao,232,513,173982.25,432
283.004.086,Lixeira Juta com Pedal,BANHO E LAVANDERIA,LIXEIRAS,Paredao do fundo,2,605,chao,175,513,157024.27,264
397.004.002,Lixeira Flat com Pedal,BANHO E LAVANDERIA,LIXEIRAS,Paredao do fundo,2,605,chao,256,513,150237.85,298
134.012.086,Lixeira Basculante Rattan,BANHO E LAVANDERIA,LIXEIRAS,Paredao do fundo,2,605,chao,160,513,144700.48,313
150.004.002,Lixeira com Pedal,BANHO E LAVANDERIA,LIXEIRAS,Paredao do fundo,2,605,chao,297,513,140267.7,396
148.004.002,Lixeira Basculante,BANHO E LAVANDERIA,LIXEIRAS,Paredao do fundo,2,605,chao,240,513,99519.05,264
130.012.002,Lixeira Retrátil,BANHO E LAVANDERIA,LIXEIRAS,Paredao do fundo,2,605,chao,158,513,92278.44,482
396.006.086,Lixeira Flat com Pedal,BANHO E LAVANDERIA,LIXEIRAS,Paredao do fundo,2,605,chao,172,513,71101.47,200
397.004.086,Lixeira Flat com Pedal,BANHO E LAVANDERIA,LIXEIRAS,Paredao do fundo,2,605,chao,256,513,54884.09,164
172.012.998,Pá de Lixo com Cabo,BANHO E LAVANDERIA,LIMPEZA,Paredao do fundo,2,605,chao,180,,32884.68,205
185.012.003,Porta Vassouras com 9 posições,BANHO E LAVANDERIA,LIMPEZA,Paredao do fundo,5,1633,olhos,50,270,639710.47,1115
122.012.003,Saboneteira com Tampa,BANHO E LAVANDERIA,BANHEIRO,Paredao do fundo,5,1633,olhos,89,270,534063.95,1170
122.012.002,Parede com Ventosa,BANHO E LAVANDERIA,BANHEIRO,Paredao do fundo,5,1633,olhos,89,270,501028.91,1209
185.012.002,Porta Vassouras com 9 posições,BANHO E LAVANDERIA,LIMPEZA,Paredao do fundo,5,1633,olhos,50,270,419905.88,761
122.012.066,Saboneteira com Telinha,BANHO E LAVANDERIA,BANHEIRO,Paredao do fundo,5,1633,olhos,89,270,316533.9,948
284.012.003,Cesto Transporta Tudo,BANHO E LAVANDERIA,LIMPEZA,Paredao do fundo,5,1633,olhos,263,270,215018.36,355
092.012.002,Parede com Ventosa,BANHO E LAVANDERIA,BANHEIRO,Paredao do fundo,5,1633,olhos,95,270,143220.46,579
284.012.002,Cesto Transporta Tudo,BANHO E LAVANDERIA,LIMPEZA,Paredao do fundo,5,1633,olhos,263,270,137871.97,245
193.024.001,Saboneteira com Telinha,BANHO E LAVANDERIA,BANHEIRO,Paredao do fundo,5,1633,olhos,78,270,104539.66,1070
128.012.003,Cestinho para Prendedor ﬂoral,BANHO E LAVANDERIA,LIMPEZA,Paredao do fundo,5,1633,olhos,188,270,101786.96,672
450.012.086,Lixeira Juta com Clique,BANHO E LAVANDERIA,LIXEIRAS,Paredao do fundo,5,1633,olhos,160,270,99126.44,133
450.012.002,Lixeira Juta com Clique,BANHO E LAVANDERIA,LIXEIRAS,Paredao do fundo,5,1633,olhos,160,270,90322.67,183
017.024.999,Pá de Lixo Inova,BANHO E LAVANDERIA,LIMPEZA,Paredao do fundo,5,1633,olhos,225,270,89603.83,281
076.024.001,Saboneteira com Tampa,BANHO E LAVANDERIA,BANHEIRO,Paredao do fundo,5,1633,olhos,78,270,86577.03,715
193.024.066,Saboneteira com Telinha,BANHO E LAVANDERIA,BANHEIRO,Paredao do fundo,5,1633,olhos,78,270,80303.39,1037
450.012.003,Lixeira Juta com Clique,BANHO E LAVANDERIA,LIXEIRAS,Paredao do fundo,5,1633,olhos,160,270,79395.04,186
546.012.003,Porta Escovas Flat,BANHO E LAVANDERIA,BANHEIRO,Paredao do fundo,5,1633,olhos,80,270,76977.55,579
092.012.003,Parede com Ventosa,BANHO E LAVANDERIA,BANHEIRO,Paredao do fundo,5,1633,olhos,95,270,50636.38,623
128.012.002,Cestinho para Prendedor,BANHO E LAVANDERIA,LIMPEZA,Paredao do fundo,5,1633,olhos,188,270,50495.34,343
546.012.002,Porta Escovas Flat,BANHO E LAVANDERIA,BANHEIRO,Paredao do fundo,5,1633,olhos,80,270,48982.58,411
012.012.016,Porta Sabão em Pó,BANHO E LAVANDERIA,LIMPEZA,Paredao do fundo,5,1633,olhos,79,270,45511.38,532
024.012.002,Cestinho para Prendedor ﬂoral,BANHO E LAVANDERIA,LIMPEZA,Paredao do fundo,5,1633,olhos,144,270,39072.14,312
024.012.003,Cestinho para Prendedor ﬂoral,BANHO E LAVANDERIA,LIMPEZA,Paredao do fundo,5,1633,olhos,144,270,37819.05,293
091.012.003,Lixeira Verona,BANHO E LAVANDERIA,LIXEIRAS,Paredao do fundo,5,1633,olhos,196,270,37070.14,330
548.024.002,Saboneteira com Tela Flat,BANHO E LAVANDERIA,BANHEIRO,Paredao do fundo,5,1633,olhos,76,270,34862.37,792
548.024.003,Saboneteira com Tela Flat,BANHO E LAVANDERIA,BANHEIRO,Paredao do fundo,5,1633,olhos,76,270,34773.42,933
113.012.003,Tanquinho Porta Sabão em Barra,BANHO E LAVANDERIA,LIMPEZA,Paredao do fundo,5,1633,olhos,129,270,33847.66,295
076.024.066,Saboneteira com Tampa,BANHO E LAVANDERIA,BANHEIRO,Paredao do fundo,5,1633,olhos,78,270,32256.8,721
453.012.003,Lixeira Rattan com Clique,BANHO E LAVANDERIA,LIXEIRAS,Paredao do fundo,5,1633,olhos,160,270,29807.16,168
091.012.002,Lixeira Verona,BANHO E LAVANDERIA,LIXEIRAS,Paredao do fundo,5,1633,olhos,196,270,26608.88,243
113.012.002,Tanquinho Porta Sabão em Barra,BANHO E LAVANDERIA,LIMPEZA,Paredao do fundo,5,1633,olhos,129,270,24128.19,202
453.012.002,Lixeira Rattan com Clique,BANHO E LAVANDERIA,LIXEIRAS,Paredao do fundo,5,1633,olhos,160,270,21317.85,105
548.024.086,Saboneteira com Tela Flat,BANHO E LAVANDERIA,BANHEIRO,Paredao do fundo,5,1633,olhos,76,270,16076.44,347
098.012.999,Balde Limpex,BANHO E LAVANDERIA,LIMPEZA,Paredao do fundo,5,1633,olhos,283,270,15666.52,68
453.012.086,Lixeira Rattan com Clique,BANHO E LAVANDERIA,LIXEIRAS,Paredao do fundo,5,1633,olhos,160,270,10017.18,48
547.012.003,Porta Algodão e Cotonete Flat,BANHO E LAVANDERIA,BANHEIRO,Paredao do fundo,5,1633,olhos,80,270,9669.21,189
547.012.002,Porta Algodão e Cotonete Flat,BANHO E LAVANDERIA,BANHEIRO,Paredao do fundo,5,1633,olhos,80,270,9652.16,167
547.012.086,Porta Algodão e Cotonete Flat,BANHO E LAVANDERIA,BANHEIRO,Paredao do fundo,5,1633,olhos,80,270,5928.4,102
053.004.003,4 Andares,ORGANIZACAO,ORGANIZACAO,Paredao norte,3,624,chao,300,,184193.96,334
110.006.001,Nitronbox 20L (110),ORGANIZACAO,ORGANIZACAO,Paredao norte,3,624,chao,293,513,127135.56,253
053.004.002,4 Andares,ORGANIZACAO,ORGANIZACAO,Paredao norte,3,624,chao,300,,115762.35,295
446.012.001,Pincéis e Acessórios,ORGANIZACAO,ORGANIZACAO,Paredao norte,4,886,maos,95,270,86705.0,301
308.006.520,Estojo Super Prático,ORGANIZACAO,ORGANIZACAO,Paredao norte,4,886,maos,205,270,51702.32,115
277.012.002,Cesto Juta com Alças,ORGANIZACAO,ORGANIZACAO,Paredao norte,4,886,maos,184,270,50511.77,90
125.012.001,"Nitronbox 4,3L (125)",ORGANIZACAO,ORGANIZACAO,Paredao norte,4,886,maos,178,270,49152.34,183
177.012.003,Cestinho com Alça,ORGANIZACAO,ORGANIZACAO,Paredao norte,4,886,maos,193,270,47173.58,305
177.012.002,Cestinho com Alça,ORGANIZACAO,ORGANIZACAO,Paredao norte,4,886,maos,193,270,43834.29,266
277.012.003,Cesto Juta com Alças,ORGANIZACAO,ORGANIZACAO,Paredao norte,4,886,maos,184,270,36149.25,90
161.012.002,Porta Tudo,ORGANIZACAO,ORGANIZACAO,Paredao norte,4,886,maos,139,270,33921.65,222
093.012.003,Cestinho Versátil,ORGANIZACAO,ORGANIZACAO,Paredao norte,4,886,maos,200,270,30385.67,260
444.012.001,Para Gavetas,ORGANIZACAO,ORGANIZACAO,Paredao norte,4,886,maos,175,270,24221.41,134
381.012.003,Organizador de Gavetas Modular,ORGANIZACAO,ORGANIZACAO,Paredao norte,4,886,maos,72,270,22946.91,183
383.012.003,Organizador de Gavetas Modular,ORGANIZACAO,ORGANIZACAO,Paredao norte,4,886,maos,148,270,22662.17,164
093.012.002,Cestinho Versátil,ORGANIZACAO,ORGANIZACAO,Paredao norte,4,886,maos,200,270,20513.51,185
381.012.002,Organizador de Gavetas Modular,ORGANIZACAO,ORGANIZACAO,Paredao norte,4,886,maos,72,270,19444.8,122
383.012.002,Organizador de Gavetas Modular,ORGANIZACAO,ORGANIZACAO,Paredao norte,4,886,maos,148,270,19378.92,111
381.012.001,Organizador de Gavetas Modular,ORGANIZACAO,ORGANIZACAO,Paredao norte,4,886,maos,72,270,19097.22,209
383.012.001,Organizador de Gavetas Modular,ORGANIZACAO,ORGANIZACAO,Paredao norte,4,886,maos,148,270,15312.35,184
384.012.003,Organizador de Gavetas Modular,ORGANIZACAO,ORGANIZACAO,Paredao norte,4,886,maos,68,270,13905.69,195
384.012.001,Organizador de Gavetas Modular,ORGANIZACAO,ORGANIZACAO,Paredao norte,4,886,maos,68,270,11778.37,204
384.012.002,Organizador de Gavetas Modular,ORGANIZACAO,ORGANIZACAO,Paredao norte,4,886,maos,68,270,11106.65,138
382.012.001,Organizador de Gavetas Modular,ORGANIZACAO,ORGANIZACAO,Paredao norte,4,886,maos,147,270,9445.83,155
382.012.003,Organizador de Gavetas Modular,ORGANIZACAO,ORGANIZACAO,Paredao norte,4,886,maos,147,270,7819.44,133
382.012.002,Organizador de Gavetas Modular,ORGANIZACAO,ORGANIZACAO,Paredao norte,4,886,maos,147,270,5162.76,90
380.024.003,Organizador de Gavetas Modular,ORGANIZACAO,ORGANIZACAO,Paredao norte,4,886,maos,99,270,5045.04,39
380.024.002,Organizador de Gavetas Modular,ORGANIZACAO,ORGANIZACAO,Paredao norte,4,886,maos,99,270,4378.08,24
380.024.001,Organizador de Gavetas Modular,ORGANIZACAO,ORGANIZACAO,Paredao norte,4,886,maos,99,270,1274.88,33
097.012.001,Nitronbox 10L (097),ORGANIZACAO,ORGANIZACAO,Paredao norte,5,1148,maos,293,270,195516.18,249
268.012.003,Cesto Europa Juta,ORGANIZACAO,ORGANIZACAO,Paredao norte,5,1148,maos,202,270,170760.01,257
445.012.001,Cosméticos e Bijou,ORGANIZACAO,ORGANIZACAO,Paredao norte,5,1148,maos,130,270,154856.53,286
502.012.001,Caixa Organizadora Flat com Tampa,ORGANIZACAO,ORGANIZACAO,Paredao norte,5,1148,maos,175,270,130789.68,304
140.012.001,Estojo Multiuso,ORGANIZACAO,ORGANIZACAO,Paredao norte,5,1148,maos,68,270,130666.19,865
109.012.001,Nitronbox 6L (109),ORGANIZACAO,ORGANIZACAO,Paredao norte,5,1148,maos,228,270,120671.23,250
270.006.003,Cesto Europa Juta,ORGANIZACAO,ORGANIZACAO,Paredao norte,5,1148,maos,280,270,118525.93,165
164.006.001,Maleta Organiza Tudo c/Divis. Móveis,ORGANIZACAO,ORGANIZACAO,Paredao norte,5,1148,maos,296,270,103051.26,231
259.012.002,Caixa Organizadora Baixa Rattan com Tampa,ORGANIZACAO,ORGANIZACAO,Paredao norte,5,1148,maos,200,270,84493.05,157
047.012.003,Cesto Organizador Vime,ORGANIZACAO,ORGANIZACAO,Paredao norte,5,1148,maos,210,270,81933.89,323
269.012.002,Cesto Europa Juta,ORGANIZACAO,ORGANIZACAO,Paredao norte,5,1148,maos,240,270,80495.08,144
162.012.003,Cesto com Alça,ORGANIZACAO,ORGANIZACAO,Paredao norte,5,1148,maos,244,270,76223.91,245
270.006.002,Cesto Europa Juta,ORGANIZACAO,ORGANIZACAO,Paredao norte,5,1148,maos,280,270,73256.65,110
047.012.002,Cesto Organizador Vime,ORGANIZACAO,ORGANIZACAO,Paredao norte,5,1148,maos,210,270,72515.54,246
140.012.066,Estojo Multiuso,ORGANIZACAO,ORGANIZACAO,Paredao norte,5,1148,maos,68,270,70165.55,548
269.012.003,Cesto Europa Juta,ORGANIZACAO,ORGANIZACAO,Paredao norte,5,1148,maos,240,270,67068.69,130
268.012.002,Cesto Europa Juta,ORGANIZACAO,ORGANIZACAO,Paredao norte,5,1148,maos,202,270,63098.7,163
502.012.002,Caixa Organizadora Flat com Tampa,ORGANIZACAO,ORGANIZACAO,Paredao norte,5,1148,maos,175,270,62540.49,119
162.012.002,Cesto com Alça,ORGANIZACAO,ORGANIZACAO,Paredao norte,5,1148,maos,244,270,56253.81,172
314.006.561,Organizador De Cosmeticos Com 1 Gaveta - Branca,ORGANIZACAO,ORGANIZACAO,Paredao norte,5,1148,maos,185,270,55015.56,153
259.012.003,Caixa Organizadora Baixa Rattan com Tampa,ORGANIZACAO,ORGANIZACAO,Paredao norte,5,1148,maos,200,270,47459.02,83
260.012.002,Caixa Organizadora Baixa Rattan com Tampa,ORGANIZACAO,ORGANIZACAO,Paredao norte,5,1148,maos,225,270,46350.45,122
502.012.003,Caixa Organizadora Flat com Tampa,ORGANIZACAO,ORGANIZACAO,Paredao norte,5,1148,maos,175,270,41781.6,116
314.006.560,Organizador De Cosmeticos Com 1 Gaveta - Preta,ORGANIZACAO,ORGANIZACAO,Paredao norte,5,1148,maos,185,270,36377.04,153
260.012.003,Caixa Organizadora Baixa Rattan com Tampa,ORGANIZACAO,ORGANIZACAO,Paredao norte,5,1148,maos,225,270,33329.17,149
502.012.086,Caixa Organizadora Flat com Tampa,ORGANIZACAO,ORGANIZACAO,Paredao norte,5,1148,maos,175,270,33263.4,84
184.016.001,Transparente,ORGANIZACAO,ORGANIZACAO,Paredao norte,5,1148,maos,7,270,21946.65,113
314.006.562,Organizador De Cosmeticos Com 1 Gaveta - Rosa,ORGANIZACAO,ORGANIZACAO,Paredao norte,5,1148,maos,185,270,19551.84,82
260.012.086,Caixa Organizadora Baixa Rattan com Tampa,ORGANIZACAO,ORGANIZACAO,Paredao norte,5,1148,maos,225,270,18331.04,79
259.012.086,Caixa Organizadora Baixa Rattan com Tampa,ORGANIZACAO,ORGANIZACAO,Paredao norte,5,1148,maos,200,270,12165.72,74
184.010.003,10 Peças - Preto,ORGANIZACAO,ORGANIZACAO,Paredao norte,5,1148,maos,7,270,2783.5,15
019.024.001,Maleta Organiza Tudo c/Divis. Móveis,ORGANIZACAO,ORGANIZACAO,Paredao norte,6,1409,olhos,118,270,408590.74,872
138.012.001,Organiza Tudo com Divisórias Móveis,ORGANIZACAO,ORGANIZACAO,Paredao norte,6,1409,olhos,175,270,387480.06,861
123.012.028,"Caixa de Ferramentas Nitronfort 2,2L",ORGANIZACAO,ORGANIZACAO,Paredao norte,6,1409,olhos,140,270,275472.05,501
258.006.003,Cesto Alongado Juta,ORGANIZACAO,ORGANIZACAO,Paredao norte,6,1409,olhos,165,270,234846.07,484
003.006.003,Gaveteiro Com 3 Gavetas - Preta (004/3P),ORGANIZACAO,ORGANIZACAO,Paredao norte,6,1409,olhos,180,270,232957.21,499
257.012.003,Cesto Alongado Juta,ORGANIZACAO,ORGANIZACAO,Paredao norte,6,1409,olhos,132,270,227096.15,578
256.024.003,Cesto Alongado Juta,ORGANIZACAO,ORGANIZACAO,Paredao norte,6,1409,olhos,99,270,208536.31,538
313.006.560,Organizador De Cosmeticos Com 2 Gavetas - Preta,ORGANIZACAO,ORGANIZACAO,Paredao norte,6,1409,olhos,185,270,201370.79,235
065.012.003,Rattan com Tampa,ORGANIZACAO,ORGANIZACAO,Paredao norte,6,1409,olhos,154,270,200308.95,485
258.006.002,Cesto Alongado Juta,ORGANIZACAO,ORGANIZACAO,Paredao norte,6,1409,olhos,165,270,178082.73,403
257.012.002,Cesto Alongado Juta,ORGANIZACAO,ORGANIZACAO,Paredao norte,6,1409,olhos,132,270,165738.06,446
503.006.001,Caixa Organizadora Flat com Tampa,ORGANIZACAO,ORGANIZACAO,Paredao norte,6,1409,olhos,259,270,165707.81,305
261.006.003,Caixa Organizadora Baixa Rattan com Tampa,ORGANIZACAO,ORGANIZACAO,Paredao norte,6,1409,olhos,280,270,160286.75,167
065.012.002,Rattan com Tampa,ORGANIZACAO,ORGANIZACAO,Paredao norte,6,1409,olhos,155,270,157591.03,399
503.006.003,Caixa Organizadora Flat com Tampa,ORGANIZACAO,ORGANIZACAO,Paredao norte,6,1409,olhos,259,270,147690.73,220
011.036.001,Organiza Tudo com Divisórias Móveis,ORGANIZACAO,ORGANIZACAO,Paredao norte,6,1409,olhos,95,270,144071.01,577
501.012.003,Caixa Organizadora Flat com Tampa,ORGANIZACAO,ORGANIZACAO,Paredao norte,6,1409,olhos,116,270,137598.56,267
003.006.002,Gaveteiro Com 3 Gavetas - Branca (004/3B),ORGANIZACAO,ORGANIZACAO,Paredao norte,6,1409,olhos,180,270,135422.22,337
198.012.001,Estojo Super Prático,ORGANIZACAO,ORGANIZACAO,Paredao norte,6,1409,olhos,64,270,127247.8,549
261.006.002,Caixa Organizadora Baixa Rattan com Tampa,ORGANIZACAO,ORGANIZACAO,Paredao norte,6,1409,olhos,280,270,127006.06,129
503.006.002,Caixa Organizadora Flat com Tampa,ORGANIZACAO,ORGANIZACAO,Paredao norte,6,1409,olhos,259,270,126819.02,156
256.024.002,Cesto Alongado Juta,ORGANIZACAO,ORGANIZACAO,Paredao norte,6,1409,olhos,99,270,124128.81,416
123.012.045,"Caixa de Ferramentas Nitronfort 2,2L",ORGANIZACAO,ORGANIZACAO,Paredao norte,6,1409,olhos,140,270,84188.99,329
198.012.066,Estojo Super Prático,ORGANIZACAO,ORGANIZACAO,Paredao norte,6,1409,olhos,64,270,81519.59,423
313.006.561,Organizador De Cosmeticos Com 2 Gavetas - Branca,ORGANIZACAO,ORGANIZACAO,Paredao norte,6,1409,olhos,185,270,62183.19,140
123.012.027,"Caixa de Ferramentas Nitronfort 2,2L",ORGANIZACAO,ORGANIZACAO,Paredao norte,6,1409,olhos,140,270,60907.95,199
501.012.002,Caixa Organizadora Flat com Tampa,ORGANIZACAO,ORGANIZACAO,Paredao norte,6,1409,olhos,116,270,56742.2,106
503.006.086,Caixa Organizadora Flat com Tampa,ORGANIZACAO,ORGANIZACAO,Paredao norte,6,1409,olhos,261,270,52220.88,110
501.012.001,Caixa Organizadora Flat com Tampa,ORGANIZACAO,ORGANIZACAO,Paredao norte,6,1409,olhos,116,270,45872.67,178
501.012.086,Caixa Organizadora Flat com Tampa,ORGANIZACAO,ORGANIZACAO,Paredao norte,6,1409,olhos,116,270,36008.52,85
065.012.086,Rattan com Tampa,ORGANIZACAO,ORGANIZACAO,Paredao norte,6,1409,olhos,154,270,33301.31,180
313.006.562,Organizador De Cosmeticos Com 2 Gavetas - Rosa,ORGANIZACAO,ORGANIZACAO,Paredao norte,6,1409,olhos,185,270,32732.74,125
003.006.012,Gaveteiro Com 3 Gavetas - Rosa,ORGANIZACAO,ORGANIZACAO,Paredao norte,6,1409,olhos,180,270,30463.28,127
167.012.001,3 Peças - Transparente,ORGANIZACAO,ORGANIZACAO,Paredao norte,6,1409,olhos,7,270,25033.42,149
256.024.086,Cesto Alongado Juta,ORGANIZACAO,ORGANIZACAO,Paredao norte,6,1409,olhos,99,270,21183.09,140
257.012.086,Cesto Alongado Juta,ORGANIZACAO,ORGANIZACAO,Paredao norte,6,1409,olhos,132,270,20802.71,137
258.006.086,Cesto Alongado Juta,ORGANIZACAO,ORGANIZACAO,Paredao norte,6,1409,olhos,165,270,16155.98,110
261.006.086,Caixa Organizadora Baixa Rattan com Tampa,ORGANIZACAO,ORGANIZACAO,Paredao norte,6,1409,olhos,280,270,15747.42,66
167.010.003,10 Peças - Preto,ORGANIZACAO,ORGANIZACAO,Paredao norte,6,1409,olhos,7,270,4253.5,18
013.050.004,Suporte Para Botijão,ORGANIZACAO,ORGANIZACAO,Paredao norte,7,1671,olhos,290,270,1278677.41,722
041.012.003,Organizador Multiuso Rattan Com 3 Divisorias - Preto (041/P),ORGANIZACAO,ORGANIZACAO,Paredao norte,7,1671,olhos,110,270,859105.0,1727
004.006.003,Gaveteiro Com 4 Gavetas - Preta (004/4P),ORGANIZACAO,ORGANIZACAO,Paredao norte,7,1671,olhos,180,270,739649.29,589
013.050.003,Suporte Para Botijão,ORGANIZACAO,ORGANIZACAO,Paredao norte,7,1671,olhos,290,270,663645.62,1146
069.006.003,Rattan com Tampa,ORGANIZACAO,ORGANIZACAO,Paredao norte,7,1671,olhos,280,270,606962.34,512
069.006.002,Rattan com Tampa,ORGANIZACAO,ORGANIZACAO,Paredao norte,7,1671,olhos,280,270,566454.34,418
106.012.001,Maleta Organiza Tudo c/Divis. Móveis,ORGANIZACAO,ORGANIZACAO,Paredao norte,7,1671,olhos,195,270,533419.13,783
254.006.002,Modular Rattan,ORGANIZACAO,ORGANIZACAO,Paredao norte,7,1671,olhos,265,270,508523.35,246
004.006.002,Gaveteiro Com 4 Gavetas - Branca (004/4B),ORGANIZACAO,ORGANIZACAO,Paredao norte,7,1671,olhos,180,270,472218.28,359
170.006.028,Caixa de Ferramentas Nitronfort 16L,ORGANIZACAO,ORGANIZACAO,Paredao norte,7,1671,olhos,223,270,419184.92,489
187.006.001,Organiza Tudo com Divisórias Móveis,ORGANIZACAO,ORGANIZACAO,Paredao norte,7,1671,olhos,270,270,414222.22,505
254.006.001,Modular Rattan,ORGANIZACAO,ORGANIZACAO,Paredao norte,7,1671,olhos,265,270,404940.5,326
214.006.003,Organizador Multiuso Rattan Com 6 Divisorias - Preto (214/P),ORGANIZACAO,ORGANIZACAO,Paredao norte,7,1671,olhos,178,270,373144.87,1009
041.012.002,Organizador Multiuso Rattan Com 3 Divisórias - Branco (041/B),ORGANIZACAO,ORGANIZACAO,Paredao norte,7,1671,olhos,110,270,341502.29,1186
068.012.002,Rattan com Tampa,ORGANIZACAO,ORGANIZACAO,Paredao norte,7,1671,olhos,225,270,330909.31,399
062.012.003,Rattan com Tampa,ORGANIZACAO,ORGANIZACAO,Paredao norte,7,1671,olhos,200,270,315555.5,538
068.012.003,Rattan com Tampa,ORGANIZACAO,ORGANIZACAO,Paredao norte,7,1671,olhos,225,270,314588.44,425
062.012.002,Rattan com Tampa,ORGANIZACAO,ORGANIZACAO,Paredao norte,7,1671,olhos,200,270,311737.11,431
254.006.003,Modular Rattan,ORGANIZACAO,ORGANIZACAO,Paredao norte,7,1671,olhos,265,270,248265.19,285
214.006.002,Organizador Multiuso Rattan Com 6 Divisorias - Branco (214/B),ORGANIZACAO,ORGANIZACAO,Paredao norte,7,1671,olhos,177,270,190688.6,711
004.006.012,Gaveteiro Com 4 Gavetas - Rosa,ORGANIZACAO,ORGANIZACAO,Paredao norte,7,1671,olhos,180,270,183630.34,121
170.006.045,Caixa de Ferramentas Nitronfort 16L,ORGANIZACAO,ORGANIZACAO,Paredao norte,7,1671,olhos,223,270,101848.1,332
041.012.086,Organizador Multiuso Rattan Com 3 Divisorias - Chumbo,ORGANIZACAO,ORGANIZACAO,Paredao norte,7,1671,olhos,110,270,92531.34,593
170.006.027,Caixa de Ferramentas Nitronfort 16L,ORGANIZACAO,ORGANIZACAO,Paredao norte,7,1671,olhos,223,270,89746.77,207
068.012.086,Rattan com Tampa,ORGANIZACAO,ORGANIZACAO,Paredao norte,7,1671,olhos,225,270,86249.99,167
214.006.086,Organizador Multiuso Rattan Com 6 Divisorias - Chumbo,ORGANIZACAO,ORGANIZACAO,Paredao norte,7,1671,olhos,177,270,78702.74,421
069.006.086,Rattan com Tampa,ORGANIZACAO,ORGANIZACAO,Paredao norte,7,1671,olhos,280,270,73820.36,194
062.012.086,Rattan com Tampa,ORGANIZACAO,ORGANIZACAO,Paredao norte,7,1671,olhos,200,270,60957.32,188
010.012.001,Transparente,ORGANIZACAO,ORGANIZACAO,Paredao norte,7,1671,olhos,7,270,40415.81,144
010.001.003,Caixa Expositora Com 40 Kits Com 10 Cabides - Preto,ORGANIZACAO,ORGANIZACAO,Paredao norte,7,1671,olhos,7,270,6239.65,9
010.010.003,10 Peças - Preto,ORGANIZACAO,ORGANIZACAO,Paredao norte,7,1671,olhos,7,270,3481.0,18
353.006.001,Kit Potes Modulares com 6 Peças,COZINHA,POTES,Paredao sul,3,624,chao,110,513,435974.81,178
237.006.003,Pote Acoplado com Copo Medidor,COZINHA,POTES,Paredao sul,3,624,chao,205,513,275398.26,742
237.006.002,Pote Acoplado com Copo Medidor,COZINHA,POTES,Paredao sul,3,624,chao,205,513,240463.15,612
182.012.546,Jarra com Tampa Flip Top,COZINHA,JARRAS,Paredao sul,3,624,chao,124,513,161891.71,353
182.012.002,Jarra com Tampa Flip Top,COZINHA,JARRAS,Paredao sul,3,624,chao,124,513,104879.67,312
323.006.001,"Pote Modular - Transparente 2,4L",COZINHA,POTES,Paredao sul,3,624,chao,110,513,99223.19,371
353.006.003,Kit Potes Modulares com 6 Peças,COZINHA,POTES,Paredao sul,3,624,chao,145,270,32623.56,24
081.012.003,Porta Papel Toalha,COZINHA,COZINHA,Paredao sul,3,624,chao,148,513,31578.92,459
081.012.002,Porta Papel Toalha,COZINHA,COZINHA,Paredao sul,3,624,chao,148,513,22711.54,256
552.002.M02,Cesto de Roupa Empilhável com Teca,COZINHA,TECA,Paredao sul,3,624,chao,345,,5893.31,22
323.006.003,"Pote Modular - Preto 2,4L",COZINHA,POTES,Paredao sul,3,624,chao,235,270,3615.06,39
552.002.M03,Cesto de Roupa Empilhável com Teca,COZINHA,TECA,Paredao sul,3,624,chao,345,,2658.75,10
695.002.M00,Teca Quadrada Gourmet,COZINHA,TECA,Paredao sul,3,624,chao,210,270,0.0,0
701.006.001,Organizador de Geladeira Rattan,COZINHA,GELADEIRA,Paredao sul,4,886,maos,220,270,54377.4,361
248.012.009,Pote Tomatinho Acoplado Com Rosca - 500Ml (248),COZINHA,POTES,Paredao sul,4,886,maos,118,270,48255.55,368
251.012.001,Caçarola Mini Micro-ondas,COZINHA,MICRO-ONDAS,Paredao sul,4,886,maos,140,270,46875.42,345
212.012.003,Pote com Travas e 2 Div.,COZINHA,POTES,Paredao sul,4,886,maos,130,270,46851.82,275
2500.012.001,Pote Alto Retangular,COZINHA,POTES,Paredao sul,4,886,maos,119,270,46733.4,499
419.024.002,Cortador de Batatas,COZINHA,DECOR,Paredao sul,4,886,maos,110,270,46023.6,99
385.006.M00,Tábua de Corte Teca M,COZINHA,TECA,Paredao sul,4,886,maos,230,270,45943.14,95
706.006.001,Organziador de Geladeira Juta,COZINHA,GELADEIRA,Paredao sul,4,886,maos,100,270,43999.05,333
556.012.001,Pote com Tampa Fixa,COZINHA,POTES,Paredao sul,4,886,maos,130,270,42673.55,331
319.012.001,Pote Modular - Transparente 250Ml,COZINHA,POTES,Paredao sul,4,886,maos,78,270,42014.81,272
209.012.003,Marmita c/ Porta Talheres,COZINHA,POTES,Paredao sul,4,886,maos,110,270,41653.99,176
6120.050.001,Pote Raso com Travas,COZINHA,POTES,Paredao sul,4,886,maos,112,270,41338.23,213
6130.030.001,Pote Raso Retangular com 3 Peças,COZINHA,POTES,Paredao sul,4,886,maos,112,270,40197.96,217
403.024.002,Kit Biscoito Fácil,COZINHA,DECOR,Paredao sul,4,886,maos,60,270,39581.35,113
681.004.M00,Queijeira Teca com Acrílico,COZINHA,TECA,Paredao sul,4,886,maos,165,270,38060.09,102
157.024.009,Pote Alto com Travas,COZINHA,POTES,Paredao sul,4,886,maos,110,270,36913.5,195
300.012.001,Pote Raso Retangular Raso,COZINHA,POTES,Paredao sul,4,886,maos,120,270,36798.57,352
279.012.024,Pote Alho Acoplado Com Rosca - 500Ml (279),COZINHA,POTES,Paredao sul,4,886,maos,118,270,36744.95,330
351.012.001,Kit Potes Modulares com 3 Peças,COZINHA,POTES,Paredao sul,4,886,maos,78,270,36282.03,102
268.006.M02,Caixa Juta Europa com Tampa Teca,COZINHA,TECA,Paredao sul,4,886,maos,204,270,36260.8,44
702.006.001,Organizador de Geladeira Rattan,COZINHA,GELADEIRA,Paredao sul,4,886,maos,195,270,36026.24,332
321.012.001,Pote Modular - Transparente 800Ml,COZINHA,POTES,Paredao sul,4,886,maos,110,270,35431.35,258
176.024.001,Marmita Due c/ Div Móvel,COZINHA,POTES,Paredao sul,4,886,maos,119,270,31796.35,156
320.012.001,Pote Modular - Transparente 450Ml,COZINHA,POTES,Paredao sul,4,886,maos,93,270,31523.11,242
307.006.520,"Travessa Oval Canelada Com Tampa - Branca 2,5L",COZINHA,COZINHA,Paredao sul,4,886,maos,185,270,30872.75,275
124.012.003,Com Bandeja e Talheres,COZINHA,POTES,Paredao sul,4,886,maos,125,270,30854.7,158
303.012.001,Pote Raso Retangular Raso,COZINHA,POTES,Paredao sul,4,886,maos,210,270,30679.37,171
555.012.001,Pote com Tampa Fixa,COZINHA,POTES,Paredao sul,4,886,maos,105,270,30080.38,327
458.024.002,Porta Leite de Saquinho,COZINHA,COZINHA,Paredao sul,4,886,maos,65,270,29783.83,71
422.024.002,Kit Decorador de Bolo com 7 Peças,COZINHA,DECOR,Paredao sul,4,886,maos,50,270,28531.44,77
015.012.003,Ralador Pratic com Pote,COZINHA,COZINHA,Paredao sul,4,886,maos,115,270,28124.98,249
391.006.M00,Tábua com Cabo Teca M,COZINHA,TECA,Paredao sul,4,886,maos,180,270,27065.32,60
203.006.003,Pote Ultraforte com Travas,COZINHA,POTES,Paredao sul,4,886,maos,200,270,26459.44,154
197.024.010,Pote com Travas e 2 Div.,COZINHA,POTES,Paredao sul,4,886,maos,119,270,25836.6,160
821.004.001,Pote com Tampa Fixa,COZINHA,POTES,Paredao sul,4,886,maos,130,270,24905.44,84
190.012.001,Pote Alto com Travas,COZINHA,POTES,Paredao sul,4,886,maos,145,270,24459.0,80
112.012.547,Jarra Medidora Top Mix,COZINHA,JARRAS,Paredao sul,4,886,maos,85,270,24092.6,197
250.024.009,"Cacarola Micro-Ondas Com Cesto - Transparente 1,5L (250)",COZINHA,MICRO-ONDAS,Paredao sul,4,886,maos,175,270,24025.58,91
392.006.M00,Tábua com Cabo Teca G,COZINHA,TECA,Paredao sul,4,886,maos,210,270,24011.28,37
136.024.001,Travessa Micro-ondas c/Tampa,COZINHA,MICRO-ONDAS,Paredao sul,4,886,maos,208,270,23946.37,107
361.012.003,Pote Farinha Acoplado Com Rosca - 2L,COZINHA,POTES,Paredao sul,4,886,maos,140,270,23619.99,232
228.012.003,Pote c/ Travas Laterais,COZINHA,POTES,Paredao sul,4,886,maos,165,270,22305.54,208
427.024.003,Escorredor Quadrado,COZINHA,COZINHA,Paredao sul,4,886,maos,242,270,21523.56,51
112.012.002,Jarra Medidora Top Mix,COZINHA,JARRAS,Paredao sul,4,886,maos,85,270,19837.11,180
305.006.520,Travessa Oval Canelada Com Tampa - Branca 650Ml,COZINHA,COZINHA,Paredao sul,4,886,maos,110,270,19745.26,229
015.012.002,Ralador Pratic Com Pote - Branco 420Ml,COZINHA,COZINHA,Paredao sul,4,886,maos,115,270,18538.47,160
094.012.003,Açucareiro Doçura,COZINHA,COZINHA,Paredao sul,4,886,maos,90,270,17774.27,348
554.012.001,Pote com Tampa Fixa,COZINHA,POTES,Paredao sul,4,886,maos,80,270,17767.83,246
094.012.002,Açucareiro Doçura,COZINHA,COZINHA,Paredao sul,4,886,maos,90,270,17357.87,283
458.024.003,Porta Leite de Saquinho,COZINHA,COZINHA,Paredao sul,4,886,maos,65,270,17007.55,93
713.012.001,Organizador de Geladeira Flat,COZINHA,GELADEIRA,Paredao sul,4,886,maos,175,270,16532.98,132
423.024.002,Cj. Bico Russo Confeiteiro com 5 Peças,COZINHA,DECOR,Paredao sul,4,886,maos,32,270,16165.4,66
369.006.001,Kit Porta Frios Com 3 Pecas,COZINHA,COZINHA,Paredao sul,4,886,maos,120,270,14592.02,62
712.012.001,Organizador de Geladeira Flat,COZINHA,GELADEIRA,Paredao sul,4,886,maos,115,270,14333.64,132
427.024.002,Escorredor Quadrado,COZINHA,COZINHA,Paredao sul,4,886,maos,242,270,12087.99,55
352.012.001,Kit Potes Modulares com 3 Peças,COZINHA,POTES,Paredao sul,4,886,maos,93,270,11700.51,48
686.004.M00,Tábua de Servir Teca Com 3 Molheiras,COZINHA,TECA,Paredao sul,4,886,maos,210,270,11504.17,39
390.012.M00,Tábua com Cabo Teca  P,COZINHA,TECA,Paredao sul,4,886,maos,150,270,10220.86,27
820.006.002,Escorredor de Pratos Flat,COZINHA,COZINHA,Paredao sul,4,886,maos,268,270,9937.86,47
625.002.M00,Teca Grande Gourmet,COZINHA,TECA,Paredao sul,4,886,maos,295,270,9364.74,10
6120.006.P01,Kit POP - 6 Potes Retangulares,COZINHA,POP,Paredao sul,4,886,maos,112,270,9045.18,23
400.024.002,Abridor de Tampas Apertadas,COZINHA,DECOR,Paredao sul,4,886,maos,50,270,8518.06,57
820.006.003,Escorredor de Pratos Flat,COZINHA,COZINHA,Paredao sul,4,886,maos,268,270,8115.06,54
429.024.002,Escorredor Meia Lua,COZINHA,COZINHA,Paredao sul,4,886,maos,120,270,7350.66,36
684.004.M00,Tabua De Servir Teca Com Cabo E 2 Molheiras,COZINHA,TECA,Paredao sul,4,886,maos,175,270,5801.68,35
822.006.003,Escorredor de Talheres Flat,COZINHA,COZINHA,Paredao sul,4,886,maos,100,270,5729.24,93
300.012.003,Pote Raso Retangular Raso,COZINHA,POTES,Paredao sul,4,886,maos,120,270,5725.17,51
689.004.M00,Tabua Servir Teca Com Cabo E 1 Molheira,COZINHA,TECA,Paredao sul,4,886,maos,133,270,5630.64,37
822.006.002,Escorredor de Talheres Flat,COZINHA,COZINHA,Paredao sul,4,886,maos,100,270,5554.8,98
562.004.M00,Tábua de Pizza com Cabo Teca,COZINHA,TECA,Paredao sul,4,886,maos,380,270,5516.64,11
319.006.P01,Kit POP - 6 Potes Quadrados,COZINHA,POP,Paredao sul,4,886,maos,78,270,5268.0,20
555.012.003,Pote com Tampa Fixa,COZINHA,POTES,Paredao sul,4,886,maos,105,270,5117.28,60
321.012.003,Pote Modular - Preto 800Ml,COZINHA,POTES,Paredao sul,4,886,maos,185,270,4867.21,57
2500.012.003,Pote Alto Retangular,COZINHA,POTES,Paredao sul,4,886,maos,119,270,4268.28,59
682.004.M00,Base Teca com 3 Molheiras,COZINHA,TECA,Paredao sul,4,886,maos,88,270,4229.52,40
429.024.003,Escorredor Meia Lua,COZINHA,COZINHA,Paredao sul,4,886,maos,120,270,4201.64,26
351.012.003,Kit Potes Modulares com 3 Peças,COZINHA,POTES,Paredao sul,4,886,maos,113,270,3814.08,21
556.012.003,Pote com Tampa Fixa,COZINHA,POTES,Paredao sul,4,886,maos,130,270,3700.44,41
555.006.P01,Kit POP - 6 Potes Tampas Fixa,COZINHA,POP,Paredao sul,4,886,maos,105,270,3417.42,17
319.012.003,Pote Modular - Preto 250Ml,COZINHA,POTES,Paredao sul,4,886,maos,113,270,3236.4,48
685.004.M00,Tábua de Servir Teca com 1 Molheira,COZINHA,TECA,Paredao sul,4,886,maos,230,270,2923.86,21
563.004.M00,Tábua Brotinho com Cabo Teca,COZINHA,TECA,Paredao sul,4,886,maos,343,270,2911.84,8
554.006.P01,Kit POP - 6 Potes Tampas Fixa,COZINHA,POP,Paredao sul,4,886,maos,80,270,2853.84,15
303.012.003,Pote Raso Retangular Raso,COZINHA,POTES,Paredao sul,4,886,maos,210,270,2849.76,22
822.006.086,Escorredor de Talheres Flat,COZINHA,COZINHA,Paredao sul,4,886,maos,100,270,2570.59,53
320.012.003,Pote Modular - Preto 450Ml,COZINHA,POTES,Paredao sul,4,886,maos,145,270,2566.8,39
683.004.M00,Base Teca com 2 Molheiras,COZINHA,TECA,Paredao sul,4,886,maos,88,270,2288.88,32
554.012.003,Pote com Tampa Fixa,COZINHA,POTES,Paredao sul,4,886,maos,80,270,2079.48,48
820.006.086,Escorredor de Pratos Flat,COZINHA,COZINHA,Paredao sul,4,886,maos,268,270,2022.78,14
438.006.M00,Tábua de Corte Teca Extra G,COZINHA,TECA,Paredao sul,4,886,maos,210,270,1350.66,3
190.012.003,Pote Alto com Travas,COZINHA,POTES,Paredao sul,4,886,maos,145,270,1140.12,5
821.004.003,Pote com Tampa Fixa,COZINHA,POTES,Paredao sul,4,886,maos,130,270,549.2,5
443.006.M00,Tábua de Corte Teca G com Alça de Metal,COZINHA,TECA,Paredao sul,4,886,maos,210,270,225.84,1
359.012.003,Pote Arroz Acoplado Com Rosca - 2L,COZINHA,POTES,Paredao sul,5,1148,maos,140,270,128599.85,389
194.012.009,Micro-ondas com Cesto,COZINHA,MICRO-ONDAS,Paredao sul,5,1148,maos,220,270,124068.22,355
306.006.520,"Travessa Oval Canelada Com Tampa - Branca 1,2L",COZINHA,COZINHA,Paredao sul,5,1148,maos,145,270,123991.77,476
4010.012.003,Açucareiro com Tampa,COZINHA,COZINHA,Paredao sul,5,1148,maos,79,270,116174.66,635
817.012.001,Pote Alto com Válvula,COZINHA,POTES,Paredao sul,5,1148,maos,150,270,111682.0,364
317.012.001,Marmita Fit,COZINHA,POTES,Paredao sul,5,1148,maos,100,270,110430.97,217
349.012.575,Porta Queijo com Tela,COZINHA,COZINHA,Paredao sul,5,1148,maos,120,270,104997.34,406
281.036.999,Pote Acoplado com Copo Medidor,COZINHA,POTES,Paredao sul,5,1148,maos,60,270,103539.97,628
018.030.002,Tábua Multiuso,COZINHA,COZINHA,Paredao sul,5,1148,maos,205,270,100928.92,193
229.012.001,Cook Freezer com Cesto,COZINHA,MICRO-ONDAS,Paredao sul,5,1148,maos,237,270,98439.49,254
350.012.577,Porta Frios com Tela,COZINHA,COZINHA,Paredao sul,5,1148,maos,120,270,96263.89,438
2232.012.009,Porta Frios Duplo Com Tela (223/2),COZINHA,COZINHA,Paredao sul,5,1148,maos,180,270,94177.74,232
241.024.001,Pote Raso com Válvula,COZINHA,POTES,Paredao sul,5,1148,maos,117,270,93939.12,423
302.012.001,Pote Raso Retangular Raso,COZINHA,POTES,Paredao sul,5,1148,maos,190,270,88924.57,386
348.012.576,Porta Presunto Com Tela,COZINHA,COZINHA,Paredao sul,5,1148,maos,120,270,83673.17,371
075.024.001,Sanduicheira Pratic,COZINHA,POTES,Paredao sul,5,1148,maos,125,270,83281.03,535
3840.016.003,Kit Pote Café e Açúcar,COZINHA,POTES,Paredao sul,5,1148,maos,183,270,82918.9,140
231.012.001,Pote Raso com Travas,COZINHA,POTES,Paredao sul,5,1148,maos,100,270,80234.86,759
246.024.001,Pote Alto com Válvula,COZINHA,POTES,Paredao sul,5,1148,maos,120,270,79316.29,375
064.012.547,Jarra com Tubo para Gelo,COZINHA,JARRAS,Paredao sul,5,1148,maos,145,270,78084.59,190
2280.012.001,Pote Redondo com Travas,COZINHA,POTES,Paredao sul,5,1148,maos,165,270,77902.76,379
3790.012.001,Pote Quadrado com Travas,COZINHA,POTES,Paredao sul,5,1148,maos,113,270,74723.58,692
045.012.001,Micro-ondas com Tampa,COZINHA,MICRO-ONDAS,Paredao sul,5,1148,maos,237,270,73024.85,281
020.024.001,Micro-ondas com Tampa,COZINHA,MICRO-ONDAS,Paredao sul,5,1148,maos,235,270,72721.12,1342
700.006.001,Organizador de Geladeira Rattan,COZINHA,GELADEIRA,Paredao sul,5,1148,maos,275,270,69157.58,333
680.004.M00,Boleira Teca Com Acrílico,COZINHA,TECA,Paredao sul,5,1148,maos,255,270,66879.17,105
4040.012.003,Saleiro com Tampa,COZINHA,COZINHA,Paredao sul,5,1148,maos,79,270,65973.69,597
705.006.001,Organziador de Geladeira Juta,COZINHA,GELADEIRA,Paredao sul,5,1148,maos,132,270,65296.42,382
507.004.M03,Teca com Gaveta,COZINHA,TECA,Paredao sul,5,1148,maos,257,270,64622.1,36
322.006.001,"Pote Modular - Transparente 1,2L",COZINHA,POTES,Paredao sul,5,1148,maos,110,270,64068.31,367
703.006.001,Organizador de Geladeira Rattan,COZINHA,GELADEIRA,Paredao sul,5,1148,maos,195,270,64018.19,389
249.012.020,Pote Temperos Acoplado Com Rosca - 500Ml (249),COZINHA,POTES,Paredao sul,5,1148,maos,118,270,63895.87,335
207.024.001,Jarra Medidora Top Mix,COZINHA,JARRAS,Paredao sul,5,1148,maos,99,270,63572.11,361
270.002.M03,Caixa Juta Europa com Tampa Teca,COZINHA,TECA,Paredao sul,5,1148,maos,280,270,62599.18,22
421.024.002,Cortador e Ralador de Legumes,COZINHA,DECOR,Paredao sul,5,1148,maos,80,270,62466.41,341
205.006.862,Kit Pote Fit Coloratto Com 3 Pecas - 450Ml (290/K),COZINHA,POTES,Paredao sul,5,1148,maos,95,270,62317.04,267
158.024.029,Pote Alto com Travas,COZINHA,POTES,Paredao sul,5,1148,maos,110,270,54604.7,292
301.012.001,Pote Raso Retangular Raso,COZINHA,POTES,Paredao sul,5,1148,maos,150,270,53979.69,441
191.012.001,Pote com 2 Divisórias,COZINHA,POTES,Paredao sul,5,1148,maos,170,270,52479.02,308
256.006.M03,Caixa Juta Alongada com Tampa Teca,COZINHA,TECA,Paredao sul,5,1148,maos,102,270,50486.31,86
270.002.M02,Caixa Juta Europa com Tampa Teca,COZINHA,TECA,Paredao sul,5,1148,maos,280,270,47435.57,27
088.012.547,Jarra com Tampa,COZINHA,JARRAS,Paredao sul,5,1148,maos,130,270,45238.89,303
256.006.M02,Caixa Juta Alongada com Tampa Teca,COZINHA,TECA,Paredao sul,5,1148,maos,102,270,44972.78,69
121.012.003,Escorredor de Arroz Caribe,COZINHA,COZINHA,Paredao sul,5,1148,maos,165,270,43265.69,491
2290.006.862,Coloratto com 3 Peças,COZINHA,POTES,Paredao sul,5,1148,maos,125,270,42059.06,171
311.012.517,Marmita e Pote 2 em 1,COZINHA,POTES,Paredao sul,5,1148,maos,125,270,40540.93,183
269.004.M02,Caixa Juta Europa com Tampa Teca,COZINHA,TECA,Paredao sul,5,1148,maos,240,270,38883.55,63
039.012.003,Escorredor Basico Com Cabo - Preto,COZINHA,COZINHA,Paredao sul,5,1148,maos,230,270,38752.28,447
064.012.002,Jarra com Tubo para Gelo,COZINHA,JARRAS,Paredao sul,5,1148,maos,145,270,37953.53,191
269.004.M03,Caixa Juta Europa com Tampa Teca,COZINHA,TECA,Paredao sul,5,1148,maos,240,270,36331.98,63
3790.006.862,Kit Pote Quadrado Coloratto Com 3 Pecas - 370Ml,COZINHA,POTES,Paredao sul,5,1148,maos,110,270,35340.93,165
188.012.003,Super Prático,COZINHA,COZINHA,Paredao sul,5,1148,maos,267,270,33554.56,217
311.012.515,Marmita e Pote 2 em 1,COZINHA,POTES,Paredao sul,5,1148,maos,125,270,33267.18,124
129.012.003,Porta Talher Stillo com 4 Divisórias,COZINHA,COZINHA,Paredao sul,5,1148,maos,215,270,28898.46,315
235.012.001,Pote Acoplado Com Rosca - Transparente 500Ml,COZINHA,POTES,Paredao sul,5,1148,maos,118,270,27450.1,304
302.012.003,Pote Raso Retangular Raso,COZINHA,POTES,Paredao sul,5,1148,maos,190,270,27256.68,67
205.006.861,Kit Pote Fit Coloratto Com 2 Pecas - 450Ml (285/K),COZINHA,POTES,Paredao sul,5,1148,maos,95,270,27091.02,218
322.006.003,"Pote Modular - Preto 1,2L",COZINHA,POTES,Paredao sul,5,1148,maos,235,270,26921.94,53
129.012.002,Porta Talher Stillo com 4 Divisórias,COZINHA,COZINHA,Paredao sul,5,1148,maos,215,270,26672.12,297
121.012.002,Escorredor de Arroz Caribe,COZINHA,COZINHA,Paredao sul,5,1148,maos,165,270,26288.19,309
039.012.002,Escorredor Basico Com Cabo - Branco,COZINHA,COZINHA,Paredao sul,5,1148,maos,230,270,25643.88,261
231.006.861,Kit Pote Raso Coloratto Com 2 Pecas - 270Ml (289/K),COZINHA,POTES,Paredao sul,5,1148,maos,96,270,23410.6,164
2290.012.001,Pote Redondo com Travas,COZINHA,POTES,Paredao sul,5,1148,maos,125,270,21719.79,264
088.012.002,Jarra com Tampa,COZINHA,JARRAS,Paredao sul,5,1148,maos,130,270,19934.76,193
188.012.002,Super Prático,COZINHA,COZINHA,Paredao sul,5,1148,maos,265,270,19552.42,125
205.012.001,Pote Retangular Fit,COZINHA,POTES,Paredao sul,5,1148,maos,95,270,18753.91,234
235.012.002,Pote Acoplado Com Rosca - Branco 500Ml,COZINHA,POTES,Paredao sul,5,1148,maos,118,270,18563.1,169
231.006.862,Kit Pote Raso Coloratto Com 3 Pecas - 270Ml (291/K),COZINHA,POTES,Paredao sul,5,1148,maos,96,270,18076.82,169
311.012.002,Marmita e Pote 2 em 1,COZINHA,POTES,Paredao sul,5,1148,maos,125,270,14889.18,142
191.012.003,Pote com 2 Divisórias,COZINHA,POTES,Paredao sul,5,1148,maos,170,270,11491.56,61
301.012.003,Pote Raso Retangular Raso,COZINHA,POTES,Paredao sul,5,1148,maos,150,270,11339.56,98
207.012.547,Jarra Medidora Top Mix,COZINHA,JARRAS,Paredao sul,5,1148,maos,99,270,11127.59,114
235.012.003,Pote Acoplado Preto C/Rosca 500Ml,COZINHA,POTES,Paredao sul,5,1148,maos,118,270,9735.2,106
188.012.086,Super Prático,COZINHA,COZINHA,Paredao sul,5,1148,maos,267,270,9196.31,59
311.012.001,Marmita e Pote 2 em 1,COZINHA,POTES,Paredao sul,5,1148,maos,125,270,8754.72,67
207.012.002,Jarra Medidora Top Mix,COZINHA,JARRAS,Paredao sul,5,1148,maos,99,270,5847.32,70
205.012.003,Pote Retangular Fit,COZINHA,POTES,Paredao sul,5,1148,maos,95,270,5287.08,83
317.006.P01,Kit POP com 5 Marmitas Fits,COZINHA,POP,Paredao sul,5,1148,maos,100,270,4937.94,14
231.006.P01,Kit POP - 6 Potes com Travas,COZINHA,POP,Paredao sul,5,1148,maos,100,270,4649.29,20
2290.012.003,Pote Redondo com Travas,COZINHA,POTES,Paredao sul,5,1148,maos,125,270,4306.8,68
235.012.671,Pote Acoplado Preto C/Rosca - Sal 500Ml,COZINHA,POTES,Paredao sul,5,1148,maos,118,270,4076.4,66
2280.012.003,Pote Redondo com Travas,COZINHA,POTES,Paredao sul,5,1148,maos,165,270,3954.96,48
231.012.003,Pote Raso com Travas,COZINHA,POTES,Paredao sul,5,1148,maos,100,270,3795.92,67
3790.012.003,Pote Quadrado com Travas,COZINHA,POTES,Paredao sul,5,1148,maos,113,270,3761.4,77
205.006.P01,Kit POP - 6 Potes Fits,COZINHA,POP,Paredao sul,5,1148,maos,78,270,3756.9,17
317.012.003,Marmita Fit,COZINHA,POTES,Paredao sul,5,1148,maos,127,270,3737.16,38
241.006.P01,Kit POP - 6 Potes com Válvula,COZINHA,POP,Paredao sul,5,1148,maos,117,270,2919.48,13
3790.006.P01,Kit POP - 6 Potes Quadrados,COZINHA,POP,Paredao sul,5,1148,maos,113,270,2225.98,16
243.024.001,"Pote Raso Com Valvula - 1,9L (243)",COZINHA,POTES,Paredao sul,6,1409,olhos,185,270,231692.59,490
217.012.003,Pote Ultraforte com Travas,COZINHA,POTES,Paredao sul,6,1409,olhos,240,270,230051.12,513
242.024.001,Pote Raso com Válvula,COZINHA,POTES,Paredao sul,6,1409,olhos,150,270,213170.68,563
216.012.003,Pote Ultraforte com Travas,COZINHA,POTES,Paredao sul,6,1409,olhos,200,270,212734.84,606
117.012.002,Tábua Extra Grande,COZINHA,COZINHA,Paredao sul,6,1409,olhos,245,270,205478.07,219
2540.012.001,Kit Potes Altos com 3 pçs,COZINHA,POTES,Paredao sul,6,1409,olhos,210,270,203640.25,112
044.012.005,Porta Leite de Saquinho,COZINHA,COZINHA,Paredao sul,6,1409,olhos,120,270,201220.37,800
387.006.M00,Tábua de Corte Teca G,COZINHA,TECA,Paredao sul,6,1409,olhos,265,270,197675.91,39
240.024.001,Cook Freezer Micro-ondas,COZINHA,MICRO-ONDAS,Paredao sul,6,1409,olhos,237,270,190420.59,280
2590.012.001,Pote Alto Retangular,COZINHA,POTES,Paredao sul,6,1409,olhos,150,270,187616.03,671
232.012.001,Pote Raso com Travas,COZINHA,POTES,Paredao sul,6,1409,olhos,110,270,183711.13,923
023.030.002,Ralador com 4 Faces,COZINHA,COZINHA,Paredao sul,6,1409,olhos,104,270,182716.25,349
3760.012.001,Pote Quadrado com Travas,COZINHA,POTES,Paredao sul,6,1409,olhos,240,270,179756.96,406
196.006.001,Pote Premium,COZINHA,POTES,Paredao sul,6,1409,olhos,260,270,174950.53,464
2570.012.001,Pote Alto Retangular,COZINHA,POTES,Paredao sul,6,1409,olhos,210,270,164887.93,456
818.012.001,"Pote Alto Com Valvula - Transparente 2,9L",COZINHA,POTES,Paredao sul,6,1409,olhos,190,270,163976.89,384
819.012.001,"Pote Alto Com Valvula - Transparente 4,6L",COZINHA,POTES,Paredao sul,6,1409,olhos,210,270,159834.31,302
3780.012.001,Pote Quadrado com Travas,COZINHA,POTES,Paredao sul,6,1409,olhos,145,270,158558.64,806
178.024.001,Caçarola Micro-ondas,COZINHA,MICRO-ONDAS,Paredao sul,6,1409,olhos,175,270,156472.99,440
078.036.001,Forma De Gelo Firenze (078),COZINHA,JARRAS,Paredao sul,6,1409,olhos,107,270,153793.64,552
165.006.003,Escorredor de Pratos,COZINHA,COZINHA,Paredao sul,6,1409,olhos,355,270,149730.62,459
3820.016.644,Kit Pote Café e Açúcar,COZINHA,POTES,Paredao sul,6,1409,olhos,156,270,146163.07,546
067.012.003,Saleiro Premier com Alça,COZINHA,COZINHA,Paredao sul,6,1409,olhos,110,270,145218.67,794
050.012.001,Pote Premier com 4 Divisórias,COZINHA,POTES,Paredao sul,6,1409,olhos,225,270,144018.86,497
114.012.547,Espremedor Portátil Fit,COZINHA,JARRAS,Paredao sul,6,1409,olhos,132,270,143892.79,641
360.012.003,Pote Feijao Acoplado Com Rosca - 2L,COZINHA,POTES,Paredao sul,6,1409,olhos,140,270,142422.77,540
002.036.002,Tábua Popular,COZINHA,COZINHA,Paredao sul,6,1409,olhos,207,270,140381.74,192
2231.024.009,Porta Frios com Tela,COZINHA,COZINHA,Paredao sul,6,1409,olhos,180,270,136231.61,297
033.012.547,Jarra com Espremedor,COZINHA,JARRAS,Paredao sul,6,1409,olhos,145,270,133967.58,464
016.012.003,Talheres Max,COZINHA,COZINHA,Paredao sul,6,1409,olhos,116,270,131079.78,957
090.012.003,Açucareiro Doçura,COZINHA,COZINHA,Paredao sul,6,1409,olhos,110,270,117361.91,761
056.012.002,Escorredor Luxo com Cabo,COZINHA,COZINHA,Paredao sul,6,1409,olhos,250,270,116732.87,419
258.004.M03,Caixa Juta Alongada com Tampa Teca,COZINHA,TECA,Paredao sul,6,1409,olhos,165,270,116201.21,91
2270.012.001,Pote Redondo com Travas,COZINHA,POTES,Paredao sul,6,1409,olhos,205,270,110417.37,411
077.012.003,Escorredor Ideal,COZINHA,COZINHA,Paredao sul,6,1409,olhos,240,270,104979.63,818
553.012.003,Porta Sabonete Líquido Flat,COZINHA,COZINHA,Paredao sul,6,1409,olhos,79,270,102701.29,601
154.012.001,Pote Alto com Travas,COZINHA,POTES,Paredao sul,6,1409,olhos,100,270,101377.25,826
028.012.003,Escorredor de Arroz Tradicional,COZINHA,COZINHA,Paredao sul,6,1409,olhos,220,270,100491.69,944
257.006.M03,Caixa Juta Alongada com Tampa Teca,COZINHA,TECA,Paredao sul,6,1409,olhos,133,270,98395.97,98
222.012.546,Jarra com Tampa Flip Top,COZINHA,JARRAS,Paredao sul,6,1409,olhos,100,270,97949.86,505
258.004.M02,Caixa Juta Alongada com Tampa Teca,COZINHA,TECA,Paredao sul,6,1409,olhos,165,270,95044.61,75
077.012.002,Escorredor Ideal,COZINHA,COZINHA,Paredao sul,6,1409,olhos,240,270,94377.4,620
2270.012.003,Pote Redondo com Travas,COZINHA,POTES,Paredao sul,6,1409,olhos,205,270,94150.2,204
090.012.002,Saleiro Rubi,COZINHA,COZINHA,Paredao sul,6,1409,olhos,110,270,89756.36,546
257.006.M02,Caixa Juta Alongada com Tampa Teca,COZINHA,TECA,Paredao sul,6,1409,olhos,133,270,89490.58,95
028.012.002,Escorredor de Arroz Tradicional,COZINHA,COZINHA,Paredao sul,6,1409,olhos,220,270,84637.74,580
067.012.002,Saleiro - Transparente E Branco,COZINHA,COZINHA,Paredao sul,6,1409,olhos,110,270,77301.01,668
239.012.001,Pote Acoplado Com Rosca - Transparente 3L,COZINHA,POTES,Paredao sul,6,1409,olhos,155,270,75341.37,308
553.012.002,Porta Sabonete Líquido Flat,COZINHA,COZINHA,Paredao sul,6,1409,olhos,79,270,65988.77,451
016.012.002,Talheres Max,COZINHA,COZINHA,Paredao sul,6,1409,olhos,115,270,60055.6,576
236.012.001,Pote Acoplado Com Rosca - Transparente 1L,COZINHA,POTES,Paredao sul,6,1409,olhos,118,270,52667.61,390
033.012.002,Jarra com Espremedor,COZINHA,JARRAS,Paredao sul,6,1409,olhos,145,270,51657.43,298
114.012.002,Jarrinhs com Espremedor,COZINHA,JARRAS,Paredao sul,6,1409,olhos,132,270,50664.54,524
056.012.003,Escorredor Luxo com Cabo,COZINHA,COZINHA,Paredao sul,6,1409,olhos,250,270,47551.82,347
165.006.002,Escorredor de Pratos,COZINHA,COZINHA,Paredao sul,6,1409,olhos,355,270,45954.14,220
222.012.002,Jarra com Tampa Flip Top,COZINHA,JARRAS,Paredao sul,6,1409,olhos,100,270,43555.84,342
239.012.002,Pote Acoplado Com Rosca - Branco 3L,COZINHA,POTES,Paredao sul,6,1409,olhos,155,270,43119.56,171
2590.012.003,Pote Alto Retangular,COZINHA,POTES,Paredao sul,6,1409,olhos,150,270,41793.72,124
236.012.002,Pote Acoplado Com Rosca - Branco 1L,COZINHA,POTES,Paredao sul,6,1409,olhos,118,270,39949.81,212
154.006.861,Kit Pote Alto Coloratto Com 2 Pecas - 460Ml (286/K),COZINHA,POTES,Paredao sul,6,1409,olhos,100,270,36688.83,201
016.012.086,Talheres Max,COZINHA,COZINHA,Paredao sul,6,1409,olhos,116,270,29299.15,308
553.012.086,Porta Sabonete Líquido Flat,COZINHA,COZINHA,Paredao sul,6,1409,olhos,79,270,28412.71,246
165.006.086,Escorredor de Pratos,COZINHA,COZINHA,Paredao sul,6,1409,olhos,355,270,26298.37,126
2570.012.003,Pote Alto Retangular,COZINHA,POTES,Paredao sul,6,1409,olhos,210,270,25730.86,109
2540.012.003,Kit Potes Altos com 3 pçs,COZINHA,POTES,Paredao sul,6,1409,olhos,210,270,20552.88,20
239.012.003,Pote Acoplado Preto C/Rosca 3L,COZINHA,POTES,Paredao sul,6,1409,olhos,155,270,20142.12,106
236.012.003,Pote Acoplado Preto C/Rosca 1L,COZINHA,POTES,Paredao sul,6,1409,olhos,118,270,17715.38,127
232.006.861,Kit Pote Raso Coloratto Com 2 Pecas - 500Ml,COZINHA,POTES,Paredao sul,6,1409,olhos,110,270,16980.72,141
050.012.003,Pote Premier com 4 Divisórias,COZINHA,POTES,Paredao sul,6,1409,olhos,225,270,16743.48,87
236.012.667,Pote Sal Grosso Acoplado Com Rosca - 1L (236/Sg),COZINHA,POTES,Paredao sul,6,1409,olhos,118,270,15039.17,156
232.006.862,Kit Pote Raso Coloratto Com 3 Pecas - 500Ml,COZINHA,POTES,Paredao sul,6,1409,olhos,110,270,12784.62,105
232.012.003,Pote Raso com Travas,COZINHA,POTES,Paredao sul,6,1409,olhos,110,270,10214.13,118
3780.012.003,Pote Quadrado com Travas,COZINHA,POTES,Paredao sul,6,1409,olhos,145,270,9537.04,98
154.012.003,Pote Alto com Travas,COZINHA,POTES,Paredao sul,6,1409,olhos,100,270,8989.92,121
236.012.668,Pote Café Acoplado Com Rosca - 1L,COZINHA,POTES,Paredao sul,6,1409,olhos,118,270,7830.72,101
236.012.672,Pote Açucar Acoplado Com Rosca - 1L,COZINHA,POTES,Paredao sul,6,1409,olhos,118,270,3933.0,51
3760.012.003,Pote Quadrado com Travas,COZINHA,POTES,Paredao sul,6,1409,olhos,240,270,3724.32,23
236.012.671,Pote Feijão Acoplado Com Rosca - 1L,COZINHA,POTES,Paredao sul,6,1409,olhos,118,270,1981.44,25
236.012.669,Pote Arroz Acoplado Com Rosca - 1L,COZINHA,POTES,Paredao sul,6,1409,olhos,118,270,1779.96,24
236.012.670,Pote Farinha Acoplado Com Rosca - 1L,COZINHA,POTES,Paredao sul,6,1409,olhos,118,270,800.52,11
408.012.002,Kit Churros Fácil,COZINHA,DECOR,Paredao sul,7,1671,olhos,165,270,606220.53,839
255.036.016,Firenze com Tampa,COZINHA,JARRAS,Paredao sul,7,1671,olhos,119,270,594517.32,826
133.012.003,Porta Detergente Rattan com Base,COZINHA,COZINHA,Paredao sul,7,1671,olhos,105,270,522953.07,1380
027.012.001,Porta Pão Armazena e Conserva,COZINHA,POTES,Paredao sul,7,1671,olhos,140,270,519707.0,1089
179.024.001,Porta Frios com Pinça,COZINHA,COZINHA,Paredao sul,7,1671,olhos,175,270,498382.64,775
046.012.003,Porta Óleo Itália,COZINHA,COZINHA,Paredao sul,7,1671,olhos,88,270,438457.13,1746
144.006.003,Porta Talher com 6 Divisórias e Tampa,COZINHA,COZINHA,Paredao sul,7,1671,olhos,290,270,434598.16,1138
144.006.002,Porta Talher com 6 Divisórias e Tampa,COZINHA,COZINHA,Paredao sul,7,1671,olhos,290,270,407369.62,1048
059.012.003,Escorredor de Pratos,COZINHA,COZINHA,Paredao sul,7,1671,olhos,118,270,384282.31,911
135.024.001,Tampa para Micro-ondas,COZINHA,MICRO-ONDAS,Paredao sul,7,1671,olhos,255,270,355308.6,1044
233.012.001,Pote Raso com Travas,COZINHA,POTES,Paredao sul,7,1671,olhos,140,270,334805.31,1114
149.024.001,Micro-ondas,COZINHA,MICRO-ONDAS,Paredao sul,7,1671,olhos,220,270,322251.72,670
920.004.003,Kit Detergente Flat com 2 Peças,COZINHA,COZINHA,Paredao sul,7,1671,olhos,86,270,320244.62,818
153.012.546,Jarra com Tampa Flip Top,COZINHA,JARRAS,Paredao sul,7,1671,olhos,100,270,319913.49,868
060.012.003,Porta Talher Paris com 4 Divisórias e Tampa,COZINHA,COZINHA,Paredao sul,7,1671,olhos,210,270,318592.55,1054
139.012.001,Pote com 3 Divisórias,COZINHA,POTES,Paredao sul,7,1671,olhos,140,270,312662.12,957
2580.012.001,Pote Alto Retangular,COZINHA,POTES,Paredao sul,7,1671,olhos,185,270,309665.81,868
032.012.547,Jarra com Tampa,COZINHA,JARRAS,Paredao sul,7,1671,olhos,145,270,304681.58,849
152.006.003,Kit Mantimentos  5 Peças,COZINHA,POTES,Paredao sul,7,1671,olhos,230,270,299992.8,302
215.012.003,Pote Ultraforte com Travas,COZINHA,POTES,Paredao sul,7,1671,olhos,165,270,289403.85,807
224.012.003,Porta Talher Escorre e Guarda,COZINHA,COZINHA,Paredao sul,7,1671,olhos,95,270,288745.52,848
244.012.001,"Pote Raso Com Valvula - 3,2L (244)",COZINHA,POTES,Paredao sul,7,1671,olhos,210,270,284556.52,508
156.012.001,Pote Alto com Travas,COZINHA,POTES,Paredao sul,7,1671,olhos,140,270,275049.01,942
4030.012.003,Porta Farofa com Tampa,COZINHA,COZINHA,Paredao sul,7,1671,olhos,79,270,269314.02,1509
3770.012.001,Pote Quadrado com Travas,COZINHA,POTES,Paredao sul,7,1671,olhos,185,270,264644.58,723
166.024.001,Porta Biscoitos e Torradas,COZINHA,POTES,Paredao sul,7,1671,olhos,91,270,255181.65,746
146.024.001,Forma de Ovos e Omeleteira Micro-ondas,COZINHA,MICRO-ONDAS,Paredao sul,7,1671,olhos,150,270,253547.82,644
103.024.003,Com Bandeja,COZINHA,POTES,Paredao sul,7,1671,olhos,125,270,250322.05,499
030.012.001,Pote Monterey com 3 Divisórias,COZINHA,POTES,Paredao sul,7,1671,olhos,212,270,250297.93,459
060.012.002,Porta Talher Paris com 4 Divisórias e Tampa,COZINHA,COZINHA,Paredao sul,7,1671,olhos,210,270,250288.25,1026
105.024.003,Marmita Bom Apetite Com Bandeija E Valvula - Preto 800Ml,COZINHA,POTES,Paredao sul,7,1671,olhos,127,270,248640.09,414
362.012.003,Pote Acucar Acoplado Com Rosca - 2L,COZINHA,POTES,Paredao sul,7,1671,olhos,140,270,248403.06,1001
055.012.003,Escorredor Multiuso,COZINHA,COZINHA,Paredao sul,7,1671,olhos,215,270,248395.68,579
363.012.003,Pote Cafe Acoplado Com Rosca - 2L,COZINHA,POTES,Paredao sul,7,1671,olhos,140,270,247062.72,710
034.012.001,Pote Mônaco com 3 Divisórias,COZINHA,POTES,Paredao sul,7,1671,olhos,190,270,244281.34,712
234.012.001,Pote Raso com Travas,COZINHA,POTES,Paredao sul,7,1671,olhos,180,270,236917.52,688
051.012.003,Porta Detergente 3 Em 1 - Preto (051/P),COZINHA,COZINHA,Paredao sul,7,1671,olhos,120,270,230461.39,1296
155.012.001,Pote Alto com Travas,COZINHA,POTES,Paredao sul,7,1671,olhos,110,270,227906.2,945
151.012.001,Pote Alto com Travas,COZINHA,POTES,Paredao sul,7,1671,olhos,180,270,213603.16,544
221.012.003,Saleiro Premier com Alça,COZINHA,COZINHA,Paredao sul,7,1671,olhos,110,270,200087.68,632
096.012.003,Escorredor de Pratos Rattan,COZINHA,COZINHA,Paredao sul,7,1671,olhos,222,270,191514.17,337
153.012.002,Jarra com Tampa Flip Top,COZINHA,JARRAS,Paredao sul,7,1671,olhos,100,270,191484.03,715
111.012.549,Espremedor Portátil Fit,COZINHA,JARRAS,Paredao sul,7,1671,olhos,95,270,186127.74,615
238.012.001,Pote Acoplado Com Rosca - Transparente 2L,COZINHA,POTES,Paredao sul,7,1671,olhos,140,270,181397.0,538
133.012.002,Porta Detergente Rattan com Base,COZINHA,COZINHA,Paredao sul,7,1671,olhos,105,270,174333.14,835
046.012.002,Porta Óleo Itália,COZINHA,COZINHA,Paredao sul,7,1671,olhos,88,270,173136.58,1038
116.012.003,Porta Detergente Com Telinha - Preto (116/P),COZINHA,COZINHA,Paredao sul,7,1671,olhos,105,270,162300.53,897
070.006.003,Escorredor Luxo,COZINHA,COZINHA,Paredao sul,7,1671,olhos,278,270,144426.93,847
545.012.003,Porta Detergente e Esponja Flat,COZINHA,COZINHA,Paredao sul,7,1671,olhos,87,270,143479.86,684
032.012.002,Jarra com Tampa,COZINHA,JARRAS,Paredao sul,7,1671,olhos,145,270,140806.36,681
169.012.003,Boleira Barcelona com Alça,COZINHA,COZINHA,Paredao sul,7,1671,olhos,305,270,140617.5,525
070.006.002,Escorredor Luxo,COZINHA,COZINHA,Paredao sul,7,1671,olhos,278,270,126866.3,683
224.012.002,Porta Talher Escorre e Guarda,COZINHA,COZINHA,Paredao sul,7,1671,olhos,95,270,123104.88,565
920.004.002,Kit Detergente Flat com 2 Peças,COZINHA,COZINHA,Paredao sul,7,1671,olhos,86,270,115282.55,509
169.012.002,Boleira Barcelona com Alça,COZINHA,COZINHA,Paredao sul,7,1671,olhos,305,270,109802.85,389
920.004.086,Kit Detergente Flat com 2 Peças,COZINHA,COZINHA,Paredao sul,7,1671,olhos,86,270,109006.56,422
059.012.002,Escorredor de Pratos,COZINHA,COZINHA,Paredao sul,7,1671,olhos,305,270,100467.81,424
133.012.086,Porta Detergente Rattan com Base,COZINHA,COZINHA,Paredao sul,7,1671,olhos,105,270,89583.68,493
051.012.002,Porta Detergente 3 Em 1 - Branco (051/B),COZINHA,COZINHA,Paredao sul,7,1671,olhos,102,270,86647.64,650
116.012.002,Porta Detergente Com Telinha - Branco (116/B),COZINHA,COZINHA,Paredao sul,7,1671,olhos,105,270,83941.86,636
221.012.002,Saleiro Premier com Alça,COZINHA,COZINHA,Paredao sul,7,1671,olhos,110,270,73673.44,346
224.012.086,Porta Talher Escorre e Guarda,COZINHA,COZINHA,Paredao sul,7,1671,olhos,95,270,67987.2,256
055.012.002,Escorredor Multiuso,COZINHA,COZINHA,Paredao sul,7,1671,olhos,215,270,64323.58,282
096.012.002,Escorredor de Pratos Rattan,COZINHA,COZINHA,Paredao sul,7,1671,olhos,222,270,63400.83,213
545.012.002,Porta Detergente e Esponja Flat,COZINHA,COZINHA,Paredao sul,7,1671,olhos,87,270,61751.11,447
111.012.002,Espremedor Portátil Fit,COZINHA,JARRAS,Paredao sul,7,1671,olhos,95,270,59739.31,337
051.012.086,Porta Detergente 3 Em 1 - Chumbo,COZINHA,COZINHA,Paredao sul,7,1671,olhos,120,270,41706.07,303
238.012.002,Pote Acoplado Branco C/Rosca 2L,COZINHA,POTES,Paredao sul,7,1671,olhos,140,270,37681.16,270
059.012.086,Escorredor de Pratos,COZINHA,COZINHA,Paredao sul,7,1671,olhos,118,270,35854.49,190
151.012.003,Pote Alto com Travas,COZINHA,POTES,Paredao sul,7,1671,olhos,180,270,31858.92,78
545.012.086,Porta Detergente e Esponja Flat,COZINHA,COZINHA,Paredao sul,7,1671,olhos,87,270,30993.78,300
152.006.002,Kit Mantimentos  5 Peças,COZINHA,POTES,Paredao sul,7,1671,olhos,230,270,27493.02,105
030.012.003,Pote Monterey com 3 Divisórias,COZINHA,POTES,Paredao sul,7,1671,olhos,212,270,25746.36,95
116.012.086,Porta Detergente Com Telinha - Chumbo,COZINHA,COZINHA,Paredao sul,7,1671,olhos,105,270,21816.46,245
139.012.003,Pote com 3 Divisórias,COZINHA,POTES,Paredao sul,7,1671,olhos,140,270,20809.89,107
234.012.003,Pote Raso com Travas,COZINHA,POTES,Paredao sul,7,1671,olhos,180,270,18507.72,86
156.012.003,Pote Alto com Travas,COZINHA,POTES,Paredao sul,7,1671,olhos,140,270,15974.52,90
238.012.003,Pote Acoplado Preto C/Rosca 2L,COZINHA,POTES,Paredao sul,7,1671,olhos,140,270,15931.33,91
2580.012.003,Pote Alto Retangular,COZINHA,POTES,Paredao sul,7,1671,olhos,185,270,15118.11,75
096.012.086,Escorredor de Pratos Rattan,COZINHA,COZINHA,Paredao sul,7,1671,olhos,218,270,14771.65,77
155.006.861,Kit Pote Alto Coloratto Com 2 Pecas - 850 Ml,COZINHA,POTES,Paredao sul,7,1671,olhos,110,270,13920.07,108
155.012.003,Pote Alto com Travas,COZINHA,POTES,Paredao sul,7,1671,olhos,110,270,12062.91,104
233.012.003,Pote Raso com Travas,COZINHA,POTES,Paredao sul,7,1671,olhos,140,270,12046.8,103
3770.012.003,Pote Quadrado com Travas,COZINHA,POTES,Paredao sul,7,1671,olhos,185,270,10284.36,50
034.012.003,Pote Mônaco com 3 Divisórias,COZINHA,POTES,Paredao sul,7,1671,olhos,190,270,5421.13,31
137.012.002,"Frasqueira Medicamentos 2,8L",FRASQUEIRAS E INFANTIL,FRASQUEIRAS,Parede de entrada,5,1633,olhos,163,270,1673686.75,1162
142.006.002,"Medicamentos 6,2L",FRASQUEIRAS E INFANTIL,FRASQUEIRAS,Parede de entrada,5,1633,olhos,198,270,1439168.58,989
043.012.002,"Frasqueira Medicamentos 1,4L",FRASQUEIRAS E INFANTIL,FRASQUEIRAS,Parede de entrada,5,1633,olhos,157,270,663232.39,1065
186.006.002,Mega Luxo,FRASQUEIRAS E INFANTIL,FRASQUEIRAS,Parede de entrada,5,1633,olhos,250,270,442151.62,378
227.036.999,Copo Infantil com Alça - Sortido,FRASQUEIRAS E INFANTIL,INFANTIL,Parede de entrada,5,1633,olhos,80,270,320155.28,615
195.006.012,Frasqueira Cristal com Divisórias,FRASQUEIRAS E INFANTIL,FRASQUEIRAS,Parede de entrada,5,1633,olhos,115,270,231879.79,589
142.006.009,"Medicamentos 6,2L",FRASQUEIRAS E INFANTIL,FRASQUEIRAS,Parede de entrada,5,1633,olhos,198,270,159567.71,251
126.006.619,Frasqueira com Bandeja,FRASQUEIRAS E INFANTIL,FRASQUEIRAS,Parede de entrada,5,1633,olhos,198,270,158172.45,473
147.012.604,Frasqueira Mini,FRASQUEIRAS E INFANTIL,FRASQUEIRAS,Parede de entrada,5,1633,olhos,125,270,139229.27,593
186.006.009,Mega Luxo,FRASQUEIRAS E INFANTIL,FRASQUEIRAS,Parede de entrada,5,1633,olhos,250,270,133662.57,128
043.012.009,"Frasqueira Medicamentos 1,4L",FRASQUEIRAS E INFANTIL,FRASQUEIRAS,Parede de entrada,5,1633,olhos,157,270,132536.91,386
219.006.563,Frasqueira Rattan,FRASQUEIRAS E INFANTIL,FRASQUEIRAS,Parede de entrada,5,1633,olhos,230,270,120272.65,269
202.006.002,"Oval com Bandeja 4,4L",FRASQUEIRAS E INFANTIL,FRASQUEIRAS,Parede de entrada,5,1633,olhos,177,270,119058.58,299
120.006.012,Frasqueira com Bandeja,FRASQUEIRAS E INFANTIL,FRASQUEIRAS,Parede de entrada,5,1633,olhos,163,270,110560.9,432
137.012.009,"Frasqueira Medicamentos 2,8L",FRASQUEIRAS E INFANTIL,FRASQUEIRAS,Parede de entrada,5,1633,olhos,163,270,91348.28,279
202.006.012,Frasqueira Oval com Bandeja,FRASQUEIRAS E INFANTIL,FRASQUEIRAS,Parede de entrada,5,1633,olhos,177,270,90746.75,308
132.036.683,Prato Unitário,FRASQUEIRAS E INFANTIL,INFANTIL,Parede de entrada,5,1633,olhos,217,270,59114.16,234
195.006.609,Frasqueira Cristal com Divisórias,FRASQUEIRAS E INFANTIL,FRASQUEIRAS,Parede de entrada,5,1633,olhos,115,270,58929.02,347
147.012.607,Frasqueira Cristal com Divisórias,FRASQUEIRAS E INFANTIL,FRASQUEIRAS,Parede de entrada,5,1633,olhos,125,270,48799.35,809
006.030.999,Copo Baby com Tampa - Sortido,FRASQUEIRAS E INFANTIL,INFANTIL,Parede de entrada,5,1633,olhos,70,270,40701.88,320
202.006.009,"Oval com Bandeja 4,4L",FRASQUEIRAS E INFANTIL,FRASQUEIRAS,Parede de entrada,5,1633,olhos,177,270,36736.68,121
399.012.008,Porta Leite em Pó,FRASQUEIRAS E INFANTIL,INFANTIL,Parede de entrada,5,1633,olhos,90,270,25502.29,183
131.012.002,"Frasqueira Medicamentos 2,2L",FRASQUEIRAS E INFANTIL,FRASQUEIRAS,Parede de entrada,5,1633,olhos,140,270,25262.76,96
202.006.001,Frasqueira Oval com Bandeja,FRASQUEIRAS E INFANTIL,FRASQUEIRAS,Parede de entrada,5,1633,olhos,177,270,20305.15,77
399.012.007,Porta Leite em Pó,FRASQUEIRAS E INFANTIL,INFANTIL,Parede de entrada,5,1633,olhos,90,270,19122.33,196
120.006.001,Frasqueira com Bandeja,FRASQUEIRAS E INFANTIL,FRASQUEIRAS,Parede de entrada,5,1633,olhos,163,270,17193.73,109
126.006.001,Frasqueira com Bandeja,FRASQUEIRAS E INFANTIL,FRASQUEIRAS,Parede de entrada,5,1633,olhos,198,270,15974.04,87
131.012.009,"Frasqueira Medicamentos 2,2L",FRASQUEIRAS E INFANTIL,FRASQUEIRAS,Parede de entrada,5,1633,olhos,140,270,12409.32,46
227.036.998,Copo Infantil com Alça - Sortido,FRASQUEIRAS E INFANTIL,INFANTIL,Parede de entrada,5,1633,olhos,80,270,4068.0,20
550.036.999,Sortido 6 Estampas,FRASQUEIRAS E INFANTIL,REALCE,Parede de entrada,5,1633,olhos,89,270,2651.4,13
550.036.998,Sortido 6 Estampas,FRASQUEIRAS E INFANTIL,REALCE,Parede de entrada,5,1633,olhos,89,270,1501.56,10
549.024.999,Sortido 4 Estampas,FRASQUEIRAS E INFANTIL,REALCE,Parede de entrada,5,1633,olhos,85,270,1269.6,8
549.024.998,Sortido 4 Estampas,FRASQUEIRAS E INFANTIL,REALCE,Parede de entrada,5,1633,olhos,85,270,972.48,10
006.030.998,Copo Baby com Tampa - Sortido,FRASQUEIRAS E INFANTIL,INFANTIL,Parede de entrada,5,1633,olhos,70,270,69.0,1
