referencia;codprod;descrprod;nomegrupo;peso_bruto;peso_liquido;unidade_medida;qtd_por_embalagem
137.012.002;257;FRASQUEIRA MEDICAMENTOS - BRANCA 2,8L (137);Linha Frasqueiras;0.1885;0.186;PC;12
142.006.002;260;FRASQUEIRA MEDICAMENTOS - BRANCA 6,2L (142);Linha Frasqueiras;0.401;0.396;PC;6
013.050.004;228;SUPORTE PARA BOTIJAO - AREIA (013);Linha Organização;0.1416;0.141;PC;50
052.006.003;431;LIXEIRA RATTAN COM PEDAL - PRETA 6L (052/P);Linha Lixeiras;0.38;0.375;PC;6
052.006.002;427;LIXEIRA RATTAN COM PEDAL - BRANCA 6L (052/B);Linha Lixeiras;0.38;0.375;PC;6
172.012.999;268;PA DE LIXO COM CABO (172);Linha Limpeza;0.1265;0.124;PC;12
041.012.003;293;ORGANIZADOR MULTIUSO RATTAN COM 3 DIVISORIAS - PRETO (041/P);Linha Organização;0.1205;0.118;PC;12
163.004.003;451;LIXEIRA VIME - PRETA 12L (163/P);Linha Lixeiras;0.5315;0.524;PC;4
004.006.003;286;GAVETEIRO COM 4 GAVETAS - PRETA (004/4P);Linha Organização;0.595;0.59;PC;6
013.050.003;8245;SUPORTE PARA BOTIJAO - PRETO;Linha Organização;0.1416;0.141;PC;50
043.012.002;296;FRASQUEIRA MEDICAMENTOS - BRANCA 1,4L (043/M);Linha Frasqueiras;0.1255;0.123;PC;12
185.012.003;3174;PORTA VASSOURAS COM 4 ENCAIXES - PRETO (185/P);Linha Limpeza;0.1125;0.11;PC;12
293.006.002;3579;KIT POTES ACOPLADOS COM 5 PECAS - BRANCO (293);Linha Potes;0.585;0.58;PC;6
069.006.003;347;CAIXA ORGANIZADORA RATTAN COM TAMPA - PRETA 16L (069/P);Linha Organização;0.554;0.549;PC;6
408.012.002;8017;KIT CHURROS FACIL - BRANCO;Decor-Confeitaria;0.1825;0.18;PC;12
255.036.016;218;FORMA DE GELO FIRENZE COM TAMPA (255);Linha Cozinha;0.113833;0.113;PC;36
069.006.002;343;CAIXA ORGANIZADORA RATTAN COM TAMPA - BRANCA 16L (069/B);Linha Organização;0.554;0.549;PC;6
134.012.003;443;LIXEIRA BASCULANTE RATTAN - PRETO 4,5L (134/P);Linha Lixeiras;0.2385;0.236;PC;12
052.006.086;11828;LIXEIRA RATTAN COM PEDAL - CHUMBO 6L;Linha Lixeiras;0.38;0.375;PC;6
122.012.003;7160;PORTA ESCOVAS COM TAMPA - PRETO;Linha Banheiro;0.1125;0.11;PC;12
106.012.001;245;ORGANIZA TUDO COM 16 DIVISORIAS (106);Linha Organização;0.2855;0.283;PC;12
133.012.003;64;PORTA DETERGENTE RATTAN COM BASE - PRETO (133/P);Linha Cozinha;0.1175;0.115;PC;12
027.012.001;163;PORTA PAO ARMAZENA E CONSERVA - 2,7L (027);Linha Potes;0.1995;0.197;PC;12
254.006.002;1768;GAVETEIRO MODULAR RATTAN - BRANCO 8,2L (254/B);Linha Organização;0.566;0.561;PC;6
122.012.002;6594;PORTA ESCOVAS COM TAMPA - BRANCO;Linha Banheiro;0.1125;0.11;PC;12
179.024.001;212;PORTA FRIOS COM PINCA - 1,1L (179);Linha Cozinha;0.18225;0.181;PC;24
004.006.002;285;GAVETEIRO COM 4 GAVETAS - BRANCA (004/4B);Linha Organização;0.595;0.59;PC;6
186.006.002;272;FRASQUEIRA MEDICAMENTOS MEGA LUXO - BRANCA 12L (186);Linha Frasqueiras;0.883;0.878;PC;6
046.012.003;6325;PORTA OLEO ITALIA - PRETO;Linha Cozinha;0.0625;0.06;PC;12
353.006.001;6103;KIT POTES MODULARES COM 6 PECAS - TRANSPARENTE;Linha Potes;0.075;0.07;CJ;6
144.006.003;6304;PORTA TALHER COM 6 DIVISORIAS E TAMPA - PRETO;Linha Cozinha;0.295;0.29;PC;6
396.006.003;9708;LIXEIRA FLAT COM PEDAL - PRETA 7L;Linha Lixeiras;0.38;0.375;PC;6
079.012.003;3307;PORTA SHAMPOO E PRATELEIRA MADRI - PRETO (079/P);Linha Banheiro;0.1125;0.11;PC;12
185.012.002;368;PORTA VASSOURAS COM 4 ENCAIXES - BRANCO (185/B);Linha Limpeza;0.1125;0.11;PC;12
170.006.028;266;CAIXA DE FERRAMENTAS NITRONFORT - LARANJA 16L (170);Linha Organização;0.877;0.872;PC;6
187.006.001;273;ORGANIZA TUDO COM DIVISORIAS MOVEIS (187);Linha Organização;0.47;0.465;PC;6
019.024.001;230;ORGANIZA TUDO COM 10 DIVISORIAS (019);Linha Organização;0.11525;0.114;PC;24
144.006.002;6303;PORTA TALHER COM 6 DIVISORIAS E TAMPA - BRANCO;Linha Cozinha;0.295;0.29;PC;6
254.006.001;3814;GAVETEIRO MODULAR RATTAN - TRANSPARENTE 8,2L (254/NT);Linha Organização;0.566;0.561;PC;6
138.012.001;258;ORGANIZA TUDO COM 11 DIVISORIAS (138);Linha Organização;0.1975;0.195;PC;12
059.012.003;3304;ESCORREDOR DE PRATOS - PRETO (059/P);Linha Cozinha;0.2725;0.27;PC;12
283.004.003;4332;LIXEIRA JUTA COM PEDAL - PRETA 12L;Linha Lixeiras;0.7575;0.75;PC;4
214.006.003;3419;ORGANIZADOR MULTIUSO RATTAN COM 6 DIVISORIAS - PRETO (214/P);Linha Organização;0.235;0.23;PC;6
095.012.003;3314;CANTONEIRA PARA BANHEIRO PREMIUM- PRETO (095/P);Linha Banheiro;0.2225;0.22;PC;12
135.024.001;179;TAMPA PARA MICRO-ONDAS - TRANSPARENTE (135);Linha Micro-ondas;0.07525;0.074;PC;24
095.012.002;3355;CANTONEIRA PARA BANHEIRO PREMIUM - BRANCO (095/B);Linha Banheiro;0.2225;0.22;PC;12
041.012.002;290;ORGANIZADOR MULTIUSO RATTAN COM 3 DIVISÓRIAS - BRANCO (041/B);Linha Organização;0.1205;0.118;PC;12
233.012.001;4060;POTE RASO COM TRAVAS - TRANSPARENTE 1,1L;Linha Potes;0.1025;0.1;PC;12
283.004.002;4333;LIXEIRA JUTA COM PEDAL - BRANCA 12L;Linha Lixeiras;0.7575;0.75;PC;4
068.012.002;331;CAIXA ORGANIZADORA RATTAN COM TAMPA - BRANCA 8L (068/B);Linha Organização;0.4005;0.398;PC;12
149.024.001;182;CACAROLA MICRO-ONDAS - TRANSPARENTE 2,6L (149);Linha Micro-ondas;0.16025;0.159;PC;24
920.004.003;12023;CONJ. PORTA DETERGENTE FLAT COM 2 PECAS - PRETO 500ML;Linha Cozinha;0.1175;0.11;CJ;4
227.036.999;473;COPO INFANTIL COM ALCA - SORTIDO 320ML (227);Linha Infantil;0.045833;0.045;PC;36
153.012.546;4146;JARRA COM TAMPA FLIP TOP - VERMELHO 2L;Linha Jarras;0.1525;0.15;PC;12
100.006.003;6747;LIXEIRA COM PEDAL - PRETA 7L;Linha Lixeiras;0.395;0.39;PC;6
060.012.003;6575;PORTA TALHERES PARIS COM 4 DIVISORIAS E TAMPA - PRETO;Linha Cozinha;0.1805;0.178;PC;12
122.012.066;6596;PORTA ESCOVAS COM TAMPA - FUME;Linha Banheiro;0.1125;0.11;PC;12
062.012.003;311;CAIXA ORGANIZADORA RATTAN COM TAMPA - PRETA 4L (062/P);Linha Organização;0.2405;0.238;PC;12
068.012.003;335;CAIXA ORGANIZADORA RATTAN COM TAMPA - PRETA 8L (068/P);Linha Organização;0.4005;0.398;PC;12
139.012.001;4119;POTE COM 3 DIVISORIAS - TRANSPARENTE 1,1L;Linha Potes;0.1325;0.13;PC;12
062.012.002;307;CAIXA ORGANIZADORA RATTAN COM TAMPA - BRANCA 4L (062/B);Linha Organização;0.2405;0.238;PC;12
2580.012.001;4078;POTE ALTO RETANGULAR - TRANSPARENTE 3L;Linha Potes;0.1525;0.15;PC;12
032.012.547;4262;JARRA COM TAMPA - VERMELHO 2L;Linha Jarras;0.1425;0.14;PC;12
163.004.002;447;LIXEIRA VIME - BRANCA 12L (163/B);Linha Lixeiras;0.5315;0.524;PC;4
396.006.002;9707;LIXEIRA FLAT COM PEDAL - BRANCA 7L;Linha Lixeiras;0.38;0.375;PC;6
152.006.003;81;KIT MANTIMENTOS COM 5 PECAS - PRETO (152);Linha Potes;0.592;0.587;CJ;6
215.012.003;6681;POTE ULTRAFORTE COM TRAVAS - PRETO 2,1L;Linha Potes;0.1825;0.18;PC;12
224.012.003;3342;SECA TALHER ESCORRE - PRETO (224/P);Linha Cozinha;0.1525;0.15;PC;12
244.012.001;110;POTE RASO COM VALVULA - 3,2L (244);Linha Potes;0.2235;0.221;PC;12
123.012.028;7070;CAIXA DE FERRAMENTAS NITRONFORT - LARANJA 2,2L;Linha Frasqueiras;0.2525;0.25;PC;12
237.006.003;6639;POTE ACOPLADO COM COPO MEDIDOR - PRETO 5,8L;Linha Potes;0.255;0.25;PC;6
156.012.001;4155;POTE ALTO COM TRAVAS - TRANSPARENTE 2,2L;Linha Potes;0.1425;0.14;PC;12
4030.012.003;3611;FARINHEIRA C/ TAMPA 836 ML (040/F);Linha Cozinha;0.0725;0.07;PC;12
134.012.002;438;LIXEIRA BASCULANTE RATTAN - BRANCA 4,5L (134/B);Linha Lixeiras;0.2385;0.236;PC;12
150.004.003;3285;LIXEIRA COM PEDAL - PRETA 16L (150/P);Linha Lixeiras;0.6975;0.69;PC;4
3770.012.001;4093;POTE QUADRADO COM TRAVAS - TRANSPARENTE 1,8L;Linha Potes;0.1325;0.13;PC;12
397.004.003;9712;LIXEIRA FLAT COM PEDAL - PRETA 14L;Linha Lixeiras;0.3825;0.375;PC;4
166.024.001;171;PORTA BISCOITOS E TORRADAS - 650ML (166);Linha Potes;0.10425;0.103;PC;24
146.024.001;181;FORMA DE OVOS E OMELETEIRA MICRO-ONDAS (146);Linha Micro-ondas;0.07025;0.069;PC;24
103.024.003;6585;MARMIBOX COM DIVISORIA PARA TALHERES - PRETO 780ML;Linha Potes;0.12125;0.12;PC;24
030.012.001;4084;POTE MONTEREY COM 3 DIVISORIAS - TRANSPARENTE 1,1L (0307.012.001);Linha Potes;0.1325;0.13;PC;12
060.012.002;6574;PORTA TALHERES PARIS COM 4 DIVISORIAS E TAMPA - BRANCO;Linha Cozinha;0.1805;0.178;PC;12
105.024.003;6711;MARMITA BOM APETITE COM BANDEIJA E VALVULA - PRETO 800ML;Linha Potes;0.11125;0.11;PC;24
362.012.003;151;POTE ACUCAR ACOPLADO COM ROSCA - 2L;Linha Potes;0.1165;0.114;PC;12
055.012.003;6256;ESCORREDOR MULTI USO - PRETO;Linha Cozinha;0.1125;0.11;PC;12
254.006.003;1766;GAVETEIRO MODULAR RATTAN - PRETO 8,2L (254/P);Linha Organização;0.566;0.561;PC;6
363.012.003;153;POTE CAFE ACOPLADO COM ROSCA - 2L;Linha Potes;0.1165;0.114;PC;12
034.012.001;4087;POTE MONACO COM 3 DIVISORIAS - TRANSPARENTE 1L;Linha Potes;0.1325;0.13;PC;12
435.012.002;8033;HAMBURGUEIRA - BRANCA;Decor-Chef;0.1825;0.18;PC;12
237.006.002;6638;POTE ACOPLADO COM COPO MEDIDOR - BRANCO 5,8L;Linha Potes;0.255;0.25;PC;6
008.012.003;6544;PORTA SABAO EM PO COM DOSADOR - PRETO 2 KG;Linha Limpeza;0.2325;0.23;PC;12
234.012.001;4057;POTE RASO COM TRAVAS - TRANSPARENTE 2,3L;Linha Potes;0.1625;0.16;PC;12
258.006.003;1874;CESTO ALONGADO JUTA - PRETO 7,4L (258/P);Linha Organização;0.315;0.31;PC;6
003.006.003;283;GAVETEIRO COM 3 GAVETAS - PRETA (004/3P);Linha Organização;0.463;0.458;PC;6
195.006.012;7098;FRASQUEIRA CRISTAL COM DIVISORIAS - ROSA 1,5L;Linha Frasqueiras;0.205;0.2;PC;6
243.024.001;109;POTE RASO COM VALVULA - 1,9L (243);Linha Potes;0.15125;0.15;PC;24
051.012.003;3301;PORTA DETERGENTE 3 EM 1 - PRETO (051/P);Linha Cozinha;0.0725;0.07;PC;12
217.012.003;6674;POTE ULTRAFORTE COM TRAVAS - PRETO 6,9L;Linha Potes;0.3225;0.32;PC;12
155.012.001;4150;POTE ALTO COM TRAVAS - TRANSPARENTE 850ML;Linha Potes;0.0825;0.08;PC;12
257.012.003;1880;CESTO ALONGADO JUTA - PRETO 3,7L (257/P);Linha Organização;0.1815;0.179;PC;12
100.006.002;3316;LIXEIRA COM PEDAL - BRANCA 7L (100/B);Linha Lixeiras;0.395;0.39;PC;6
284.012.003;3392;CESTO TRANSPORTA TUDO - PRETO (284/P);Linha Limpeza;0.3025;0.3;PC;12
151.012.001;4122;POTE ALTO COM TRAVAS - TRANSPARENTE 4,3L;Linha Potes;0.2125;0.21;PC;12
242.024.001;108;POTE RASO COM VALVULA - 950ML (242);Linha Potes;0.09825;0.097;PC;24
216.012.003;6683;POTE ULTRAFORTE COM TRAVAS - PRETO 4L;Linha Potes;0.2525;0.25;PC;12
256.024.003;1885;CESTO ALONGADO JUTA - PRETO 1,5L (256/P);Linha Organização;0.10125;0.1;PC;24
117.012.002;22;TABUA EXTRA GRANDE - BRANCA (117);Linha Cozinha;0.4325;0.43;PC;12
079.012.002;3306;PORTA SHAMPOO E PRATELEIRA MADRI - BRANCO (079/B);Linha Banheiro;0.1125;0.11;PC;12
2540.012.001;121;KIT POTES ALTOS RETANG. COM 3 PECAS - TRANSPARENTE (025/4);Linha Potes;0.4235;0.421;CJ;12
313.006.560;4432;ORGANIZADOR DE COSMETICOS COM 2 GAVETAS - PRETA;Linha Organização;0.454;0.449;PC;6
044.012.005;201;PORTA FILTRO PARA CAFÉ (044);Linha Cozinha;0.0905;0.088;PC;12
065.012.003;323;CAIXA ORGANIZADORA RATTAN COM TAMPA - PRETA 2L (065/P);Linha Organização;0.1525;0.15;PC;12
221.012.003;6291;SALEIRO PREMIER COM ALCA - TRANSPARENTE E PRETO 1 KG;Linha Cozinha;0.0925;0.09;PC;12
387.006.M00;8626;TABUA DE CORTE TECA - G;Teca Tábuas;1.632708;1.632708;PC;6
293.006.003;11942;KIT POTES ACOPLADOS COM 5 PECAS - PRETO;Linha Potes;0.585;0.58;PC;6
097.012.001;243;NITRONBOX 10L (097);Linha Organização;0.6075;0.605;PC;12
008.012.002;6543;PORTA SABAO EM PO COM DOSADOR - BRANCO 2 KG;Linha Limpeza;0.2325;0.23;PC;12
096.012.003;55;ESCORREDOR DE PRATOS RATTAN - PRETO (096/P);Linha Cozinha;0.2695;0.267;PC;12
153.012.002;9615;JARRA COM TAMPA FLIP TOP - BRANCO 2L;Linha Jarras;0.1525;0.15;PC;12
214.006.002;3417;ORGANIZADOR MULTIUSO RATTAN COM 6 DIVISORIAS - BRANCO (214/B);Linha Organização;0.235;0.23;PC;6
240.024.001;106;POTE QUADRADO COM VALVULA - 3L (240);Linha Potes;0.18225;0.181;PC;24
130.012.003;6661;LIXEIRA RETRATIL - PRETA 4L;Linha Lixeiras;0.1725;0.17;PC;12
2590.012.001;4081;POTE ALTO RETANGULAR - TRANSPARENTE 1,5L;Linha Potes;0.1025;0.1;PC;12
111.012.549;4271;ESPREMEDOR PORTATIL FIT - VERMELHO 510ML;Linha Jarras;0.0925;0.09;PC;12
053.004.003;434;PRATELEIRA MULTI USO COM 4 ANDARES - PRETA (053/P);Linha Organização;1.4185;1.411;PC;4
232.012.001;4063;POTE RASO COM TRAVAS - TRANSPARENTE 500ML;Linha Potes;0.0725;0.07;PC;12
004.006.012;6542;GAVETEIRO COM 4 GAVETAS - ROSA;Linha Organização;0.465;0.46;CJ;6
023.030.002;4;RALADOR COM 4 FACES (023);Linha Cozinha;0.094;0.093;PC;30
238.012.001;11906;POTE ACOPLADO COM ROSCA - TRANSPARENTE 2L;Linha Potes;0.1125;0.11;PC;12
200.004.001;276;NITRONBOX 50L (200);Linha Organização;1.6225;1.615;PC;4
3760.012.001;125;POTE QUADRADO COM TRAVAS - TRANSPARENTE 3,7L (037/6);Linha Potes;0.2015;0.199;PC;12
258.006.002;1873;CESTO ALONGADO JUTA - BRANCO 7,4L (258/B);Linha Organização;0.315;0.31;PC;6
196.006.001;4072;POTE PREMIUM - TRANSPARENTE 7,9L;Linha Potes;0.355;0.35;PC;6
133.012.002;60;PORTA DETERGENTE RATTAN COM BASE - BRANCO (133/B);Linha Cozinha;0.1175;0.115;PC;12
148.004.003;6662;LIXEIRA BASCULANTE - PRETA 14L;Linha Lixeiras;0.4675;0.46;PC;4
163.004.086;11871;LIXEIRA VIME - CHUMBO 12L;Linha Lixeiras;0.5315;0.524;PC;4
046.012.002;6324;PORTA OLEO ITALIA - BRANCO;Linha Cozinha;0.0625;0.06;PC;12
268.012.003;1909;CESTO EUROPA JUTA - PRETO 5,3L (268/P);Linha Organização;0.2625;0.26;PC;12
257.012.002;1879;CESTO ALONGADO JUTA - BRANCO3,7L (257/B);Linha Organização;0.1815;0.179;PC;12
503.006.001;8864;CAIXA ORGANIZADORA FLAT COM TAMPA - TRANSPARENTE 10,35L;Linha Organização;0.401;0.396;PC;6
2570.012.001;122;POTE ALTO RETANGULAR - TRANSPARENTE 4,6L (025/7);Linha Potes;0.2085;0.206;PC;12
818.012.001;12016;POTE ALTO COM VALVULA - TRANSPARENTE 2,9L;Linha Potes;;;PC;12
116.012.003;3319;PORTA DETERGENTE COM TELINHA - PRETO (116/P);Linha Cozinha;0.0625;0.06;PC;12
182.012.546;4287;JARRA COM TAMPA FLIP TOP - VERMELHO 4L;Linha Jarras;0.2525;0.25;PC;12
261.006.003;1854;CAIXA ORGANIZADORA BAIXA RATTAN COM TAMPA - PRETA 7L (261/P);Linha Organização;0.375;0.37;PC;6
819.012.001;12018;POTE ALTO COM VALVULA - TRANSPARENTE 4,6L;Linha Potes;;;PC;12
142.006.009;11865;FRASQUEIRA MEDICAMENTOS - VERMELHA 6,2L;Linha Frasqueiras;0.401;0.396;PC;6
3780.012.001;4096;POTE QUADRADO COM TRAVAS - TRANSPARENTE 860ML;Linha Potes;0.0725;0.07;PC;12
126.006.619;6395;FRASQUEIRA COM BANDEJA - ROSA 6,2L;Linha Frasqueiras;0.405;0.4;PC;6
065.012.002;319;CAIXA ORGANIZADORA RATTAN COM TAMPA - BRANCA 2L (065/B);Linha Organização;0.1525;0.15;PC;12
283.004.086;11941;LIXEIRA JUTA COM PEDAL - CHUMBO 12L;Linha Lixeiras;0.7575;0.75;PC;4
178.024.001;183;CACAROLA MICRO-ONDAS - TRANSPARENTE 1,5L (178);Linha Micro-ondas;0.09225;0.091;PC;24
445.012.001;8100;ORGANIZADOR DE COSMETICOS E BIJOUTERIAS;Linha Organização;0.1825;0.18;PC;12
078.036.001;203;FORMA DE GELO FIRENZE (078);Linha Cozinha;0.079833;0.079;PC;36
397.004.002;9711;LIXEIRA FLAT COM PEDAL - BRANCA 14L;Linha Lixeiras;0.3825;0.375;PC;4
165.006.003;3328;ESCORREDOR DE PRATOS - PRETO (165/P);Linha Cozinha;0.515;0.51;PC;6
503.006.003;8609;CAIXA ORGANIZADORA FLAT COM TAMPA - PRETA 10,35L;Linha Organização;0.401;0.396;PC;6
3820.016.644;129;KIT POTE CAFE E ACUCAR (038/2);Linha Potes;0.194875;0.193;CJ;16
067.012.003;6271;SALEIRO - TRANSPARENTE E PRETO;Linha Cozinha;0.0825;0.08;PC;12
134.012.086;11863;LIXEIRA BASCULANTE RATTAN - CHUMBO 4,5L;Linha Lixeiras;0.2385;0.236;PC;12
070.006.003;5899;ESCORREDOR LUXO - PRETO;Linha Cozinha;0.245;0.24;PC;6
011.036.001;226;ORGANIZA TUDO COM 7 DIVISORIAS (011);Linha Organização;0.059833;0.059;PC;36
050.012.001;4106;POTE PREMIER COM 4 DIVISORIAS - TRANSPARENTE 1,1L;Linha Potes;0.1325;0.13;PC;12
114.012.547;4275;JARRINHA COM ESPREMEDOR - VERMELHO 500ML;Linha Jarras;0.0725;0.07;PC;12
545.012.003;9876;PORTA DETERGENTE E ESPONJA FLAT - PRETO;Linha Cozinha;0.0615;0.059;PC;12
092.012.002;6580;SABONETEIRA DE PAREDE COM VENTOSA - BRANCO;Linha Banheiro;0.0625;0.06;PC;12
360.012.003;154;POTE FEIJAO ACOPLADO COM ROSCA - 2L;Linha Potes;0.1165;0.114;PC;12
032.012.002;9608;JARRA COM TAMPA - BRANCO 2L;Linha Jarras;0.1425;0.14;PC;12
169.012.003;6612;BOLEIRA BARCELONA COM ALCA - PRETO;Linha Cozinha;0.2225;0.22;PC;12
002.036.002;38;TABUA POPULAR - BRANCA (018/B);Linha Cozinha;0.234833;0.234;PC;36
150.004.002;3276;LIXEIRA COM PEDAL - BRANCA 16L (150/B);Linha Lixeiras;0.6975;0.69;PC;4
147.012.604;6397;FRASQUEIRA MINI - NATURAL 1L;Linha Frasqueiras;0.0925;0.09;PC;12
284.012.002;3391;CESTO TRANSPORTA TUDO - BRANCO (284/B);Linha Limpeza;0.3025;0.3;PC;12
501.012.003;8605;CAIXA ORGANIZADORA FLAT COM TAMPA - PRETA 2,35L;Linha Organização;0.1515;0.149;PC;12
449.006.003;7110;LIXEIRA JUTA COM PEDAL - PRETA 6L;Linha Lixeiras;0.755;0.75;PC;6
2231.024.009;223;PORTA FRIOS UNITARIO COM TELA (223/1);Linha Cozinha;0.14525;0.144;PC;24
003.006.002;282;GAVETEIRO COM 3 GAVETAS - BRANCA (004/3B);Linha Organização;0.463;0.458;CJ;6
033.012.547;4230;JARRA COM ESPREMEDOR - VERMELHO 2L;Linha Jarras;0.1525;0.15;PC;12
186.006.009;11874;FRASQUEIRA MEDICAMENTOS MEGA LUXO - VERMELHA 12L;Linha Frasqueiras;0.883;0.878;PC;6
043.012.009;6572;FRASQUEIRA MEDICAMENTOS - VERMELHA 1,4L;Linha Frasqueiras;0.1225;0.12;PC;12
016.012.003;3297;ESCORREDOR DE TALHERES MAX - PRETO (016/P);Linha Cozinha;0.0825;0.08;PC;12
502.012.001;8863;CAIXA ORGANIZADORA FLAT COM TAMPA - TRANSPARENTE 3,75L;Linha Organização;0.2095;0.207;PC;12
140.012.001;6284;ESTOJO MULTI USO - TRANSPARENTE;Linha Organização;0.0725;0.07;PC;12
359.012.003;152;POTE ARROZ ACOPLADO COM ROSCA - 2L;Linha Potes;0.1165;0.114;PC;12
198.012.001;6286;ESTOJO SUPER PRATICO - TRANSPARENTE;Linha Organização;0.0425;0.04;PC;12
110.006.001;248;NITRONBOX 20L (110);Linha Organização;0.743;0.738;PC;6
261.006.002;1855;CAIXA ORGANIZADORA BAIXA RATTAN COM TAMPA - BRANCA 7L (261/B);Linha Organização;0.375;0.37;PC;6
070.006.002;5898;ESCORREDOR LUXO - BRANCO;Linha Cozinha;0.245;0.24;PC;6
503.006.002;8608;CAIXA ORGANIZADORA FLAT COM TAMPA - BRANCA 10,35L;Linha Organização;0.401;0.396;PC;6
256.024.002;1884;CESTO ALONGADO JUTA - BRANCO1,5L (256/B);Linha Organização;0.55025;0.549;PC;24
194.012.009;185;CACAROLA LEGUMIX MICRO-ONDAS COM CESTO - TRANSPARENTE 2,6L (194);Linha Micro-ondas;0.2225;0.22;PC;12
306.006.520;4254;TRAVESSA OVAL CANELADA COM TAMPA - BRANCA 1,2L;Linha Potes;0.125;0.12;PC;6
224.012.002;3341;SECA TALHER ESCORRE - BRANCO (224/B);Linha Cozinha;0.1525;0.15;PC;12
109.012.001;247;NITRONBOX 6L (109);Linha Organização;0.3905;0.388;PC;12
219.006.563;4426;FRASQUEIRA RATTAN - ROSA 9,4L;Linha Frasqueiras;0.595;0.59;PC;6
202.006.002;11880;FRASQUEIRA MEDICAMENTOS OVAL COM BANDEJA - BRANCA 4,4L;Linha Frasqueiras;0.325;0.32;PC;6
270.006.003;1897;CESTO EUROPA JUTA - PRETO 18,7L (270/P);Linha Organização;0.695;0.69;PC;6
090.012.003;6659;SALEIRO RUBI - TRANSPARENTE E PRETO 1 KG;Linha Cozinha;0.0725;0.07;PC;12
056.012.002;6262;ESCORREDOR LUXO COM CABO - BRANCO;Linha Cozinha;0.1225;0.12;PC;12
258.004.M03;7951;CAIXA JUTA ALONGADA COM TAMPA TECA - PRETA 7,4L;Teca Organização;0.774;0.769;PC;4
4010.012.003;3604;ACUCAREIRO C/ TAMPA 836 ML (040/A);Linha Cozinha;0.0725;0.07;PC;12
053.004.002;3108;PRATELEIRA MULTI USO COM 4 ANDARES - BRANCA (053/B);Linha Organização;1.5975;1.59;PC;4
920.004.002;12022;CONJ. PORTA DETERGENTE FLAT COM 2 PECAS - BRANCO 500ML;Linha Cozinha;0.1175;0.11;CJ;4
817.012.001;12015;POTE ALTO COM VALVULA - TRANSPARENTE 1,5L;Linha Potes;;;PC;12
120.006.012;7099;FRASQUEIRA COM BANDEJA - ROSA 2,8L;Linha Frasqueiras;0.265;0.26;PC;6
317.012.001;4371;MARMITA FIT - 500ML (317.012.001);Linha Potes;0.1125;0.11;PC;12
2270.012.001;4032;POTE REDONDO COM TRAVAS - TRANSPARENTE 2,3L (022/7);Linha Potes;0.1325;0.13;PC;12
169.012.002;6611;BOLEIRA BARCELONA COM ALCA - BRANCA;Linha Cozinha;0.2225;0.22;PC;12
920.004.086;12024;CONJ. PORTA DETERGENTE FLAT COM 2 PECAS - CHUMBO 500ML;Linha Cozinha;0.1175;0.11;CJ;4
211.012.002;3270;CANTONEIRA PARA BANHEIRO SMART - BRANCO (211/B);Linha Banheiro;0.2225;0.22;PC;12
349.012.575;6094;PORTA QUEIJO COM TELA;Linha Potes;0.0825;0.08;PC;12
077.012.003;5901;ESCORREDOR IDEAL - PRETO;Linha Cozinha;0.0825;0.08;PC;12
182.012.002;9616;JARRA COM TAMPA FLIP TOP - BRANCO 4L;Linha Jarras;0.2525;0.25;PC;12
193.024.001;6762;SABONETEIRA COM TELINHA - TRANSPARENTE;Linha Banheiro;0.03125;0.03;PC;24
281.036.999;1933;CONCHA PARA CEREAIS - SORTIDO - 150ML (281);Linha Cozinha;0.017833;0.017;PC;36
164.006.001;265;MALETA ORGANIZA TUDO COM DIVISORIAS MOVEIS (164);Linha Organização;0.641;0.636;PC;6
553.012.003;9901;PORTA SABAO LIQUIDO FLAT - PRETO 500ML;Linha Limpeza;0.0575;0.055;PC;12
170.006.045;6719;CAIXA DE FERRAMENTAS NITRONFORT - AZUL 16L;Linha Organização;0.815;0.81;PC;6
128.012.003;6598;CESTINHO PARA PRENDEDOR - PRETO;Linha Limpeza;0.0925;0.09;PC;12
154.012.001;4147;POTE ALTO COM TRAVAS - TRANSPARENTE 460ML;Linha Potes;0.0525;0.05;PC;12
018.030.002;3;TABUA MULTIUSO GRANDE (018);Linha Cozinha;0.261;0.26;PC;30
028.012.003;5897;ESCORREDOR DE ARROZ TRADICIONAL - PRETO;Linha Cozinha;0.0925;0.09;PC;12
059.012.002;3303;ESCORREDOR DE PRATOS - BRANCO (059/B);Linha Cozinha;0.2725;0.27;PC;12
148.004.002;4351;LIXEIRA BASCULANTE - BRANCA 14L;Linha Lixeiras;0.4675;0.46;PC;4
323.006.001;4385;POTE MODULAR - TRANSPARENTE 2,4L;Linha Potes;0.205;0.2;PC;6
450.012.086;11994;LIXEIRA JUTA COM CLIQUE - CHUMBO 4,5L;Linha Lixeiras;0.7525;0.75;PC;12
229.012.001;186;COOK FREEZER MICRO-ONDAS COM CESTO - TRANSPARENTE 3L (229);Linha Micro-ondas;0.2475;0.245;PC;12
257.006.M03;7955;CAIXA JUTA ALONGADA COM TAMPA TECA - PRETA 3,7L;Teca Organização;0.414;0.409;PC;6
222.012.546;4292;JARRA COM TAMPA FLIP TOP - VERMELHO 1,4L;Linha Jarras;0.1225;0.12;PC;12
350.012.577;6095;PORTA FRIOS COM TELA;Linha Potes;0.0825;0.08;PC;12
258.004.M02;7952;CAIXA JUTA ALONGADA COM TAMPA TECA - BRANCA 7,4L;Teca Organização;0.593573;0.593573;PC;4
077.012.002;5900;ESCORREDOR IDEAL - BRANCO;Linha Cozinha;0.0825;0.08;PC;12
2232.012.009;224;PORTA FRIOS DUPLO COM TELA (223/2);Linha Cozinha;0.2405;0.238;CJ;12
2270.012.003;14051;POTE REDONDO COM TRAVAS - PRETO 2,3L (022/7);Linha Potes;0.1325;0.13;PC;12
211.012.003;3346;CANTONEIRA PARA BANHEIRO SMART - PRETO (211/P);Linha Banheiro;0.2225;0.22;PC;12
241.024.001;107;POTE RASO COM VALVULA - 460ML (241);Linha Potes;0.06425;0.063;PC;24
041.012.086;11825;ORGANIZADOR MULTIUSO RATTAN COM 3 DIVISORIAS - CHUMBO;Linha Organização;0.1205;0.118;PC;12
130.012.002;3290;LIXEIRA RETRATIL - BRANCA 4L (130/B);Linha Lixeiras;0.1725;0.17;PC;12
137.012.009;6599;FRASQUEIRA MEDICAMENTOS - VERMELHA 2,8L;Linha Frasqueiras;0.1825;0.18;PC;12
202.006.012;7103;FRASQUEIRA OVAL COM BANDEJA - ROSA;Linha Frasqueiras;0.325;0.32;PC;6
450.012.002;7117;LIXEIRA JUTA COM CLIQUE - BRANCA 4,5L;Linha Lixeiras;0.7525;0.75;PC;12
090.012.002;6658;SALEIRO RUBI - TRANSPARENTE E BRANCO 1 KG;Linha Cozinha;0.0725;0.07;PC;12
170.006.027;6718;CAIXA DE FERRAMENTAS NITRONFORT - AMARELA 16L;Linha Organização;0.815;0.81;PC;6
017.024.999;229;PA DE LIXO INOVA (017);Linha Limpeza;0.08025;0.079;PC;24
133.012.086;11862;PORTA DETERGENTE RATTAN COM BASE - CHUMBO;Linha Cozinha;0.1175;0.115;PC;12
257.006.M02;7956;CAIXA JUTA ALONGADA COM TAMPA TECA - BRANCA 3,7L;Teca Organização;0.35805;0.35805;PC;6
302.012.001;4051;POTE RASO RETANGULAR - TRANSPARENTE 1,9L;Linha Potes;0.1425;0.14;PC;12
446.012.001;8101;ORGANIZADOR DE PINCEIS E ACESSORIOS;Linha Organização;0.1825;0.18;PC;12
051.012.002;3300;PORTA DETERGENTE 3 EM 1 - BRANCO (051/B);Linha Cozinha;0.0725;0.07;PC;12
076.024.001;6577;SABONETEIRA COM TAMPA - TRANSPARENTE;Linha Banheiro;0.02125;0.02;PC;24
068.012.086;11854;CAIXA ORGANIZADORA RATTAN COM TAMPA - CHUMBO 8L;Linha Organização;0.4005;0.398;PC;12
028.012.002;5896;ESCORREDOR DE ARROZ TRADICIONAL - BRANCO;Linha Cozinha;0.0925;0.09;PC;12
259.012.002;1867;CAIXA ORGANIZADORA BAIXA RATTAN COM TAMPA - BRANCA 3,2L (259/B);Linha Organização;0.2025;0.2;PC;12
123.012.045;6714;CAIXA DE FERRAMENTAS NITRONFORT - AZUL 2,2L;Linha Frasqueiras;0.2525;0.25;PC;12
116.012.002;3318;PORTA DETERGENTE COM TELINHA - BRANCO (116/B);Linha Cozinha;0.0625;0.06;PC;12
348.012.576;6093;PORTA PRESUNTO COM TELA;Linha Potes;0.0825;0.08;PC;12
075.024.001;498;SANDUICHEIRA PRATIC - 600ML (075);Linha Cozinha;0.08025;0.079;PC;24
3840.016.003;130;KIT MANTIMENTOS COM 3 PECAS - PRETO (038/4);Linha Potes;0.263875;0.262;CJ;16
047.012.003;302;CESTO ORGANIZADOR VIME - PRETO 7L (047/P);Linha Organização;0.2155;0.213;PC;12
552.004.002;9898;CESTO DE ROUPAS EMPILHAVEL - BRANCO 43,8L;Linha Limpeza;1.1975;1.19;PC;4
198.012.066;6617;ESTOJO SUPER PRATICO - FUME;Linha Organização;0.0425;0.04;PC;12
269.012.002;1902;CESTO EUROPA JUTA - BRANCO 10,8L (269/B);Linha Organização;0.4525;0.45;PC;12
193.024.066;6616;SABONETEIRA COM TELINHA - FUME;Linha Banheiro;0.03125;0.03;PC;24
231.012.001;4067;POTE RASO COM TRAVAS - TRANSPARENTE 270ML;Linha Potes;0.0425;0.04;PC;12
450.012.003;7120;LIXEIRA JUTA COM CLIQUE - PRETA 4,5L;Linha Lixeiras;0.7525;0.75;PC;12
246.024.001;112;POTE ALTO COM VALVULA - 868ML (246);Linha Potes;0.07325;0.072;PC;24
214.006.086;11883;ORGANIZADOR MULTIUSO RATTAN COM 6 DIVISORIAS - CHUMBO;Linha Organização;0.235;0.23;PC;6
064.012.547;4266;JARRA COM TUBO PARA GELO - VERMELHO 2L;Linha Jarras;0.1925;0.19;PC;12
2280.012.001;4035;POTE REDONDO COM TRAVAS - TRANSPARENTE 1,1L;Linha Potes;0.0825;0.08;PC;12
067.012.002;6269;SALEIRO - TRANSPARENTE E BRANCO;Linha Cozinha;0.0825;0.08;PC;12
546.012.003;9879;PORTA ESCOVAS FLAT - PRETO;Linha Banheiro;0.0695;0.067;PC;12
162.012.003;3269;CESTO COM ALCA - PRETO 8,5L (162/P);Linha Organização;0.2825;0.28;PC;12
239.012.001;11909;POTE ACOPLADO COM ROSCA - TRANSPARENTE 3L;Linha Potes;0.1425;0.14;PC;12
3790.012.001;4099;POTE QUADRADO COM TRAVAS - TRANSPARENTE 360ML;Linha Potes;0.0425;0.04;PC;12
069.006.086;11855;CAIXA ORGANIZADORA RATTAN COM TAMPA - CHUMBO 16L;Linha Organização;0.554;0.549;PC;6
221.012.002;6290;SALEIRO PREMIER COM ALCA - TRANSPARENTE E BRANCO 1 KG;Linha Cozinha;0.0925;0.09;PC;12
270.006.002;1896;CESTO EUROPA JUTA - BRANCO 18,7L (270/B);Linha Organização;0.695;0.69;PC;6
045.012.001;1602;FORMA DE PUDIM PARA MICRO-ONDAS COM TAMPA 1,9L (045);Linha Micro-ondas;0.1575;0.155;PC;12
020.024.001;178;FORMA DE PUDIM PARA MICRO-ONDAS 1,9L (020);Linha Micro-ondas;0.09925;0.098;PC;24
047.012.002;298;CESTO ORGANIZADOR VIME - BRANCO 7L (047/B);Linha Organização;0.2155;0.213;PC;12
396.006.086;11990;LIXEIRA FLAT COM PEDAL - CHUMBO 7L;Linha Lixeiras;0.38;0.375;PC;6
140.012.066;6601;ESTOJO MULTI USO - FUME;Linha Organização;0.0725;0.07;PC;12
700.006.001;4180;ORGANIZADOR DE GELADEIRA RATTAN - 7L;Linha Geladeira;0.235;0.23;PC;6
224.012.086;11885;PORTA TALHER ESCORRE E GUARDA - CHUMBO;Linha Cozinha;0.1525;0.15;PC;12
269.012.003;1903;CESTO EUROPA JUTA - PRETO 10,8L (269/P);Linha Organização;0.4525;0.45;PC;12
680.004.M00;12039;BOLEIRA TECA COM ACRILICO;Teca Cozinha;0.8525;0.8525;PC;4
553.012.002;9900;PORTA SABAO LIQUIDO FLAT - BRANCO 500ML;Linha Limpeza;0.0575;0.055;PC;12
4040.012.003;3616;SALEIRO C/ TAMPA 836 ML (040/SG);Linha Cozinha;0.0725;0.07;PC;12
705.006.001;4175;ORGANIZADOR DE GELADEIRA JUTA - 3,7L;Linha Geladeira;0.185;0.18;PC;6
507.004.M03;8649;TABUA DE CORTE TECA COM GAVETA DE SERVIR - PRETA 2L;Teca Cozinha;0.2675;0.26;PC;4
055.012.002;6257;ESCORREDOR MULTI USO - BRANCO;Linha Cozinha;0.1125;0.11;PC;12
322.006.001;4383;POTE MODULAR - TRANSPARENTE 1,2L;Linha Potes;0.205;0.2;PC;6
703.006.001;4178;ORGANIZADOR DE GELADEIRA RATTAN - 4L;Linha Geladeira;0.175;0.17;PC;6
249.012.020;114;POTE TEMPEROS ACOPLADO COM ROSCA - 500ML (249);Linha Potes;0.0615;0.059;PC;12
207.024.001;215;JARRA MEDIDORA TOP MIX;Linha Jarras;0.08325;0.082;PC;24
096.012.002;52;ESCORREDOR DE PRATOS RATTAN - BRANCO (096/B);Linha Cozinha;0.2695;0.267;PC;12
268.012.002;1908;CESTO EUROPA JUTA - BRANCO 5,3L (268/B);Linha Organização;0.2625;0.26;PC;12
270.002.M03;8617;CAIXA JUTA EUROPA COM TAMPA TECA - PRETA 18,7L;Teca Organização;1.078;1.063;PC;2
502.012.002;8606;CAIXA ORGANIZADORA FLAT COM TAMPA - BRANCA 3,75L;Linha Organização;0.2095;0.207;PC;12
421.024.002;8019;CORTADOR E RALADOR DE LEGUMES - BRANCO;Decor-Chef;0.18125;0.18;PC;24
205.006.862;3599;KIT POTE FIT COLORATTO COM 3 PECAS - 450ML (290/K);Linha Coloratto;0.145;0.14;PC;6
313.006.561;4433;ORGANIZADOR DE COSMETICOS COM 2 GAVETAS - BRANCA;Linha Organização;0.454;0.449;PC;6
545.012.002;9875;PORTA DETERGENTE E ESPONJA FLAT - BRANCO;Linha Cozinha;0.0615;0.059;PC;12
062.012.086;11831;CAIXA ORGANIZADORA RATTAN COM TAMPA - CHUMBO 4L;Linha Organização;0.2405;0.238;PC;12
123.012.027;7069;CAIXA DE FERRAMENTAS NITRONFORT - AMARELA 2,2L;Linha Frasqueiras;0.2525;0.25;PC;12
016.012.002;3296;ESCORREDOR DE TALHERES MAX - BRANCO (016/B);Linha Cozinha;0.0825;0.08;PC;12
111.012.002;9612;ESPREMEDOR PORTATIL FIT - BRANCO 510ML;Linha Jarras;0.0925;0.09;PC;12
132.036.683;25;PRATO UNITARIO (132);Linha Infantil;0.064833;0.064;PC;36
195.006.609;6388;FRASQUEIRA CRISTAL COM DIVISORIAS - PRETO 1,5L;Linha Frasqueiras;0.205;0.2;PC;6
501.012.002;8604;CAIXA ORGANIZADORA FLAT COM TAMPA - BRANCA 2,35L;Linha Organização;0.1515;0.149;PC;12
162.012.002;3325;CESTO COM ALCA - BRANCO 8,5L (162/B);Linha Organização;0.2825;0.28;PC;12
314.006.561;4434;ORGANIZADOR DE COSMETICOS COM 1 GAVETA - BRANCA;Linha Organização;0.325;0.32;PC;6
397.004.086;11991;LIXEIRA FLAT COM PEDAL - CHUMBO 14L;Linha Lixeiras;0.3825;0.375;PC;4
158.024.029;86;POTE FEIJAO COM TRAVAS - 850ML (158);Linha Potes;0.06525;0.064;PC;24
701.006.001;4177;ORGANIZADOR DE GELADEIRA RATTAN - 4,5L;Linha Geladeira;0.195;0.19;PC;6
301.012.001;4049;POTE RASO RETANGULAR - TRANSPARENTE 950ML;Linha Potes;0.0925;0.09;PC;12
236.012.001;11904;POTE ACOPLADO COM ROSCA - TRANSPARENTE 1L;Linha Potes;0.0825;0.08;PC;12
191.012.001;4077;POTE COM 2 DIVISORIAS - TRANSPARENTE 720ML;Linha Potes;0.1025;0.1;PC;12
503.006.086;12003;CAIXA ORGANIZADORA FLAT COM TAMPA - CHUMBO 10,35L;Linha Organização;0.401;0.396;PC;6
308.006.520;4256;ORGANIZA E GUARDA COM 4 DIVISORIAS;Linha Cozinha;0.135;0.13;PC;6
033.012.002;9609;JARRA COM ESPREMEDOR - BRANCO 2L;Linha Jarras;0.1525;0.15;PC;12
114.012.002;9614;JARRINHA COM ESPREMEDOR - BRANCO 500ML;Linha Jarras;0.0625;0.06;PC;12
092.012.003;6581;SABONETEIRA DE PAREDE COM VENTOSA - PRETO;Linha Banheiro;0.0625;0.06;PC;12
277.012.002;1890;Cesto Juta com Alça - Branco 5,6L (277/B);Linha Organização;0.2525;0.25;PC;12
128.012.002;6597;CESTINHO PARA PRENDEDOR - BRANCO;Linha Limpeza;0.0925;0.09;PC;12
256.006.M03;7959;CAIXA JUTA ALONGADA COM TAMPA TECA - PRETA 1,5L;Teca Organização;0.253;0.248;PC;6
398.004.003;9718;LIXEIRA FLAT COM CLIQUE - PRETA 12L;Linha Lixeiras;0.4725;0.465;PC;4
125.012.001;253;NITRONBOX 4,3L (125);Linha Organização;0.2415;0.239;PC;12
546.012.002;9878;PORTA ESCOVAS FLAT - BRANCO;Linha Banheiro;0.0695;0.067;PC;12
147.012.607;6400;FRASQUEIRA MINI - ROSA 1L;Linha Frasqueiras;0.0925;0.09;PC;12
199.006.001;275;NITRONBOX 27L (199);Linha Organização;1.185;1.18;PC;6
248.012.009;113;POTE TOMATINHO ACOPLADO COM ROSCA - 500ML (248);Linha Potes;0.0615;0.059;PC;12
449.006.002;7106;LIXEIRA JUTA COM PEDAL - BRANCA 6L;Linha Lixeiras;0.755;0.75;PC;6
056.012.003;6263;ESCORREDOR LUXO COM CABO - PRETO;Linha Cozinha;0.1225;0.12;PC;12
259.012.003;1868;CAIXA ORGANIZADORA BAIXA RATTAN COM TAMPA - PRETA 3,2L (259/P);Linha Organização;0.2025;0.2;PC;12
270.002.M02;8616;CAIXA JUTA EUROPA COM TAMPA TECA - BRANCA 18,7L;Teca Organização;1.06764;1.06764;PC;2
177.012.003;3335;CESTO COM ALCA - PRETO 5L (177/P);Linha Organização;0.1405;0.138;PC;12
251.012.001;6646;CACAROLA MINI MICRO-ONDAS - TRANSPARENTE 850ML;Linha Micro-ondas;0.0625;0.06;PC;12
212.012.003;6676;POTE COM TRAVAS E 2 DIVISORIAS - PRETO 600ML;Linha Potes;0.1025;0.1;CJ;12
2500.012.001;4102;POTE ALTO RETANGULAR - TRANSPARENTE 868ML;Linha Potes;0.0725;0.07;PC;12
260.012.002;1864;CAIXA ORGANIZADORA BAIXA RATTAN COM TAMPA - BRANCA 4,5L (260/B);Linha Organização;0.2925;0.29;PC;12
419.024.002;8021;CORTADOR DE BATATAS - BRANCO;Decor-Chef;0.18125;0.18;PC;24
165.006.002;3327;ESCORREDOR DE PRATOS - BRANCO (165/B);Linha Cozinha;0.515;0.51;PC;6
385.006.M00;8624;TABUA DE CORTE TECA - M;Teca Tábuas;1.1935;1.1935;PC;6
501.012.001;8862;CAIXA ORGANIZADORA FLAT COM TAMPA - TRANSPARENTE 2,35L;Linha Organização;0.1515;0.149;PC;12
012.012.016;6697;PORTA SABAO EM PO 600 G;Linha Limpeza;0.0725;0.07;PC;12
088.012.547;4269;JARRA ESTRELA COM TAMPA - VERMELHO 1,6L;Linha Jarras;0.1025;0.1;PC;12
256.006.M02;7960;CAIXA JUTA ALONGADA COM TAMPA TECA - BRANCA 1,5L;Teca Organização;0.21483;0.21483;PC;6
706.006.001;4174;ORGANIZADOR DE GELADEIRA JUTA - 1,5L;Linha Geladeira;0.105;0.1;PC;6
177.012.002;3334;CESTO COM ALCA - BRANCO 5L (177/B);Linha Organização;0.1405;0.138;PC;12
222.012.002;9618;JARRA COM TAMPA FLIP TOP - BRANCO 1,4L;Linha Jarras;0.1225;0.12;PC;12
121.012.003;6279;ESCORREDOR DE ARROZ CARIBE - PRETO;Linha Cozinha;0.0725;0.07;PC;12
239.012.002;6643;POTE ACOPLADO COM ROSCA - BRANCO 3L;Linha Potes;0.1425;0.14;PC;12
173.012.003;7135;LIXEIRA FENIX - PRETA 4,2L;Linha Lixeiras;0.2125;0.21;PC;12
556.012.001;9917;POTE COM TAMPA FIXA - TRANSPARENTE 1L;Linha Potes;0.00858;0.00833;PC;12
2290.006.862;3671;KIT POTE REDONDO COLORATTO COM 3 PECAS - 450ML (304/K);Linha Coloratto;0.145;0.14;PC;6
319.012.001;4374;POTE MODULAR - TRANSPARENTE 250ML;Linha Potes;0.0425;0.04;PC;12
2590.012.003;14054;POTE ALTO RETANGULAR - PRETO 1,5L;Linha Potes;0.1025;0.1;PC;12
502.012.003;8607;CAIXA ORGANIZADORA FLAT COM TAMPA - PRETA 3,75L;Linha Organização;0.2095;0.207;PC;12
051.012.086;11827;PORTA DETERGENTE 3 EM 1 - CHUMBO;Linha Cozinha;0.0725;0.07;PC;12
209.012.003;6620;MARMITA COM PORTA TALHERES - PRETO 715ML;Linha Potes;0.1125;0.11;PC;12
3840.016.002;11989;KIT MANTIMENTOS COM 3 PECAS - BRANCO;Linha Potes;0.263875;0.262;CJ;16
6120.050.001;132;POTE RASO RETANGULAR COM 2 PECAS - 500ML (061/2);Linha Potes;0.0736;0.073;CJ;50
006.030.999;471;COPO BABY COM TAMPA - SORTIDO 250 ML (006);Linha Infantil;0.032;0.031;PC;30
311.012.517;4244;MAMITA E POTE 2 EM 1 - VERDE 780ML;Linha Potes;0.1225;0.12;PC;12
010.012.001;7186;CABIDE COM 3 PECAS - TRANSPARENTE;Linha Organização;0.1325;0.13;CJ;12
6130.030.001;133;POTE RASO RETANGULAR COM 3 PECAS - 500ML (061/3);Linha Potes;0.109;0.108;CJ;30
236.012.002;6635;POTE ACOPLADO COM ROSCA - BRANCO 1L;Linha Potes;0.0825;0.08;PC;12
403.024.002;9192;KIT BISCOITO FACIL - BRANCO;Decor-Confeitaria;0.07125;0.07;PC;24
024.012.002;6553;CESTINHO PARA PRENDEDOR FLORAL - BRANCO;Linha Limpeza;0.1325;0.13;PC;12
269.004.M02;8614;CAIXA JUTA EUROPA COM TAMPA TECA - BRANCA 10,8L;Teca Organização;0.75888;0.75888;PC;4
039.012.003;6261;ESCORREDOR BASICO COM CABO - PRETO;Linha Cozinha;0.0825;0.08;PC;12
681.004.M00;12040;QUEIJEIRA TECA COM ACRILICO;Teca Cozinha;0.371349;0.371349;PC;4
064.012.002;9610;JARRA COM TUBO PARA GELO - BRANCO 2L;Linha Jarras;0.1925;0.19;PC;12
024.012.003;6554;CESTINHO PARA PRENDEDOR FLORAL - PRETO;Linha Limpeza;0.1325;0.13;PC;12
238.012.002;6640;POTE ACOPLADO BRANCO C/ROSCA 2L;Linha Potes;0.1125;0.11;PC;12
091.012.003;6660;LIXEIRA VERONA - PRETA 4L;Linha Lixeiras;0.1425;0.14;PC;12
157.024.009;85;POTE TOMATINHO COM TRAVAS - 850ML (157);Linha Potes;0.06525;0.064;PC;24
300.012.001;4054;POTE RASO RETANGULAR - TRANSPARENTE 460ML;Linha Potes;0.0425;0.04;PC;12
279.012.024;1639;POTE ALHO ACOPLADO COM ROSCA - 500ML (279);Linha Potes;0.0615;0.059;PC;12
202.006.009;11881;FRASQUEIRA MEDICAMENTOS OVAL COM BANDEJA - VERMELHA 4,4L;Linha Frasqueiras;0.325;0.32;PC;6
154.006.861;3612;KIT POTE ALTO COLORATTO COM 2 PECAS - 460ML (286/K);Linha Coloratto;0.095;0.09;PC;6
314.006.560;4437;ORGANIZADOR DE COSMETICOS COM 1 GAVETA - PRETA;Linha Organização;0.325;0.32;PC;6
269.004.M03;8615;CAIXA JUTA EUROPA COM TAMPA TECA - PRETA 10,8L;Teca Organização;0.4375;0.43;PC;4
351.012.001;6096;KIT POTES MODULARES COM 3 PECAS - TRANSPARENTE 250ML;Linha Potes;0.0425;0.04;PC;12
268.006.M02;8610;CAIXA JUTA EUROPA COM TAMPA TECA - BRANCA 5,3L;Teca Organização;0.480578;0.480578;PC;6
277.012.003;1891;CESTO JUTA COM ALCA - PRETO 5,6L (277/P);Linha Organização;0.2525;0.25;PC;12
702.006.001;4179;ORGANIZADOR DE GELADEIRA RATTAN - 3,2L;Linha Geladeira;0.145;0.14;PC;6
501.012.086;11806;CAIXA ORGANIZADORA FLAT COM TAMPA - CHUMBO 2,35L;Linha Organização;0.1515;0.149;PC;12
059.012.086;11829;ESCORREDOR DE PRATOS - CHUMBO;Linha Cozinha;0.2725;0.27;PC;12
552.004.003;9899;CESTO DE ROUPAS EMPILHAVEL - PRETO 43,8L;Linha Limpeza;1.1975;1.19;PC;4
321.012.001;4380;POTE MODULAR - TRANSPARENTE 800ML;Linha Potes;0.1325;0.13;PC;12
3790.006.862;11987;KIT POTE QUADRADO COLORATTO COM 3 PECAS - 370ML;Linha Coloratto;0.12;0.115;CJ;6
173.012.002;3331;LIXEIRA FENIX - BRANCA 4,2L (173/B);Linha Lixeiras;0.2125;0.21;PC;12
548.024.002;9884;SABONETEIRA COM TELA FLAT - BRANCO;Linha Banheiro;0.02525;0.024;PC;24
548.024.003;9885;SABONETEIRA COM TELA FLAT - PRETO;Linha Banheiro;0.02525;0.024;PC;24
161.012.002;3322;PORTA TUDO - BRANCO 1L (161/B);Linha Organização;0.0725;0.07;PC;12
113.012.003;6277;TANQUINHO PORTA SABAO EM BARRA - PRETO;Linha Limpeza;0.0925;0.09;PC;12
188.012.003;3338;ESCORREDOR DE PRATOS SUPER PRATICO - PRETO (188/P);Linha Cozinha;0.2425;0.24;PC;12
260.012.003;1860;CAIXA ORGANIZADORA BAIXA RATTAN COM TAMPA - PRETA 4,5L (260/P);Linha Organização;0.2925;0.29;PC;12
065.012.086;11853;CAIXA ORGANIZADORA RATTAN COM TAMPA - CHUMBO 2L;Linha Organização;0.1525;0.15;PC;12
311.012.515;4242;MAMITA E POTE 2 EM 1 - ROSA 780ML;Linha Potes;0.1225;0.12;PC;12
502.012.086;12002;CAIXA ORGANIZADORA FLAT COM TAMPA - CHUMBO 3,75L;Linha Organização;0.2095;0.207;PC;12
172.012.998;14018;PA DE LIXO COM CABO;Linha Limpeza;0.1265;0.124;PC;12
313.006.562;4365;ORGANIZADOR DE COSMETICOS COM 2 GAVETAS - ROSA;Linha Organização;0.454;0.449;PC;6
353.006.003;6750;KIT POTES MODULARES COM 6 PECAS - PRETO;Linha Potes;0.076;0.071;CJ;6
076.024.066;6578;SABONETEIRA COM TAMPA - FUME;Linha Banheiro;0.02125;0.02;PC;24
151.012.003;14049;POTE ALTO COM TRAVAS - PRETO 4,3L;Linha Potes;0.2125;0.21;PC;12
176.024.001;172;POTE COM VALVULA E TRAVAS - 600ML (176);Linha Potes;0.06625;0.065;PC;24
081.012.003;6273;PORTA PAPEL TOALHA - PRETO;Linha Cozinha;0.0825;0.08;PC;12
320.012.001;4377;POTE MODULAR - TRANSPARENTE 450ML;Linha Potes;0.0725;0.07;PC;12
545.012.086;12008;PORTA DETERGENTE E ESPONJA FLAT - CHUMBO;Linha Cozinha;0.0615;0.059;PC;12
307.006.520;4255;TRAVESSA OVAL CANELADA COM TAMPA - BRANCA 2,5L;Linha Potes;0.185;0.18;PC;6
124.012.003;6715;KIT MARMITA COM TALHERES - PRETO 780ML;Linha Potes;0.1425;0.14;CJ;12
303.012.001;4050;POTE RASO RETANGULAR - TRANSPARENTE 3,2L;Linha Potes;0.2325;0.23;PC;12
003.006.012;6541;GAVETEIRO COM 3 GAVETAS - ROSA;Linha Organização;0.465;0.46;CJ;6
093.012.003;3312;CESTINHO VERSATIL - PRETO 4,2L (093/P);Linha Organização;0.1125;0.11;PC;12
555.012.001;9914;POTE COM TAMPA FIXA - TRANSPARENTE 600ML;Linha Potes;0.05917;0.05667;PC;12
434.024.002;9212;KIT DONUTS - BRANCO;Decor-Confeitaria;0.03525;0.034;PC;24
453.012.003;7140;LIXEIRA RATTAN COM CLIQUE - PRETA 4,5L;Linha Lixeiras;0.2425;0.24;PC;12
458.024.002;8099;PORTA LEITE DE SAQUINHO - BRANCO;Decor-Chef;0.18125;0.18;PC;24
016.012.086;11822;ESCORREDOR DE TALHERES MAX - CHUMBO;Linha Cozinha;0.0825;0.08;PC;12
129.012.003;6283;PORTA TALHERES STILLO COM 4 DIVISORIAS - PRETO;Linha Cozinha;0.0925;0.09;PC;12
422.024.002;9205;KIT DECORADOR DE BOLO COM 7 PECAS - BRANCO;Decor-Confeitaria;0.04812;0.047;PC;24
553.012.086;12012;PORTA SABAO LIQUIDO FLAT - CHUMBO 500ML;Linha Limpeza;0.0575;0.055;PC;12
015.012.003;6548;RALADOR PRATIC COM POTE - PRETO 420ML;Linha Cozinha;0.0625;0.06;PC;12
398.004.086;11992;LIXEIRA FLAT COM CLIQUE - CHUMBO 12L;Linha Lixeiras;0.4725;0.465;PC;4
152.006.002;11997;KIT MANTIMENTOS COM 5 PECAS - BRANCO;Linha Potes;0.592;0.587;CJ;6
235.012.001;11902;POTE ACOPLADO COM ROSCA - TRANSPARENTE 500ML;Linha Potes;0.0625;0.06;PC;12
302.012.003;14041;POTE RASO RETANGULAR - PRETO 1,9L;Linha Potes;0.1425;0.14;PC;12
205.006.861;3613;KIT POTE FIT COLORATTO COM 2 PECAS - 450ML (285/K);Linha Coloratto;0.095;0.09;PC;6
391.006.M00;8867;TABUA COM CABO TECA - M;Teca Tábuas;0.65472;0.65472;PC;6
322.006.003;6668;POTE MODULAR - PRETO 1,2L;Linha Potes;0.199;0.194;PC;6
129.012.002;6282;PORTA TALHER STILLO COM 4 DIVISORIAS - BRANCO;Linha Cozinha;0.0925;0.09;PC;12
091.012.002;3308;LIXEIRA VERONA - BRANCA 4L (091/B);Linha Lixeiras;0.1425;0.14;PC;12
203.006.003;6678;POTE ULTRAFORTE COM TELA E TRAVAS - PRETO 4L;Linha Potes;0.285;0.28;PC;6
165.006.086;11872;ESCORREDOR DE PRATOS  - CHUMBO;Linha Cozinha;0.515;0.51;PC;6
121.012.002;6278;ESCORREDOR DE ARROZ CARIBE - BRANCO;Linha Cozinha;0.0725;0.07;PC;12
197.024.010;174;MARMITA DUE COM DIVISORIA MOVEL - 600ML (197);Linha Potes;0.06625;0.065;PC;24
054.004.001;237;CESTO DE ROUPAS 47L (054);Linha Limpeza;1.3375;1.33;PC;4
030.012.003;13976;POTE MONTEREY COM 3 DIVISORIAS - PRETO 1,1L;Linha Potes;0.1325;0.13;PC;12
2570.012.003;14038;POTE ALTO RETANGULAR - PRETO 4,6L;Linha Potes;0.2085;0.206;PC;12
039.012.002;6260;ESCORREDOR BASICO COM CABO - BRANCO;Linha Cozinha;0.0825;0.08;PC;12
399.012.008;9723;PORTA LEITE EM PO - AZUL 280ML;Linha Cozinha;0.0477;0.045;PC;12
131.012.002;13984;FRASQUEIRA MEDICAMENTOS - BRANCA 2,2L;Linha Frasqueiras;0.2605;0.258;PC;12
167.012.001;7189;CABIDE STILL COM 3 PECAS - TRANSPARENTE;Linha Organização;0.1525;0.15;CJ;12
821.004.001;12032;KIT POTE TAMPA FIXA COM 3 PECAS - TRANSPARENTE;Linha Potes;0.185;0.1775;CJ;4
190.012.001;87;KIT POTES ALTOS COM TRAVAS E 3 PECAS - TRANSPARENTE (190);Linha Potes;0.2245;0.222;CJ;12
444.012.001;8096;ORGANIZADOR PARA GAVETAS;Linha Organização;0.1825;0.18;PC;12
113.012.002;6276;TANQUINHO PORTA SABAO EM BARRA - BRANCO;Linha Limpeza;0.0925;0.09;PC;12
112.012.547;4273;COPO MEDIDOR COM TAMPA - VERMELHO 500ML;Linha Cozinha;0.0525;0.05;PC;12
250.024.009;187;CACAROLA MICRO-ONDAS COM CESTO - TRANSPARENTE 1,5L (250);Linha Micro-ondas;0.15125;0.15;PC;24
392.006.M00;8878;TABUA COM CABO TECA - G;Teca Tábuas;0.946864;0.946864;PC;6
136.024.001;180;TRAVESSA MICRO-ONDAS COM TAMPA - TRANSPARENTE 1,5L (136);Linha Micro-ondas;0.16825;0.167;PC;24
361.012.003;155;POTE FARINHA ACOPLADO COM ROSCA - 2L;Linha Potes;0.1165;0.114;PC;12
231.006.861;3614;KIT POTE RASO COLORATTO COM 2 PECAS - 270ML (289/K);Linha Coloratto;0.085;0.08;PC;6
381.012.003;8641;ORGANIZADOR LONGO MODULAR - PRETO 850ML;Linha Organização;0.5515;0.549;PC;12
081.012.002;6272;PORTA PAPEL TOALHA - BRANCO;Linha Cozinha;0.0825;0.08;PC;12
383.012.003;8645;ORGANIZADOR RETANGULAR MODULAR - PRETO 1,450L;Linha Organização;0.5515;0.549;PC;12
228.012.003;6724;POTE REDONDO COM TRAVAS - PRETO 1,1L;Linha Potes;0.1025;0.1;PC;12
184.016.001;11873;CABIDE COM 3 PECAS - TRANSPARENTE;Linha Infantil;0.031875;0.03;CJ;16
116.012.086;11861;PORTA DETERGENTE COM TELINHA - CHUMBO;Linha Cozinha;0.0625;0.06;PC;12
2290.012.001;4038;POTE REDONDO COM TRAVAS - TRANSPARENTE 450ML;Linha Potes;0.0525;0.05;PC;12
427.024.003;8025;ESCORREDOR QUADRADO - PRETO;Decor-Chef;0.18125;0.18;PC;24
453.012.002;7139;LIXEIRA RATTAN COM CLIQUE - BRANCA 4,5L;Linha Lixeiras;0.2425;0.24;PC;12
256.024.086;11917;CESTO ALONGADO  JUTA - CHUMBO 3,2L;Linha Organização;0.55025;0.549;PC;24
449.006.086;11993;LIXEIRA JUTA COM PEDAL - CHUMBO 6L;Linha Lixeiras;0.755;0.75;PC;6
139.012.003;13818;POTE COM 3 DIVISORIAS - PRETO 1,1L;Linha Potes;0.1325;0.13;PC;12
257.012.086;11919;CESTO ALONGADO  JUTA - CHUMBO 4,5L;Linha Organização;0.1815;0.179;PC;12
2540.012.003;14069;KIT POTES ALTOS RETANG. COM 3 PECAS - PRETO (025/4);Linha Potes;0.4235;0.421;CJ;12
093.012.002;3311;CESTINHO VERSATIL - BRANCO 4,2L (093/B);Linha Organização;0.1125;0.11;PC;12
202.006.001;14050;FRASQUEIRA OVAL COM BANDEJA - ROSA 4,4L;Linha Frasqueiras;0.325;0.32;PC;6
239.012.003;6644;POTE ACOPLADO PRETO C/ROSCA 3L;Linha Potes;0.1425;0.14;PC;12
088.012.002;9611;JARRA ESTRELA COM TAMPA - BRANCO 1,6L;Linha Jarras;0.1025;0.1;PC;12
112.012.002;9613;COPO MEDIDOR COM TAMPA - BRANCO 500ML;Linha Jarras;0.0525;0.05;PC;12
305.006.520;4253;TRAVESSA OVAL CANELADA COM TAMPA - BRANCA 650ML;Linha Potes;0.075;0.07;PC;6
188.012.002;3337;ESCORREDOR DE PRATOS SUPER PRATICO - BRANCO (188/B);Linha Cozinha;0.2425;0.24;PC;12
314.006.562;4366;ORGANIZADOR DE COSMETICOS COM 1 GAVETA - ROSA;Linha Organização;0.325;0.32;PC;6
381.012.002;8636;ORGANIZADOR LONGO MODULAR - BRANCO 850ML;Linha Organização;0.5515;0.549;PC;12
383.012.002;8644;ORGANIZADOR RETANGULAR MODULAR - BRANCO 1,450L;Linha Organização;0.5515;0.549;PC;12
399.012.007;9722;PORTA LEITE EM PO - ROSA 280ML;Linha Cozinha;0.0477;0.045;PC;12
381.012.001;8732;ORGANIZADOR LONGO MODULAR - TRANSPARENTE 850ML;Linha Organização;0.5515;0.549;PC;12
205.012.001;4357;POTE RETANGULAR FIT - TRANSPARENTE 450ML;Linha Potes;0.0525;0.05;PC;12
398.004.002;9717;LIXEIRA FLAT COM CLIQUE - BRANCA 12L;Linha Lixeiras;0.4725;0.465;PC;4
235.012.002;6632;POTE ACOPLADO COM ROSCA - BRANCO 500ML;Linha Potes;0.0625;0.06;PC;12
015.012.002;6547;RALADOR PRATIC COM POTE - BRANCO 420ML;Linha Cozinha;0.0625;0.06;PC;12
234.012.003;14048;POTE RASO COM TRAVAS - PRETO 2,3L;Linha Potes;0.1625;0.16;PC;12
260.012.086;11939;CAIXA ORGANIZADORA BAIXA RATTAN COM TAMPA - CHUMBO 4,5L;Linha Organização;0.2925;0.29;PC;12
231.006.862;3600;KIT POTE RASO COLORATTO COM 3 PECAS - 270ML (291/K);Linha Coloratto;0.045;0.04;PC;6
094.012.003;6583;ACUCAREIRO DOCURA - PRETO;Linha Cozinha;0.0625;0.06;PC;12
554.012.001;9911;POTE COM TAMPA FIXA - TRANSPARENTE 330ML;Linha Potes;0.0175;0.015;PC;12
236.012.003;6636;POTE ACOPLADO PRETO C/ROSCA 1L;Linha Potes;0.0825;0.08;PC;12
094.012.002;6582;ACUCAREIRO DOCURA - BRANCO;Linha Cozinha;0.0625;0.06;PC;12
120.006.001;14104;FRASQUEIRA COM BANDEJA - ROSA 2,8L;Linha Frasqueiras;0.265;0.26;PC;6
458.024.003;8145;PORTA LEITE DE SAQUINHO - PRETO;Decor-Chef;0.18125;0.18;PC;24
232.006.861;11891;KIT POTE RASO COLORATTO COM 2 PECAS - 500ML;Linha Coloratto;0.125;0.12;PC;6
050.012.003;13977;POTE PREMIER COM 4 DIVISORIAS - PRETO 1,1L;Linha Potes;0.1325;0.13;PC;12
713.012.001;12014;ORGANIZADOR DE GELADEIRA FLAT - 3,75L;Linha Geladeira;0.14775;0.14525;PC;12
423.024.002;9208;CONJUNTO BICO RUSSO CONFEITEIRO COM 5 PECAS - BRANCO;Decor-Confeitaria;0.2925;0.028;PC;24
258.006.086;11923;CESTO ALONGADO JUTA - CHUMBO 7L;Linha Organização;0.315;0.31;PC;6
548.024.086;12011;SABONETEIRA COM TELA FLAT - CHUMBO;Linha Banheiro;0.02525;0.024;PC;24
156.012.003;13983;POTE ALTO COM TRAVAS - PRETO 2,2L;Linha Potes;0.1425;0.14;PC;12
126.006.001;14009;FRASQUEIRA COM BANDEJA - ROSA 6,2L;Linha Frasqueiras;0.401;0.396;PC;6
238.012.003;6641;POTE ACOPLADO PRETO C/ROSCA 2L;Linha Potes;0.1125;0.11;PC;12
261.006.086;11940;CAIXA ORGANIZADORA BAIXA RATTAN COM TAMPA - CHUMBO 7L;Linha Organização;0.375;0.37;PC;6
098.012.999;14016;BALDE LIMPEX - SORTIDO 8L;Linha Limpeza;0.2925;0.29;PC;12
383.012.001;8734;ORGANIZADOR RETANGULAR MODULAR - TRANSPARENTE 1,450L;Linha Organização;0.5515;0.549;PC;12
2580.012.003;14039;POTE ALTO RETANGULAR - PRETO 3L;Linha Potes;0.1525;0.15;PC;12
236.012.667;150;POTE SAL GROSSO ACOPLADO COM ROSCA - 1L (236/SG);Linha Potes;0.0775;0.075;PC;12
311.012.002;11949;MAMITA E POTE 2 EM 1 - BRANCO 780ML;Linha Potes;0.1225;0.12;PC;12
096.012.086;11860;ESCORREDOR DE PRATOS RATTAN - CHUMBO;Linha Cozinha;0.2695;0.267;PC;12
369.006.001;6764;KIT PORTA FRIOS COM 3 PECAS;Linha Potes;0.085;0.08;PC;6
712.012.001;12013;ORGANIZADOR DE GELADEIRA FLAT - 2,35L;Linha Geladeira;0.11083;0.10833;PC;12
155.006.861;12035;KIT POTE ALTO COLORATTO COM 2 PECAS - 850 ML;Linha Coloratto;0.11;0.105;CJ;6
384.012.003;8647;ORGANIZADOR PEQUENO MODULAR - PRETO 400ML;Linha Organização;0.5515;0.549;PC;12
232.006.862;11892;KIT POTE RASO COLORATTO COM 3 PECAS - 500ML;Linha Coloratto;0.195;0.19;PC;6
131.012.009;13985;FRASQUEIRA MEDICAMENTOS - VERMELHA 2,2L;Linha Frasqueiras;0.2605;0.258;PC;12
259.012.086;11937;CAIXA ORGANIZADORA BAIXA RATTAN COM TAMPA - CHUMBO 3,2L;Linha Organização;0.2025;0.2;PC;12
427.024.002;8024;ESCORREDOR QUADRADO - BRANCO;Decor-Chef;0.18125;0.18;PC;24
155.012.003;13979;POTE ALTO COM TRAVAS - PRETO 850ML;Linha Potes;0.0825;0.08;PC;12
233.012.003;14036;POTE RASO COM TRAVAS - PRETO 1,1L;Linha Potes;0.1025;0.1;PC;12
384.012.001;8735;ORGANIZADOR PEQUENO MODULAR - TRANSPARENTE 400ML;Linha Organização;0.5515;0.549;PC;12
352.012.001;6100;KIT POTES MODULARES COM 3 PECAS - TRANSPARENTE 450ML;Linha Potes;0.0725;0.07;PC;12
686.004.M00;12045;TABUA DE SERVIR TECA COM 3 MOLHEIRAS;Teca Petisqueira;0.830676;0.830676;PC;4
191.012.003;14008;POTE COM 2 DIVISORIAS - PRETO 720ML;Linha Potes;0.1025;0.1;PC;12
301.012.003;14055;POTE RASO RETANGULAR - PRETO 950ML;Linha Potes;0.0925;0.09;PC;12
207.012.547;4289;JARRA MEDIDORA TOP MIX - VERMELHO 850ML;Linha Jarras;0.0825;0.08;PC;12
384.012.002;8646;ORGANIZADOR PEQUENO MODULAR - BRANCO 400ML;Linha Organização;0.5515;0.549;PC;12
3770.012.003;14060;POTE QUADRADO COM TRAVAS - PRETO 1,8L;Linha Potes;0.1325;0.13;PC;12
390.012.M00;8865;TABUA COM CABO TECA - P;Teca Tábuas;0.455328;0.455328;PC;12
232.012.003;14037;POTE RASO COM TRAVAS - PRETO 500ML;Linha Potes;0.0725;0.07;PC;12
453.012.086;11998;LIXEIRA RATTAN COM CLIQUE - CHUMBO 4,5L;Linha Lixeiras;0.2425;0.24;PC;12
820.006.002;12065;ESCORREDOR DE PRATOS FLAT - BRANCO;Linha Cozinha;0.4965;0.4915;PC;6
235.012.003;6633;POTE ACOPLADO PRETO C/ROSCA 500ML;Linha Potes;0.0625;0.06;PC;12
547.012.003;9882;PORTA ALGODAO E COTONETE FLAT - PRETO;Linha Banheiro;0.0475;0.045;PC;12
547.012.002;9881;PORTA ALGODAO E COTONETE FLAT - BRANCO;Linha Banheiro;0.0475;0.045;PC;12
3780.012.003;14035;POTE QUADRADO COM TRAVAS - PRETO 860ML;Linha Potes;0.0725;0.07;PC;12
382.012.001;8733;Organizador Quadrado Modular - Transparente 900ml;Linha Organização;0.5515;0.549;PC;12
625.002.M00;10874;TABUA MULTIUSO MADEIRA TECA GRANDE GOURMET;Teca Tábuas;2.68863;2.68863;PC;2
188.012.086;11876;ESCORREDOR DE PRATOS SUPER PRATICO - CHUMBO;Linha Cozinha;0.2425;0.24;PC;12
6120.006.P01;14076;KIT POP COM 6 POTES - TRANSPARENTE 500ML;POP;0.0736;0.073;CJ;6
154.012.003;13822;POTE ALTO COM TRAVAS - PRETO 460ML;Linha Potes;0.0525;0.05;PC;12
311.012.001;13821;MAMITA E POTE 2 EM 1 - TRANSPARENTE 780ML;Linha Potes;0.1225;0.12;PC;12
400.024.002;8037;ABRIDOR DE TAMPAS - BRANCO;Decor-Chef;0.18125;0.18;PC;24
054.004.003;11346;CESTO DE ROUPAS 47 LT COM ALCA;Linha Limpeza;1.3375;1.33;PC;4
820.006.003;12066;ESCORREDOR DE PRATOS FLAT - PRETO;Linha Cozinha;0.4965;0.4915;PC;6
236.012.668;13992;POTE CAFÉ ACOPLADO COM ROSCA - 1L;Linha Potes;0.0775;0.075;PC;12
382.012.003;8643;ORGANIZADOR QUADRADO MODULAR - PRETO 900ML;Linha Organização;0.5515;0.549;PC;12
429.024.002;8028;ESCORREDOR MEIA LUA - BRANCO;Decor-Chef;0.18125;0.18;PC;24
010.001.003;13998;CAIXA EXPOSITORA COM 40 KITS COM 10 CABIDES - PRETO;Linha Organização;0.1325;0.13;CJ;1
547.012.086;12010;PORTA ALGODAO E COTONETE FLAT - CHUMBO;Linha Banheiro;0.0475;0.045;PC;12
552.002.M02;12068;CESTO DE ROUPAS EMPILHAVEL COM TAMPA TECA - BRANCO 43,8L;Teca Organização;1.44305;1.44305;PC;2
207.012.002;9617;JARRA MEDIDORA TOP MIX - BRANCO 850ML;Linha Jarras;0.0825;0.08;PC;12
684.004.M00;12043;TABUA DE SERVIR TECA COM CABO E 2 MOLHEIRAS;Teca Petisqueira;0.9548;0.9548;PC;4
822.006.003;12071;ESCORREDOR DE TALHERES FLAT - PRETO;Linha Cozinha;0.07833;0.07333;PC;6
300.012.003;14128;POTE RASO RETANGULAR - PRETO 460ML;Linha Potes;0.0425;0.04;PC;12
689.004.M00;12048;TABUA SERVIR TECA COM CABO E 1 MOLHEIRA;Teca Petisqueira;0.725648;0.725648;PC;4
822.006.002;12070;ESCORREDOR DE TALHERES FLAT - BRANCO;Linha Cozinha;0.07833;0.07333;PC;6
562.004.M00;9967;TABUA DE PIZZA COM CABO TECA;Teca Tábuas;2.232;2.232;PC;4
034.012.003;14007;POTE MONACO COM 3 DIVISORIAS - PRETO 1L;Linha Potes;0.1325;0.13;PC;12
205.012.003;13819;POTE RETANGULAR FIT - PRETO 450ML;Linha Potes;0.0525;0.05;PC;12
319.006.P01;14058;KIT POP COM 6 POTES QUADRADOS - TRANSPARENTE 250ML;POP;0.0425;0.04;CJ;6
382.012.002;8642;ORGANIZADOR QUADRADO MODULAR - BRANCO 900ML;Linha Organização;0.5515;0.549;PC;12
555.012.003;14043;POTE COM TAMPA FIXA - PRETO 600ML;Linha Potes;0.05917;0.05667;PC;12
380.024.003;14013;ORGANIZADOR MINI MODULAR - PRETO 150ML;Linha Organização;0.549;0.549;PC;12
317.006.P01;14057;KIT POP COM 5 MARMITAS FITS - TRANSPARENTE 500ML;POP;0.1125;0.11;CJ;6
321.012.003;6671;POTE MODULAR - PRETO 800ML;Linha Potes;0.1265;0.124;PC;12
231.006.P01;14052;KIT POP COM 6 POTES RETANGULAR - TRANSPARENTE 270ML;POP;0.0425;0.04;CJ;6
380.024.002;14012;ORGANIZADOR MINI MODULAR - BRANCO 150ML;Linha Organização;0.549;0.549;PC;24
2290.012.003;14152;POTE REDONDO COM TRAVAS - PRETO 450ML;Linha Potes;0.0525;0.05;PC;12
2500.012.003;14040;POTE ALTO RETANGULAR - PRETO 868ML;Linha Potes;0.0725;0.07;PC;12
167.010.003;14006;CABIDE STILL COM 10 PECAS - PRETO;Linha Organização;0.1525;0.15;CJ;12
682.004.M00;12041;PETISQUEIRA TECA COM 3 MOLHEIRAS;Teca Petisqueira;0.294078;0.294078;PC;4
429.024.003;8029;ESCORREDOR MEIA LUA - PRETO;Decor-Chef;0.18125;0.18;PC;24
235.012.671;14153;POTE ACOPLADO PRETO C/ROSCA - SAL 500ML;Linha Potes;0.0625;0.06;PC;12
227.036.998;14064;COPO INFANTIL COM ALCA - SORTIDO 320ML;Linha Infantil;0.045833;0.045;PC;36
2280.012.003;13810;POTE REDONDO COM TRAVAS - PRETO 1,1L;Linha Potes;0.0825;0.08;PC;12
236.012.672;13996;POTE AÇUCAR ACOPLADO COM ROSCA - 1L;Linha Potes;0.0775;0.075;PC;12
351.012.003;6665;KIT POTES MODULARES COM 3 PECAS - PRETO 250ML;Linha Potes;0.0395;0.037;CJ;12
231.012.003;13997;POTE RASO COM TRAVAS - PRETO 270ML;Linha Potes;0.0425;0.04;PC;12
3790.012.003;14061;POTE QUADRADO COM TRAVAS - PRETO 360ML;Linha Potes;0.0425;0.04;PC;12
205.006.P01;14075;KIT POP COM 6 POTES FITS - TRANSPARENTE 450ML;POP;0.0525;0.05;CJ;6
317.012.003;14140;MARMITA FIT - PRETO 500ML;Linha Potes;0.1125;0.11;PC;12
3760.012.003;14059;POTE QUADRADO COM TRAVAS - PRETO 3,7L;Linha Potes;0.2015;0.199;PC;12
556.012.003;14062;POTE COM TAMPA FIXA - PRETO 1L;Linha Potes;0.00858;0.00833;PC;12
323.006.003;6667;POTE MODULAR - PRETO 2,4L;Linha Potes;0.199;0.194;PC;6
010.010.003;13999;CABIDE COM 10 PECAS - PRETO;Linha Organização;0.1325;0.13;CJ;10
555.006.P01;14073;KIT POP COM 6 POTES - TRANSPARENTE 600ML;POP;0.05917;0.05667;CJ;6
319.012.003;6669;POTE MODULAR - PRETO 250ML;Linha Potes;0.0395;0.037;PC;12
685.004.M00;12044;TABUA DE SERVIR TECA COM 1 MOLHEIRA;Teca Petisqueira;0.721556;0.721556;PC;4
241.006.P01;14053;KIT POP COM 6 POTES COM VALVULA - TRANSPARENTE 460ML;POP;0.06425;0.063;CJ;6
563.004.M00;9968;TABUA DE PIZZA BROTINHO COM CABO TECA;Teca Tábuas;1.85814;1.85814;PC;4
554.006.P01;14072;KIT POP COM 6 POTES - TRANSPARENTE 330ML;POP;0.0175;0.015;CJ;6
303.012.003;14056;POTE RASO RETANGULAR - PRETO 3,2L;Linha Potes;0.2325;0.23;PC;12
184.010.003;13820;CABIDE COM 10 PECAS - PRETO;Linha Infantil;0.031875;0.03;CJ;10
552.002.M03;12069;CESTO DE ROUPAS EMPILHAVEL COM TAMPA TECA - PRETO 43,8L;Teca Organização;1.945;1.93;PC;2
550.036.999;14068;CANECA COM TAMPA SORTIDA 350ML;Linha Realce;0.0479;0.0454;PC;36
822.006.086;12072;ESCORREDOR DE TALHERES FLAT - CHUMBO;Linha Cozinha;0.07833;0.07333;PC;6
320.012.003;6672;POTE MODULAR - PRETO 450ML;Linha Potes;0.0735;0.071;PC;12
683.004.M00;12042;PETISQUEIRA TECA COM 2 MOLHEIRAS;Teca Petisqueira;0.198053;0.198053;PC;4
3790.006.P01;14071;KIT POP 6 POTES QUADRADOS - TRASNPARENTE 360ML;POP;0.0425;0.04;CJ;6
554.012.003;14042;POTE COM TAMPA FIXA - PRETO 330ML;Linha Potes;0.0175;0.015;PC;12
820.006.086;12067;ESCORREDOR DE PRATOS FLAT - CHUMBO;Linha Cozinha;0.4965;0.4915;PC;6
236.012.671;13995;POTE FEIJÃO ACOPLADO COM ROSCA - 1L;Linha Potes;0.0775;0.075;PC;12
236.012.669;13993;POTE ARROZ ACOPLADO COM ROSCA - 1L;Linha Potes;0.0775;0.075;PC;12
550.036.998;14067;CANECA SEM TAMPA SORTIDA 350ML;Linha Realce;0.0479;0.0454;PC;36
438.006.M00;14161;TABUA DE CORTE TECA EXTRA G;Teca Tábuas;1.92324;1.92324;PC;6
380.024.001;14011;ORGANIZADOR MINI MODULAR - TRANSPARENTE 150ML;Linha Organização;0.549;0.549;PC;24
549.024.999;14066;COPO COM TAMPA SORTIDO 600ML;Linha Realce;0.0597;0.0572;PC;24
190.012.003;14070;KIT POTES ALTOS COM TRAVAS E 3 PECAS - PRETO;Linha Potes;0.2245;0.222;CJ;12
549.024.998;14065;COPO SEM TAMPA SORTIDO 600ML;Linha Realce;0.0597;0.0572;PC;24
236.012.670;13994;POTE FARINHA ACOPLADO COM ROSCA - 1L;Linha Potes;0.0775;0.075;PC;12
821.004.003;14074;KIT POTE TAMPA FIXA COM 3 PECAS - PRETO;Linha Potes;0.185;0.1775;CJ;4
856.004.N03;14179;PRATELEIRA MULTIUSO G 3P;Nitron Mob;0.53;0.525;PC;4
857.004.N03;14182;PRATELEIRA MULTIUSO G 4P;Nitron Mob;0.53;0.525;PC;4
860.004.N03;14181;PRATELEIRA MULTIUSO M 4P;Nitron Mob;0.53;0.525;PC;4
863.004.N03;14180;PRATELEIRA MULTIUSO P 4P;Nitron Mob;0.53;0.525;PC;4
443.006.M00;14169;TABUA DE CORTE G COM ALÇA DE METAL;Teca Tábuas;1.44584;1.44584;PC;6
852.004.N03;14173;SAPATEIRA GRANDE;Nitron Mob;0.53;0.525;PC;4
859.004.N03;14176;PRATELEIRA MULTIUSO M 3P;Nitron Mob;0.53;0.525;PC;4
862.004.N03;14175;PRATELEIRA MULTIUSO P 3P;Nitron Mob;0.53;0.525;PC;4
855.004.N03;14178;PRATELEIRA MULTIUSO G 2P;Nitron Mob;0.53;0.525;PC;4
858.004.N03;14177;PRATELEIRA MULTIUSO M 2P;Nitron Mob;0.53;0.525;PC;4
861.004.N03;14174;PRATELEIRA MULTIUSO P 2P;Nitron Mob;0.53;0.525;PC;4
851.004.N03;14172;SAPATEIRA PEQUENA;Nitron Mob;0.53;0.525;PC;4
006.030.998;14063;COPO BABY COM TAMPA - CACHORRO/PANDA 250ML;Linha Infantil;0.032;0.031;PC;30
695.002.M00;14164;TABUA MULTIUSO MADEIRA TECA QUADRADA GOURMET;Teca Tábuas;1.888443;1.888443;PC;2
850.004.N03;14170;ARARA DE ROUPA NITRON-MOB;Nitron Mob;0.53;0.525;PC;4
853.004.N03;14171;KIT SUPORTE DECORATIVO (M);Nitron Mob;0.53;0.525;PC;4
