parede,modulo,prateleira,altura_face_mm,zona,vao_livre_mm,ordem,referencia,nome,categoria,frente_mm,profundidade_min_mm,altura_mm,faturamento_12m,clientes
sul,1,6,1409,olhos,247,1,408.012.002,Kit Churros Fácil,DECOR,165,285,235,606220.53,839
sul,1,7,1671,olhos,222,1,400.024.002,Abridor de Tampas Apertadas,DECOR,50,285,30,8518.06,57
sul,1,7,1671,olhos,222,2,403.024.002,Kit Biscoito Fácil,DECOR,60,285,165,39581.35,113
sul,1,7,1671,olhos,222,3,419.024.002,Cortador de Batatas,DECOR,110,285,35,46023.6,99
sul,1,7,1671,olhos,222,4,421.024.002,Cortador e Ralador de Legumes,DECOR,80,285,23,62466.41,341
sul,1,7,1671,olhos,222,5,422.024.002,Kit Decorador de Bolo com 7 Peças,DECOR,50,285,200,28531.44,77
sul,1,7,1671,olhos,222,6,423.024.002,Cj. Bico Russo Confeiteiro com 5 Peças,DECOR,32,285,30,16165.4,66
sul,2,5,1148,maos,247,1,3790.006.P01,Kit POP - 6 Potes Quadrados,POP,113,285,58,2225.98,16
sul,2,6,1409,olhos,247,1,205.006.P01,Kit POP - 6 Potes Fits,POP,78,285,207,3756.9,17
sul,2,6,1409,olhos,247,2,241.006.P01,Kit POP - 6 Potes com Válvula,POP,117,285,40,2919.48,13
sul,2,6,1409,olhos,247,3,554.006.P01,Kit POP - 6 Potes Tampas Fixa,POP,80,285,60,2853.84,15
sul,2,6,1409,olhos,247,4,555.006.P01,Kit POP - 6 Potes Tampas Fixa,POP,105,285,65,3417.42,17
sul,2,7,1671,olhos,222,1,231.006.P01,Kit POP - 6 Potes com Travas,POP,100,285,40,4649.29,20
sul,2,7,1671,olhos,222,2,317.006.P01,Kit POP com 5 Marmitas Fits,POP,100,285,62,4937.94,14
sul,2,7,1671,olhos,222,3,319.006.P01,Kit POP - 6 Potes Quadrados,POP,78,285,69,5268.0,20
sul,2,7,1671,olhos,222,4,6120.006.P01,Kit POP - 6 Potes Retangulares,POP,112,285,78,9045.18,23
sul,3,5,1148,maos,247,1,269.004.M02,Caixa Juta Europa com Tampa Teca,TECA,240,372,192,38883.55,63
sul,3,5,1148,maos,247,2,269.004.M03,Caixa Juta Europa com Tampa Teca,TECA,240,372,192,36331.98,63
sul,3,6,1409,olhos,247,1,702.006.001,Organizador de Geladeira Rattan,GELADEIRA,195,285,82,36026.24,332
sul,3,6,1409,olhos,247,2,712.012.001,Organizador de Geladeira Flat,GELADEIRA,115,285,108,14333.64,132
sul,3,6,1409,olhos,247,3,713.012.001,Organizador de Geladeira Flat,GELADEIRA,175,285,107,16532.98,132
sul,3,7,1671,olhos,222,1,701.006.001,Organizador de Geladeira Rattan,GELADEIRA,220,372,82,54377.4,361
sul,3,7,1671,olhos,222,2,703.006.001,Organizador de Geladeira Rattan,GELADEIRA,195,285,104,64018.19,389
sul,3,7,1671,olhos,222,3,705.006.001,Organziador de Geladeira Juta,GELADEIRA,132,285,118,65296.42,382
sul,3,7,1671,olhos,222,4,706.006.001,Organziador de Geladeira Juta,GELADEIRA,100,285,87,43999.05,333
sul,4,4,886,maos,247,1,136.024.001,Travessa Micro-ondas c/Tampa,MICRO-ONDAS,208,372,92,23946.37,107
sul,4,4,886,maos,247,2,250.024.009,"Cacarola Micro-Ondas Com Cesto - Transparente 1,5L (250)",MICRO-ONDAS,175,285,100,24025.58,91
sul,4,4,886,maos,247,3,251.012.001,Caçarola Mini Micro-ondas,MICRO-ONDAS,140,285,90,46875.42,345
sul,4,5,1148,maos,247,1,020.024.001,Micro-ondas com Tampa,MICRO-ONDAS,235,285,70,72721.12,1342
sul,4,5,1148,maos,247,2,045.012.001,Micro-ondas com Tampa,MICRO-ONDAS,237,285,100,73024.85,281
sul,4,5,1148,maos,247,3,229.012.001,Cook Freezer com Cesto,MICRO-ONDAS,237,285,102,98439.49,254
sul,4,6,1409,olhos,247,1,178.024.001,Caçarola Micro-ondas,MICRO-ONDAS,175,285,100,156472.99,440
sul,4,6,1409,olhos,247,2,194.012.009,Micro-ondas com Cesto,MICRO-ONDAS,220,285,152,124068.22,355
sul,4,6,1409,olhos,247,3,240.024.001,Cook Freezer Micro-ondas,MICRO-ONDAS,237,285,102,190420.59,280
sul,4,7,1671,olhos,222,1,135.024.001,Tampa para Micro-ondas,MICRO-ONDAS,255,285,68,355308.6,1044
sul,4,7,1671,olhos,222,2,146.024.001,Forma de Ovos e Omeleteira Micro-ondas,MICRO-ONDAS,150,285,60,253547.82,644
sul,4,7,1671,olhos,222,3,149.024.001,Micro-ondas,MICRO-ONDAS,220,285,152,322251.72,670
sul,5,4,886,maos,247,1,112.012.547,Jarra Medidora Top Mix,JARRAS,85,285,160,24092.6,197
sul,5,4,886,maos,247,2,112.012.002,Jarra Medidora Top Mix,JARRAS,85,285,160,19837.11,180
sul,5,4,886,maos,247,3,207.024.001,Jarra Medidora Top Mix,JARRAS,99,285,177,63572.11,361
sul,5,4,886,maos,247,4,207.012.547,Jarra Medidora Top Mix,JARRAS,99,285,177,11127.59,114
sul,5,4,886,maos,247,5,207.012.002,Jarra Medidora Top Mix,JARRAS,99,285,177,5847.32,70
sul,5,5,1148,maos,247,1,064.012.547,Jarra com Tubo para Gelo,JARRAS,145,285,199,78084.59,190
sul,5,5,1148,maos,247,2,064.012.002,Jarra com Tubo para Gelo,JARRAS,145,285,199,37953.53,191
sul,5,5,1148,maos,247,3,088.012.547,Jarra com Tampa,JARRAS,130,285,174,45238.89,303
sul,5,5,1148,maos,247,4,088.012.002,Jarra com Tampa,JARRAS,130,285,174,19934.76,193
sul,5,5,1148,maos,247,5,222.012.546,Jarra com Tampa Flip Top,JARRAS,100,285,155,97949.86,505
sul,5,5,1148,maos,247,6,222.012.002,Jarra com Tampa Flip Top,JARRAS,100,285,155,43555.84,342
sul,5,6,1409,olhos,247,1,033.012.547,Jarra com Espremedor,JARRAS,145,285,218,133967.58,464
sul,5,6,1409,olhos,247,2,033.012.002,Jarra com Espremedor,JARRAS,145,285,218,51657.43,298
sul,5,6,1409,olhos,247,3,111.012.549,Espremedor Portátil Fit,JARRAS,95,285,167,186127.74,615
sul,5,6,1409,olhos,247,4,111.012.002,Espremedor Portátil Fit,JARRAS,95,285,167,59739.31,337
sul,5,6,1409,olhos,247,5,114.012.547,Espremedor Portátil Fit,JARRAS,132,285,110,143892.79,641
sul,5,6,1409,olhos,247,6,114.012.002,Jarrinhs com Espremedor,JARRAS,132,285,110,50664.54,524
sul,5,7,1671,olhos,222,1,032.012.547,Jarra com Tampa,JARRAS,145,285,199,304681.58,849
sul,5,7,1671,olhos,222,2,032.012.002,Jarra com Tampa,JARRAS,145,285,199,140806.36,681
sul,5,7,1671,olhos,222,3,078.036.001,Forma De Gelo Firenze (078),JARRAS,107,285,38,153793.64,552
sul,5,7,1671,olhos,222,4,153.012.546,Jarra com Tampa Flip Top,JARRAS,100,285,215,319913.49,868
sul,5,7,1671,olhos,222,5,153.012.002,Jarra com Tampa Flip Top,JARRAS,100,285,215,191484.03,715
sul,5,7,1671,olhos,222,6,255.036.016,Firenze com Tampa,JARRAS,119,372,39,594517.32,826
sul,6,4,886,maos,247,1,188.012.003,Super Prático,COZINHA,267,372,108,33554.56,217
sul,6,4,886,maos,247,2,188.012.002,Super Prático,COZINHA,265,372,105,19552.42,125
sul,6,4,886,maos,247,3,307.006.520,"Travessa Oval Canelada Com Tampa - Branca 2,5L",COZINHA,185,372,89,30872.75,275
sul,6,5,1148,maos,247,1,077.012.003,Escorredor Ideal,COZINHA,240,285,100,104979.63,818
sul,6,5,1148,maos,247,2,077.012.002,Escorredor Ideal,COZINHA,240,285,100,94377.4,620
sul,6,5,1148,maos,247,3,090.012.003,Açucareiro Doçura,COZINHA,110,285,132,117361.91,761
sul,6,5,1148,maos,247,4,090.012.002,Saleiro Rubi,COZINHA,110,285,132,89756.36,546
sul,6,6,1409,olhos,247,1,002.036.002,Tábua Popular,COZINHA,207,372,4,140381.74,192
sul,6,6,1409,olhos,247,2,224.012.003,Porta Talher Escorre e Guarda,COZINHA,95,285,240,288745.52,848
sul,6,6,1409,olhos,247,3,224.012.002,Porta Talher Escorre e Guarda,COZINHA,95,285,240,123104.88,565
sul,6,6,1409,olhos,247,4,224.012.086,Porta Talher Escorre e Guarda,COZINHA,95,285,240,67987.2,256
sul,6,6,1409,olhos,247,5,545.012.003,Porta Detergente e Esponja Flat,COZINHA,87,285,60,143479.86,684
sul,6,6,1409,olhos,247,6,545.012.002,Porta Detergente e Esponja Flat,COZINHA,87,285,60,61751.11,447
sul,6,6,1409,olhos,247,7,545.012.086,Porta Detergente e Esponja Flat,COZINHA,87,285,60,30993.78,300
sul,6,7,1671,olhos,222,1,144.006.003,Porta Talher com 6 Divisórias e Tampa,COZINHA,290,372,50,434598.16,1138
sul,6,7,1671,olhos,222,2,144.006.002,Porta Talher com 6 Divisórias e Tampa,COZINHA,290,372,50,407369.62,1048
sul,6,7,1671,olhos,222,3,4010.012.003,Açucareiro com Tampa,COZINHA,79,285,159,116174.66,635
sul,6,7,1671,olhos,222,4,4030.012.003,Porta Farofa com Tampa,COZINHA,79,285,159,269314.02,1509
sul,7,4,886,maos,247,1,427.024.003,Escorredor Quadrado,COZINHA,242,285,110,21523.56,51
sul,7,4,886,maos,247,2,427.024.002,Escorredor Quadrado,COZINHA,242,285,110,12087.99,55
sul,7,4,886,maos,247,3,429.024.002,Escorredor Meia Lua,COZINHA,120,372,11,7350.66,36
sul,7,4,886,maos,247,4,429.024.003,Escorredor Meia Lua,COZINHA,120,372,11,4201.64,26
sul,7,5,1148,maos,247,1,028.012.003,Escorredor de Arroz Tradicional,COZINHA,220,285,160,100491.69,944
sul,7,5,1148,maos,247,2,028.012.002,Escorredor de Arroz Tradicional,COZINHA,220,285,160,84637.74,580
sul,7,5,1148,maos,247,3,553.012.003,Porta Sabonete Líquido Flat,COZINHA,79,285,160,102701.29,601
sul,7,5,1148,maos,247,4,553.012.002,Porta Sabonete Líquido Flat,COZINHA,79,285,160,65988.77,451
sul,7,5,1148,maos,247,5,553.012.086,Porta Sabonete Líquido Flat,COZINHA,79,285,160,28412.71,246
sul,7,6,1409,olhos,247,1,070.006.003,Escorredor Luxo,COZINHA,278,372,145,144426.93,847
sul,7,6,1409,olhos,247,2,070.006.002,Escorredor Luxo,COZINHA,278,372,145,126866.3,683
sul,7,6,1409,olhos,247,3,2231.024.009,Porta Frios com Tela,COZINHA,180,285,90,136231.61,297
sul,7,7,1671,olhos,222,1,046.012.003,Porta Óleo Itália,COZINHA,88,285,162,438457.13,1746
sul,7,7,1671,olhos,222,2,046.012.002,Porta Óleo Itália,COZINHA,88,285,162,173136.58,1038
sul,7,7,1671,olhos,222,3,133.012.003,Porta Detergente Rattan com Base,COZINHA,105,285,70,522953.07,1380
sul,7,7,1671,olhos,222,4,133.012.002,Porta Detergente Rattan com Base,COZINHA,105,285,70,174333.14,835
sul,7,7,1671,olhos,222,5,133.012.086,Porta Detergente Rattan com Base,COZINHA,105,285,70,89583.68,493
sul,7,7,1671,olhos,222,6,920.004.003,Kit Detergente Flat com 2 Peças,COZINHA,86,285,163,320244.62,818
sul,7,7,1671,olhos,222,7,920.004.002,Kit Detergente Flat com 2 Peças,COZINHA,86,285,163,115282.55,509
sul,7,7,1671,olhos,222,8,920.004.086,Kit Detergente Flat com 2 Peças,COZINHA,86,285,163,109006.56,422
sul,8,4,886,maos,247,1,188.012.086,Super Prático,COZINHA,267,372,108,9196.31,59
sul,8,4,886,maos,247,2,822.006.003,Escorredor de Talheres Flat,COZINHA,100,285,100,5729.24,93
sul,8,4,886,maos,247,3,822.006.002,Escorredor de Talheres Flat,COZINHA,100,285,100,5554.8,98
sul,8,4,886,maos,247,4,822.006.086,Escorredor de Talheres Flat,COZINHA,100,285,100,2570.59,53
sul,8,5,1148,maos,247,1,018.030.002,Tábua Multiuso,COZINHA,205,372,4,100928.92,193
sul,8,5,1148,maos,247,2,2232.012.009,Porta Frios Duplo Com Tela (223/2),COZINHA,180,285,50,94177.74,232
sul,8,5,1148,maos,247,3,305.006.520,Travessa Oval Canelada Com Tampa - Branca 650Ml,COZINHA,110,285,60,19745.26,229
sul,8,5,1148,maos,247,4,348.012.576,Porta Presunto Com Tela,COZINHA,120,285,40,83673.17,371
sul,8,5,1148,maos,247,5,350.012.577,Porta Frios com Tela,COZINHA,120,285,40,96263.89,438
sul,8,6,1409,olhos,247,1,096.012.003,Escorredor de Pratos Rattan,COZINHA,222,372,98,191514.17,337
sul,8,6,1409,olhos,247,2,096.012.002,Escorredor de Pratos Rattan,COZINHA,222,372,98,63400.83,213
sul,8,6,1409,olhos,247,3,096.012.086,Escorredor de Pratos Rattan,COZINHA,218,372,98,14771.65,77
sul,8,7,1671,olhos,222,1,044.012.005,Porta Leite de Saquinho,COZINHA,120,285,150,201220.37,800
sul,8,7,1671,olhos,222,2,060.012.003,Porta Talher Paris com 4 Divisórias e Tampa,COZINHA,210,372,50,318592.55,1054
sul,8,7,1671,olhos,222,3,060.012.002,Porta Talher Paris com 4 Divisórias e Tampa,COZINHA,210,372,50,250288.25,1026
sul,8,7,1671,olhos,222,4,179.024.001,Porta Frios com Pinça,COZINHA,175,285,53,498382.64,775
sul,9,5,1148,maos,247,1,015.012.003,Ralador Pratic com Pote,COZINHA,115,285,54,28124.98,249
sul,9,5,1148,maos,247,2,015.012.002,Ralador Pratic Com Pote - Branco 420Ml,COZINHA,115,285,54,18538.47,160
sul,9,5,1148,maos,247,3,121.012.003,Escorredor de Arroz Caribe,COZINHA,165,285,147,43265.69,491
sul,9,5,1148,maos,247,4,121.012.002,Escorredor de Arroz Caribe,COZINHA,165,285,147,26288.19,309
sul,9,5,1148,maos,247,5,458.024.002,Porta Leite de Saquinho,COZINHA,65,285,161,29783.83,71
sul,9,5,1148,maos,247,6,458.024.003,Porta Leite de Saquinho,COZINHA,65,285,161,17007.55,93
sul,9,6,1409,olhos,247,1,169.012.003,Boleira Barcelona com Alça,COZINHA,305,372,132,140617.5,525
sul,9,6,1409,olhos,247,2,169.012.002,Boleira Barcelona com Alça,COZINHA,305,372,132,109802.85,389
sul,9,6,1409,olhos,247,3,349.012.575,Porta Queijo com Tela,COZINHA,120,285,40,104997.34,406
sul,9,7,1671,olhos,222,1,023.030.002,Ralador com 4 Faces,COZINHA,104,285,192,182716.25,349
sul,9,7,1671,olhos,222,2,051.012.003,Porta Detergente 3 Em 1 - Preto (051/P),COZINHA,120,285,65,230461.39,1296
sul,9,7,1671,olhos,222,3,051.012.002,Porta Detergente 3 Em 1 - Branco (051/B),COZINHA,102,285,65,86647.64,650
sul,9,7,1671,olhos,222,4,051.012.086,Porta Detergente 3 Em 1 - Chumbo,COZINHA,120,285,65,41706.07,303
sul,9,7,1671,olhos,222,5,221.012.003,Saleiro Premier com Alça,COZINHA,110,285,132,200087.68,632
sul,9,7,1671,olhos,222,6,221.012.002,Saleiro Premier com Alça,COZINHA,110,285,132,73673.44,346
sul,9,7,1671,olhos,222,7,4040.012.003,Saleiro com Tampa,COZINHA,79,285,159,65973.69,597
sul,10,5,1148,maos,247,1,094.012.003,Açucareiro Doçura,COZINHA,90,285,94,17774.27,348
sul,10,5,1148,maos,247,2,094.012.002,Açucareiro Doçura,COZINHA,90,285,94,17357.87,283
sul,10,5,1148,maos,247,3,129.012.003,Porta Talher Stillo com 4 Divisórias,COZINHA,215,372,42,28898.46,315
sul,10,5,1148,maos,247,4,129.012.002,Porta Talher Stillo com 4 Divisórias,COZINHA,215,372,42,26672.12,297
sul,10,5,1148,maos,247,5,369.006.001,Kit Porta Frios Com 3 Pecas,COZINHA,120,285,120,14592.02,62
sul,10,6,1409,olhos,247,1,016.012.003,Talheres Max,COZINHA,116,285,135,131079.78,957
sul,10,6,1409,olhos,247,2,016.012.002,Talheres Max,COZINHA,115,285,135,60055.6,576
sul,10,6,1409,olhos,247,3,016.012.086,Talheres Max,COZINHA,116,285,135,29299.15,308
sul,10,6,1409,olhos,247,4,067.012.003,Saleiro Premier com Alça,COZINHA,110,285,120,145218.67,794
sul,10,6,1409,olhos,247,5,067.012.002,Saleiro - Transparente E Branco,COZINHA,110,285,120,77301.01,668
sul,10,6,1409,olhos,247,6,306.006.520,"Travessa Oval Canelada Com Tampa - Branca 1,2L",COZINHA,145,285,73,123991.77,476
sul,10,7,1671,olhos,222,1,055.012.003,Escorredor Multiuso,COZINHA,215,285,190,248395.68,579
sul,10,7,1671,olhos,222,2,055.012.002,Escorredor Multiuso,COZINHA,215,285,190,64323.58,282
sul,10,7,1671,olhos,222,3,116.012.003,Porta Detergente Com Telinha - Preto (116/P),COZINHA,105,285,65,162300.53,897
sul,10,7,1671,olhos,222,4,116.012.002,Porta Detergente Com Telinha - Branco (116/B),COZINHA,105,285,65,83941.86,636
sul,10,7,1671,olhos,222,5,116.012.086,Porta Detergente Com Telinha - Chumbo,COZINHA,105,285,65,21816.46,245
sul,11,3,624,chao,247,1,124.012.003,Com Bandeja e Talheres,POTES,125,285,60,30854.7,158
sul,11,3,624,chao,247,2,176.024.001,Marmita Due c/ Div Móvel,POTES,119,285,57,31796.35,156
sul,11,3,624,chao,247,3,197.024.010,Pote com Travas e 2 Div.,POTES,119,285,57,25836.6,160
sul,11,3,624,chao,247,4,203.006.003,Pote Ultraforte com Travas,POTES,200,372,105,26459.44,154
sul,11,3,624,chao,247,5,353.006.003,Kit Potes Modulares com 6 Peças,POTES,145,285,73,32623.56,24
sul,11,4,886,maos,247,1,2280.012.001,Pote Redondo com Travas,POTES,165,285,81,77902.76,379
sul,11,4,886,maos,247,2,2280.012.003,Pote Redondo com Travas,POTES,165,285,81,3954.96,48
sul,11,4,886,maos,247,3,2290.006.862,Coloratto com 3 Peças,POTES,125,285,180,42059.06,171
sul,11,4,886,maos,247,4,2290.012.001,Pote Redondo com Travas,POTES,125,285,61,21719.79,264
sul,11,4,886,maos,247,5,2290.012.003,Pote Redondo com Travas,POTES,125,285,61,4306.8,68
sul,11,5,1148,maos,247,1,050.012.001,Pote Premier com 4 Divisórias,POTES,225,285,50,144018.86,497
sul,11,5,1148,maos,247,2,050.012.003,Pote Premier com 4 Divisórias,POTES,225,285,50,16743.48,87
sul,11,5,1148,maos,247,3,359.012.003,Pote Arroz Acoplado Com Rosca - 2L,POTES,140,285,179,128599.85,389
sul,11,5,1148,maos,247,4,360.012.003,Pote Feijao Acoplado Com Rosca - 2L,POTES,140,285,179,142422.77,540
sul,11,6,1409,olhos,247,1,152.006.003,Kit Mantimentos  5 Peças,POTES,230,285,225,299992.8,302
sul,11,6,1409,olhos,247,2,152.006.002,Kit Mantimentos  5 Peças,POTES,230,285,225,27493.02,105
sul,11,6,1409,olhos,247,3,216.012.003,Pote Ultraforte com Travas,POTES,200,372,105,212734.84,606
sul,11,6,1409,olhos,247,4,281.036.999,Pote Acoplado com Copo Medidor,POTES,60,285,97,103539.97,628
sul,11,7,1671,olhos,222,1,027.012.001,Porta Pão Armazena e Conserva,POTES,140,372,135,519707.0,1089
sul,11,7,1671,olhos,222,2,139.012.001,Pote com 3 Divisórias,POTES,140,285,65,312662.12,957
sul,11,7,1671,olhos,222,3,139.012.003,Pote com 3 Divisórias,POTES,140,285,65,20809.89,107
sul,11,7,1671,olhos,222,4,233.012.001,Pote Raso com Travas,POTES,140,285,70,334805.31,1114
sul,11,7,1671,olhos,222,5,233.012.003,Pote Raso com Travas,POTES,140,285,70,12046.8,103
sul,12,3,624,chao,247,1,190.012.001,Pote Alto com Travas,POTES,145,285,218,24459.0,80
sul,12,3,624,chao,247,2,190.012.003,Pote Alto com Travas,POTES,145,285,218,1140.12,5
sul,12,3,624,chao,247,3,361.012.003,Pote Farinha Acoplado Com Rosca - 2L,POTES,140,285,179,23619.99,232
sul,12,3,624,chao,247,4,821.004.001,Pote com Tampa Fixa,POTES,130,285,77,24905.44,84
sul,12,3,624,chao,247,5,821.004.003,Pote com Tampa Fixa,POTES,130,285,77,549.2,5
sul,12,4,886,maos,247,1,191.012.001,Pote com 2 Divisórias,POTES,170,285,67,52479.02,308
sul,12,4,886,maos,247,2,191.012.003,Pote com 2 Divisórias,POTES,170,285,67,11491.56,61
sul,12,4,886,maos,247,3,209.012.003,Marmita c/ Porta Talheres,POTES,110,285,64,41653.99,176
sul,12,4,886,maos,247,4,301.012.001,Pote Raso Retangular Raso,POTES,150,285,50,53979.69,441
sul,12,4,886,maos,247,5,301.012.003,Pote Raso Retangular Raso,POTES,150,285,50,11339.56,98
sul,12,5,1148,maos,247,1,239.012.001,Pote Acoplado Com Rosca - Transparente 3L,POTES,155,285,217,75341.37,308
sul,12,5,1148,maos,247,2,239.012.002,Pote Acoplado Com Rosca - Branco 3L,POTES,155,285,217,43119.56,171
sul,12,5,1148,maos,247,3,239.012.003,Pote Acoplado Preto C/Rosca 3L,POTES,155,285,217,20142.12,106
sul,12,5,1148,maos,247,4,317.012.001,Marmita Fit,POTES,100,285,62,110430.97,217
sul,12,5,1148,maos,247,5,317.012.003,Marmita Fit,POTES,127,285,68,3737.16,38
sul,12,6,1409,olhos,247,1,238.012.001,Pote Acoplado Com Rosca - Transparente 2L,POTES,140,285,179,181397.0,538
sul,12,6,1409,olhos,247,2,238.012.002,Pote Acoplado Branco C/Rosca 2L,POTES,140,285,178,37681.16,270
sul,12,6,1409,olhos,247,3,238.012.003,Pote Acoplado Preto C/Rosca 2L,POTES,140,285,178,15931.33,91
sul,12,6,1409,olhos,247,4,2590.012.001,Pote Alto Retangular,POTES,150,285,72,187616.03,671
sul,12,6,1409,olhos,247,5,2590.012.003,Pote Alto Retangular,POTES,150,285,72,41793.72,124
sul,12,7,1671,olhos,222,1,156.012.001,Pote Alto com Travas,POTES,140,285,120,275049.01,942
sul,12,7,1671,olhos,222,2,156.012.003,Pote Alto com Travas,POTES,140,285,120,15974.52,90
sul,12,7,1671,olhos,222,3,166.024.001,Porta Biscoitos e Torradas,POTES,91,285,89,255181.65,746
sul,12,7,1671,olhos,222,4,2580.012.001,Pote Alto Retangular,POTES,185,372,87,309665.81,868
sul,12,7,1671,olhos,222,5,2580.012.003,Pote Alto Retangular,POTES,185,372,87,15118.11,75
sul,13,3,624,chao,247,1,228.012.003,Pote c/ Travas Laterais,POTES,165,285,80,22305.54,208
sul,13,3,624,chao,247,2,236.012.671,Pote Feijão Acoplado Com Rosca - 1L,POTES,118,285,150,1981.44,25
sul,13,3,624,chao,247,3,236.012.669,Pote Arroz Acoplado Com Rosca - 1L,POTES,118,285,150,1779.96,24
sul,13,3,624,chao,247,4,236.012.670,Pote Farinha Acoplado Com Rosca - 1L,POTES,118,285,150,800.52,11
sul,13,3,624,chao,247,5,554.012.001,Pote com Tampa Fixa,POTES,80,285,60,17767.83,246
sul,13,3,624,chao,247,6,554.012.003,Pote com Tampa Fixa,POTES,80,285,60,2079.48,48
sul,13,4,886,maos,247,1,235.012.001,Pote Acoplado Com Rosca - Transparente 500Ml,POTES,118,285,82,27450.1,304
sul,13,4,886,maos,247,2,235.012.002,Pote Acoplado Com Rosca - Branco 500Ml,POTES,118,285,82,18563.1,169
sul,13,4,886,maos,247,3,235.012.003,Pote Acoplado Preto C/Rosca 500Ml,POTES,118,285,82,9735.2,106
sul,13,4,886,maos,247,4,235.012.671,Pote Acoplado Preto C/Rosca - Sal 500Ml,POTES,118,285,82,4076.4,66
sul,13,4,886,maos,247,5,2500.012.001,Pote Alto Retangular,POTES,119,285,66,46733.4,499
sul,13,4,886,maos,247,6,2500.012.003,Pote Alto Retangular,POTES,119,285,66,4268.28,59
sul,13,5,1148,maos,247,1,236.012.001,Pote Acoplado Com Rosca - Transparente 1L,POTES,118,285,150,52667.61,390
sul,13,5,1148,maos,247,2,236.012.002,Pote Acoplado Com Rosca - Branco 1L,POTES,118,285,150,39949.81,212
sul,13,5,1148,maos,247,3,236.012.003,Pote Acoplado Preto C/Rosca 1L,POTES,118,285,150,17715.38,127
sul,13,5,1148,maos,247,4,236.012.667,Pote Sal Grosso Acoplado Com Rosca - 1L (236/Sg),POTES,118,285,150,15039.17,156
sul,13,5,1148,maos,247,5,236.012.668,Pote Café Acoplado Com Rosca - 1L,POTES,118,285,150,7830.72,101
sul,13,5,1148,maos,247,6,236.012.672,Pote Açucar Acoplado Com Rosca - 1L,POTES,118,285,150,3933.0,51
sul,13,6,1409,olhos,247,1,2540.012.001,Kit Potes Altos com 3 pçs,POTES,210,372,101,203640.25,112
sul,13,6,1409,olhos,247,2,2540.012.003,Kit Potes Altos com 3 pçs,POTES,210,372,101,20552.88,20
sul,13,6,1409,olhos,247,3,3780.012.001,Pote Quadrado com Travas,POTES,145,285,73,158558.64,806
sul,13,6,1409,olhos,247,4,3780.012.003,Pote Quadrado com Travas,POTES,145,285,73,9537.04,98
sul,13,7,1671,olhos,222,1,215.012.003,Pote Ultraforte com Travas,POTES,165,285,87,289403.85,807
sul,13,7,1671,olhos,222,2,244.012.001,"Pote Raso Com Valvula - 3,2L (244)",POTES,210,372,72,284556.52,508
sul,13,7,1671,olhos,222,3,3770.012.001,Pote Quadrado com Travas,POTES,185,285,88,264644.58,723
sul,13,7,1671,olhos,222,4,3770.012.003,Pote Quadrado com Travas,POTES,185,285,88,10284.36,50
sul,14,3,624,chao,247,1,323.006.003,"Pote Modular - Preto 2,4L",POTES,235,285,108,3615.06,39
sul,14,4,886,maos,247,1,212.012.003,Pote com Travas e 2 Div.,POTES,130,285,60,46851.82,275
sul,14,4,886,maos,247,2,248.012.009,Pote Tomatinho Acoplado Com Rosca - 500Ml (248),POTES,118,285,82,48255.55,368
sul,14,4,886,maos,247,3,319.012.001,Pote Modular - Transparente 250Ml,POTES,78,285,69,42014.81,272
sul,14,4,886,maos,247,4,319.012.003,Pote Modular - Preto 250Ml,POTES,113,285,58,3236.4,48
sul,14,4,886,maos,247,5,556.012.001,Pote com Tampa Fixa,POTES,130,285,77,42673.55,331
sul,14,4,886,maos,247,6,556.012.003,Pote com Tampa Fixa,POTES,130,285,77,3700.44,41
sul,14,5,1148,maos,247,1,231.012.001,Pote Raso com Travas,POTES,100,285,40,80234.86,759
sul,14,5,1148,maos,247,2,231.006.861,Kit Pote Raso Coloratto Com 2 Pecas - 270Ml (289/K),POTES,96,285,80,23410.6,164
sul,14,5,1148,maos,247,3,231.006.862,Kit Pote Raso Coloratto Com 3 Pecas - 270Ml (291/K),POTES,96,285,120,18076.82,169
sul,14,5,1148,maos,247,4,231.012.003,Pote Raso com Travas,POTES,100,285,40,3795.92,67
sul,14,5,1148,maos,247,5,3790.012.001,Pote Quadrado com Travas,POTES,113,285,58,74723.58,692
sul,14,5,1148,maos,247,6,3790.006.862,Kit Pote Quadrado Coloratto Com 3 Pecas - 370Ml,POTES,110,285,116,35340.93,165
sul,14,5,1148,maos,247,7,3790.012.003,Pote Quadrado com Travas,POTES,113,285,58,3761.4,77
sul,14,6,1409,olhos,247,1,232.012.001,Pote Raso com Travas,POTES,110,285,50,183711.13,923
sul,14,6,1409,olhos,247,2,232.006.861,Kit Pote Raso Coloratto Com 2 Pecas - 500Ml,POTES,110,285,100,16980.72,141
sul,14,6,1409,olhos,247,3,232.006.862,Kit Pote Raso Coloratto Com 3 Pecas - 500Ml,POTES,110,285,150,12784.62,105
sul,14,6,1409,olhos,247,4,232.012.003,Pote Raso com Travas,POTES,110,285,50,10214.13,118
sul,14,6,1409,olhos,247,5,241.024.001,Pote Raso com Válvula,POTES,117,285,40,93939.12,423
sul,14,6,1409,olhos,247,6,818.012.001,"Pote Alto Com Valvula - Transparente 2,9L",POTES,190,372,90,163976.89,384
sul,14,7,1671,olhos,222,1,030.012.001,Pote Monterey com 3 Divisórias,POTES,212,285,55,250297.93,459
sul,14,7,1671,olhos,222,2,030.012.003,Pote Monterey com 3 Divisórias,POTES,212,285,55,25746.36,95
sul,14,7,1671,olhos,222,3,155.012.001,Pote Alto com Travas,POTES,110,285,90,227906.2,945
sul,14,7,1671,olhos,222,4,155.006.861,Kit Pote Alto Coloratto Com 2 Pecas - 850 Ml,POTES,110,285,180,13920.07,108
sul,14,7,1671,olhos,222,5,155.012.003,Pote Alto com Travas,POTES,110,285,90,12062.91,104
sul,15,4,886,maos,247,1,300.012.001,Pote Raso Retangular Raso,POTES,120,285,40,36798.57,352
sul,15,4,886,maos,247,2,300.012.003,Pote Raso Retangular Raso,POTES,120,285,40,5725.17,51
sul,15,4,886,maos,247,3,321.012.001,Pote Modular - Transparente 800Ml,POTES,110,285,100,35431.35,258
sul,15,4,886,maos,247,4,321.012.003,Pote Modular - Preto 800Ml,POTES,185,285,88,4867.21,57
sul,15,4,886,maos,247,5,352.012.001,Kit Potes Modulares com 3 Peças,POTES,93,285,231,11700.51,48
sul,15,4,886,maos,247,6,6120.050.001,Pote Raso com Travas,POTES,112,285,78,41338.23,213
sul,15,5,1148,maos,247,1,302.012.001,Pote Raso Retangular Raso,POTES,190,372,60,88924.57,386
sul,15,5,1148,maos,247,2,302.012.003,Pote Raso Retangular Raso,POTES,190,372,60,27256.68,67
sul,15,5,1148,maos,247,3,3840.016.003,Kit Pote Café e Açúcar,POTES,183,285,155,82918.9,140
sul,15,5,1148,maos,247,4,817.012.001,Pote Alto com Válvula,POTES,150,285,70,111682.0,364
sul,15,6,1409,olhos,247,1,075.024.001,Sanduicheira Pratic,POTES,125,285,70,83281.03,535
sul,15,6,1409,olhos,247,2,2270.012.001,Pote Redondo com Travas,POTES,205,285,101,110417.37,411
sul,15,6,1409,olhos,247,3,2270.012.003,Pote Redondo com Travas,POTES,205,285,101,94150.2,204
sul,15,6,1409,olhos,247,4,819.012.001,"Pote Alto Com Valvula - Transparente 4,6L",POTES,210,372,70,159834.31,302
sul,15,7,1671,olhos,222,1,103.024.003,Com Bandeja,POTES,125,285,60,250322.05,499
sul,15,7,1671,olhos,222,2,105.024.003,Marmita Bom Apetite Com Bandeija E Valvula - Preto 800Ml,POTES,127,285,70,248640.09,414
sul,15,7,1671,olhos,222,3,234.012.001,Pote Raso com Travas,POTES,180,285,80,236917.52,688
sul,15,7,1671,olhos,222,4,234.012.003,Pote Raso com Travas,POTES,180,285,80,18507.72,86
sul,15,7,1671,olhos,222,5,362.012.003,Pote Acucar Acoplado Com Rosca - 2L,POTES,140,285,179,248403.06,1001
sul,16,4,886,maos,247,1,157.024.009,Pote Alto com Travas,POTES,110,285,85,36913.5,195
sul,16,4,886,maos,247,2,279.012.024,Pote Alho Acoplado Com Rosca - 500Ml (279),POTES,118,285,82,36744.95,330
sul,16,4,886,maos,247,3,351.012.001,Kit Potes Modulares com 3 Peças,POTES,78,285,195,36282.03,102
sul,16,4,886,maos,247,4,351.012.003,Kit Potes Modulares com 3 Peças,POTES,113,285,58,3814.08,21
sul,16,4,886,maos,247,5,555.012.001,Pote com Tampa Fixa,POTES,105,285,65,30080.38,327
sul,16,4,886,maos,247,6,555.012.003,Pote com Tampa Fixa,POTES,105,285,65,5117.28,60
sul,16,4,886,maos,247,7,6130.030.001,Pote Raso Retangular com 3 Peças,POTES,112,285,117,40197.96,217
sul,16,5,1148,maos,247,1,205.006.862,Kit Pote Fit Coloratto Com 3 Pecas - 450Ml (290/K),POTES,95,285,171,62317.04,267
sul,16,5,1148,maos,247,2,205.006.861,Kit Pote Fit Coloratto Com 2 Pecas - 450Ml (285/K),POTES,95,285,114,27091.02,218
sul,16,5,1148,maos,247,3,205.012.001,Pote Retangular Fit,POTES,95,285,56,18753.91,234
sul,16,5,1148,maos,247,4,205.012.003,Pote Retangular Fit,POTES,95,285,56,5287.08,83
sul,16,5,1148,maos,247,5,322.006.001,"Pote Modular - Transparente 1,2L",POTES,110,285,146,64068.31,367
sul,16,5,1148,maos,247,6,322.006.003,"Pote Modular - Preto 1,2L",POTES,235,285,108,26921.94,53
sul,16,6,1409,olhos,247,1,154.012.001,Pote Alto com Travas,POTES,100,285,70,101377.25,826
sul,16,6,1409,olhos,247,2,154.006.861,Kit Pote Alto Coloratto Com 2 Pecas - 460Ml (286/K),POTES,100,285,140,36688.83,201
sul,16,6,1409,olhos,247,3,154.012.003,Pote Alto com Travas,POTES,100,285,70,8989.92,121
sul,16,6,1409,olhos,247,4,2570.012.001,Pote Alto Retangular,POTES,210,372,100,164887.93,456
sul,16,6,1409,olhos,247,5,2570.012.003,Pote Alto Retangular,POTES,210,372,100,25730.86,109
sul,16,7,1671,olhos,222,1,034.012.001,Pote Mônaco com 3 Divisórias,POTES,190,285,50,244281.34,712
sul,16,7,1671,olhos,222,2,034.012.003,Pote Mônaco com 3 Divisórias,POTES,190,285,50,5421.13,31
sul,16,7,1671,olhos,222,3,243.024.001,"Pote Raso Com Valvula - 1,9L (243)",POTES,185,372,59,231692.59,490
sul,16,7,1671,olhos,222,4,363.012.003,Pote Cafe Acoplado Com Rosca - 2L,POTES,140,285,179,247062.72,710
sul,17,4,886,maos,247,1,303.012.001,Pote Raso Retangular Raso,POTES,210,372,70,30679.37,171
sul,17,4,886,maos,247,2,303.012.003,Pote Raso Retangular Raso,POTES,210,372,70,2849.76,22
sul,17,4,886,maos,247,3,320.012.001,Pote Modular - Transparente 450Ml,POTES,93,285,82,31523.11,242
sul,17,4,886,maos,247,4,320.012.003,Pote Modular - Preto 450Ml,POTES,145,285,73,2566.8,39
sul,17,5,1148,maos,247,1,158.024.029,Pote Alto com Travas,POTES,110,285,85,54604.7,292
sul,17,5,1148,maos,247,2,246.024.001,Pote Alto com Válvula,POTES,120,285,70,79316.29,375
sul,17,5,1148,maos,247,3,311.012.517,Marmita e Pote 2 em 1,POTES,125,285,60,40540.93,183
sul,17,5,1148,maos,247,4,311.012.515,Marmita e Pote 2 em 1,POTES,125,285,60,33267.18,124
sul,17,5,1148,maos,247,5,311.012.002,Marmita e Pote 2 em 1,POTES,125,285,60,14889.18,142
sul,17,5,1148,maos,247,6,311.012.001,Marmita e Pote 2 em 1,POTES,125,285,60,8754.72,67
sul,17,6,1409,olhos,247,1,249.012.020,Pote Temperos Acoplado Com Rosca - 500Ml (249),POTES,118,285,82,63895.87,335
sul,17,6,1409,olhos,247,2,3760.012.001,Pote Quadrado com Travas,POTES,240,285,110,179756.96,406
sul,17,6,1409,olhos,247,3,3760.012.003,Pote Quadrado com Travas,POTES,240,285,110,3724.32,23
sul,17,6,1409,olhos,247,4,3820.016.644,Kit Pote Café e Açúcar,POTES,156,285,127,146163.07,546
sul,17,7,1671,olhos,222,1,151.012.001,Pote Alto com Travas,POTES,180,285,140,213603.16,544
sul,17,7,1671,olhos,222,2,151.012.003,Pote Alto com Travas,POTES,180,285,140,31858.92,78
sul,17,7,1671,olhos,222,3,217.012.003,Pote Ultraforte com Travas,POTES,240,372,128,230051.12,513
sul,17,7,1671,olhos,222,4,242.024.001,Pote Raso com Válvula,POTES,150,285,50,213170.68,563
sul,18,4,886,maos,247,1,683.004.M00,Base Teca com 2 Molheiras,TECA,88,285,180,2288.88,32
sul,18,4,886,maos,247,2,685.004.M00,Tábua de Servir Teca com 1 Molheira,TECA,230,285,18,2923.86,21
sul,18,5,1148,maos,247,1,390.012.M00,Tábua com Cabo Teca  P,TECA,150,285,12,10220.86,27
sul,18,5,1148,maos,247,2,507.004.M03,Teca com Gaveta,TECA,257,372,58,64622.1,36
sul,18,6,1409,olhos,247,1,256.006.M03,Caixa Juta Alongada com Tampa Teca,TECA,102,285,94,50486.31,86
sul,18,6,1409,olhos,247,2,256.006.M02,Caixa Juta Alongada com Tampa Teca,TECA,102,285,94,44972.78,69
sul,18,6,1409,olhos,247,3,385.006.M00,Tábua de Corte Teca M,TECA,230,372,18,45943.14,95
sul,18,7,1671,olhos,222,1,258.004.M03,Caixa Juta Alongada com Tampa Teca,TECA,165,372,150,116201.21,91
sul,18,7,1671,olhos,222,2,258.004.M02,Caixa Juta Alongada com Tampa Teca,TECA,165,372,150,95044.61,75
sul,18,7,1671,olhos,222,3,682.004.M00,Base Teca com 3 Molheiras,TECA,88,285,180,4229.52,40
sul,19,5,1148,maos,247,1,268.006.M02,Caixa Juta Europa com Tampa Teca,TECA,204,285,155,36260.8,44
sul,19,5,1148,maos,247,2,686.004.M00,Tábua de Servir Teca Com 3 Molheiras,TECA,210,372,18,11504.17,39
sul,19,6,1409,olhos,247,1,391.006.M00,Tábua com Cabo Teca M,TECA,180,372,12,27065.32,60
sul,19,6,1409,olhos,247,2,680.004.M00,Boleira Teca Com Acrílico,TECA,255,285,115,66879.17,105
sul,19,7,1671,olhos,222,1,257.006.M03,Caixa Juta Alongada com Tampa Teca,TECA,133,285,125,98395.97,98
sul,19,7,1671,olhos,222,2,257.006.M02,Caixa Juta Alongada com Tampa Teca,TECA,133,285,125,89490.58,95
sul,19,7,1671,olhos,222,3,681.004.M00,Queijeira Teca com Acrílico,TECA,165,285,95,38060.09,102
fundo,1,4,1372,maos,247,1,012.012.016,Porta Sabão em Pó,LIMPEZA,79,285,157,45511.38,532
fundo,1,4,1372,maos,247,2,024.012.002,Cestinho para Prendedor ﬂoral,LIMPEZA,144,285,135,39072.14,312
fundo,1,4,1372,maos,247,3,024.012.003,Cestinho para Prendedor ﬂoral,LIMPEZA,144,285,135,37819.05,293
fundo,1,4,1372,maos,247,4,113.012.003,Tanquinho Porta Sabão em Barra,LIMPEZA,129,285,122,33847.66,295
fundo,1,4,1372,maos,247,5,113.012.002,Tanquinho Porta Sabão em Barra,LIMPEZA,129,285,122,24128.19,202
fundo,1,5,1633,olhos,260,1,008.012.003,Porta Sabão em Pó,LIMPEZA,105,285,250,238697.68,508
fundo,1,5,1633,olhos,260,2,008.012.002,Porta Sabão em Pó com Dosador,LIMPEZA,105,285,250,194491.75,355
fundo,1,5,1633,olhos,260,3,128.012.003,Cestinho para Prendedor ﬂoral,LIMPEZA,188,285,110,101786.96,672
fundo,1,5,1633,olhos,260,4,128.012.002,Cestinho para Prendedor,LIMPEZA,188,285,110,50495.34,343
fundo,1,5,1633,olhos,260,5,185.012.003,Porta Vassouras com 9 posições,LIMPEZA,50,372,50,639710.47,1115
fundo,1,5,1633,olhos,260,6,185.012.002,Porta Vassouras com 9 posições,LIMPEZA,50,372,50,419905.88,761
fundo,2,4,1372,maos,247,1,098.012.999,Balde Limpex,LIMPEZA,283,372,243,15666.52,68
fundo,2,5,1633,olhos,260,1,017.024.999,Pá de Lixo Inova,LIMPEZA,225,372,102,89603.83,281
fundo,2,5,1633,olhos,260,2,284.012.003,Cesto Transporta Tudo,LIMPEZA,263,372,182,215018.36,355
fundo,2,5,1633,olhos,260,3,284.012.002,Cesto Transporta Tudo,LIMPEZA,263,372,182,137871.97,245
fundo,3,1,100,chao,490,1,397.004.003,Lixeira Flat com Pedal,LIXEIRAS,256,285,320,260713.43,438
fundo,3,1,100,chao,490,2,397.004.002,Lixeira Flat com Pedal,LIXEIRAS,256,285,320,150237.85,298
fundo,3,2,605,chao,490,1,052.006.003,Lixeira Rattan com Pedal,LIXEIRAS,208,285,260,1019431.18,1313
fundo,3,2,605,chao,490,2,052.006.002,Lixeira Rattan com Pedal,LIXEIRAS,210,285,260,904483.82,1110
fundo,3,2,605,chao,490,3,052.006.086,Lixeira Rattan com Pedal,LIXEIRAS,208,285,260,550624.96,688
fundo,3,5,1633,olhos,260,1,450.012.086,Lixeira Juta com Clique,LIXEIRAS,160,285,225,99126.44,133
fundo,3,5,1633,olhos,260,2,450.012.002,Lixeira Juta com Clique,LIXEIRAS,160,285,225,90322.67,183
fundo,3,5,1633,olhos,260,3,450.012.003,Lixeira Juta com Clique,LIXEIRAS,160,285,225,79395.04,186
fundo,4,1,100,chao,490,1,150.004.003,Lixeira com Pedal,LIXEIRAS,295,372,364,265669.61,530
fundo,4,1,100,chao,490,2,150.004.002,Lixeira com Pedal,LIXEIRAS,297,372,363,140267.7,396
fundo,4,2,605,chao,490,1,163.004.003,Lixeira Vime,LIXEIRAS,232,285,320,770151.73,890
fundo,4,2,605,chao,490,2,163.004.002,Lixeira Vime,LIXEIRAS,232,285,320,302408.01,610
fundo,4,2,605,chao,490,3,163.004.086,Lixeira Vime,LIXEIRAS,232,285,320,173982.25,432
fundo,4,5,1633,olhos,260,1,091.012.003,Lixeira Verona,LIXEIRAS,196,285,207,37070.14,330
fundo,4,5,1633,olhos,260,2,091.012.002,Lixeira Verona,LIXEIRAS,196,285,207,26608.88,243
fundo,5,1,100,chao,490,1,130.012.003,Lixeira Retrátil,LIXEIRAS,158,285,275,187630.49,718
fundo,5,1,100,chao,490,2,130.012.002,Lixeira Retrátil,LIXEIRAS,158,285,275,92278.44,482
fundo,5,1,100,chao,490,3,173.012.003,Lixeira Fênix,LIXEIRAS,200,285,292,42927.25,255
fundo,5,1,100,chao,490,4,173.012.002,Lixeira Fênix,LIXEIRAS,200,285,292,34939.9,217
fundo,5,2,605,chao,490,1,134.012.003,Lixeira Basculante Rattan,LIXEIRAS,160,285,300,561419.34,911
fundo,5,2,605,chao,490,2,134.012.002,Lixeira Basculante Rattan,LIXEIRAS,160,285,300,266784.28,707
fundo,5,2,605,chao,490,3,134.012.086,Lixeira Basculante Rattan,LIXEIRAS,160,285,300,144700.48,313
fundo,5,2,605,chao,490,4,397.004.086,Lixeira Flat com Pedal,LIXEIRAS,256,285,320,54884.09,164
fundo,5,5,1633,olhos,260,1,453.012.003,Lixeira Rattan com Clique,LIXEIRAS,160,285,225,29807.16,168
fundo,5,5,1633,olhos,260,2,453.012.002,Lixeira Rattan com Clique,LIXEIRAS,160,285,225,21317.85,105
fundo,5,5,1633,olhos,260,3,453.012.086,Lixeira Rattan com Clique,LIXEIRAS,160,285,225,10017.18,48
fundo,6,1,100,chao,490,1,148.004.003,Lixeira Basculante,LIXEIRAS,240,372,430,174129.59,365
fundo,6,1,100,chao,490,2,148.004.002,Lixeira Basculante,LIXEIRAS,240,372,430,99519.05,264
fundo,6,2,605,chao,490,1,283.004.003,Lixeira Juta com Pedal,LIXEIRAS,175,372,325,380323.43,559
fundo,6,2,605,chao,490,2,283.004.002,Lixeira Juta com Pedal,LIXEIRAS,175,372,325,331767.33,427
fundo,6,2,605,chao,490,3,283.004.086,Lixeira Juta com Pedal,LIXEIRAS,175,372,325,157024.27,264
fundo,7,1,100,chao,490,1,449.006.003,Lixeira Juta com Pedal,LIXEIRAS,163,285,260,137034.32,452
fundo,7,1,100,chao,490,2,449.006.002,Lixeira Juta com Pedal,LIXEIRAS,163,285,260,47808.72,235
fundo,7,1,100,chao,490,3,449.006.086,Lixeira Juta com Pedal,LIXEIRAS,163,285,260,20915.57,121
fundo,7,2,605,chao,490,1,396.006.003,Lixeira Flat com Pedal,LIXEIRAS,172,285,268,422993.52,494
fundo,7,2,605,chao,490,2,396.006.002,Lixeira Flat com Pedal,LIXEIRAS,172,285,268,301157.16,349
fundo,7,2,605,chao,490,3,396.006.086,Lixeira Flat com Pedal,LIXEIRAS,172,285,268,71101.47,200
fundo,8,1,100,chao,490,1,398.004.003,Lixeira Flat com Clique,LIXEIRAS,185,372,315,50066.56,232
fundo,8,1,100,chao,490,2,398.004.086,Lixeira Flat com Clique,LIXEIRAS,185,372,315,28048.78,80
fundo,8,1,100,chao,490,3,398.004.002,Lixeira Flat com Clique,LIXEIRAS,185,372,315,18599.4,159
fundo,8,2,605,chao,490,1,100.006.003,Lixeira com Pedal,LIXEIRAS,230,285,272,319162.37,789
fundo,8,2,605,chao,490,2,100.006.002,Lixeira com Pedal,LIXEIRAS,230,285,272,217844.17,668
fundo,9,1,100,chao,490,1,211.012.002,Cantoneira Para Banheiro Smart - Branco (211/B),BANHEIRO,170,285,300,106403.06,440
fundo,9,1,100,chao,490,2,211.012.003,Cantoneira Para Banheiro Smart - Preto (211/P),BANHEIRO,173,285,300,93948.91,427
fundo,9,2,605,chao,490,1,079.012.003,Prateleira Madri,BANHEIRO,92,285,396,422170.48,1167
fundo,9,2,605,chao,490,2,079.012.002,Prateleira Madri,BANHEIRO,92,285,396,205126.37,903
fundo,9,2,605,chao,490,3,095.012.003,Banheiro Premium,BANHEIRO,143,285,386,363781.98,842
fundo,9,2,605,chao,490,4,095.012.002,Banheiro Premium,BANHEIRO,143,285,386,351926.18,850
fundo,9,3,1110,maos,247,1,547.012.003,Porta Algodão e Cotonete Flat,BANHEIRO,80,285,135,9669.21,189
fundo,9,3,1110,maos,247,2,547.012.002,Porta Algodão e Cotonete Flat,BANHEIRO,80,285,135,9652.16,167
fundo,9,3,1110,maos,247,3,547.012.086,Porta Algodão e Cotonete Flat,BANHEIRO,80,285,135,5928.4,102
fundo,9,4,1372,maos,247,1,076.024.001,Saboneteira com Tampa,BANHEIRO,78,285,42,86577.03,715
fundo,9,4,1372,maos,247,2,076.024.066,Saboneteira com Tampa,BANHEIRO,78,285,42,32256.8,721
fundo,9,4,1372,maos,247,3,546.012.003,Porta Escovas Flat,BANHEIRO,80,285,208,76977.55,579
fundo,9,4,1372,maos,247,4,546.012.002,Porta Escovas Flat,BANHEIRO,80,285,208,48982.58,411
fundo,9,4,1372,maos,247,5,548.024.002,Saboneteira com Tela Flat,BANHEIRO,76,285,23,34862.37,792
fundo,9,4,1372,maos,247,6,548.024.003,Saboneteira com Tela Flat,BANHEIRO,76,285,23,34773.42,933
fundo,9,4,1372,maos,247,7,548.024.086,Saboneteira com Tela Flat,BANHEIRO,76,285,23,16076.44,347
fundo,9,5,1633,olhos,260,1,092.012.002,Parede com Ventosa,BANHEIRO,95,285,75,143220.46,579
fundo,9,5,1633,olhos,260,2,092.012.003,Parede com Ventosa,BANHEIRO,95,285,75,50636.38,623
fundo,9,5,1633,olhos,260,3,122.012.003,Saboneteira com Tampa,BANHEIRO,89,285,202,534063.95,1170
fundo,9,5,1633,olhos,260,4,122.012.002,Parede com Ventosa,BANHEIRO,89,285,202,501028.91,1209
fundo,9,5,1633,olhos,260,5,122.012.066,Saboneteira com Telinha,BANHEIRO,89,285,202,316533.9,948
fundo,9,5,1633,olhos,260,6,193.024.001,Saboneteira com Telinha,BANHEIRO,78,285,42,104539.66,1070
fundo,9,5,1633,olhos,260,7,193.024.066,Saboneteira com Telinha,BANHEIRO,78,285,42,80303.39,1037
norte,1,4,886,maos,247,1,177.012.003,Cestinho com Alça,ORGANIZACAO,193,285,135,47173.58,305
norte,1,4,886,maos,247,2,177.012.002,Cestinho com Alça,ORGANIZACAO,193,285,135,43834.29,266
norte,1,4,886,maos,247,3,277.012.002,Cesto Juta com Alças,ORGANIZACAO,184,285,175,50511.77,90
norte,1,4,886,maos,247,4,277.012.003,Cesto Juta com Alças,ORGANIZACAO,184,285,175,36149.25,90
norte,1,5,1148,maos,247,1,161.012.002,Porta Tudo,ORGANIZACAO,139,285,98,33921.65,222
norte,1,5,1148,maos,247,2,268.012.003,Cesto Europa Juta,ORGANIZACAO,202,285,150,170760.01,257
norte,1,5,1148,maos,247,3,268.012.002,Cesto Europa Juta,ORGANIZACAO,202,285,150,63098.7,163
norte,1,5,1148,maos,247,4,444.012.001,Para Gavetas,ORGANIZACAO,175,285,30,24221.41,134
norte,1,6,1409,olhos,247,1,004.006.003,Gaveteiro Com 4 Gavetas - Preta (004/4P),ORGANIZACAO,180,285,225,739649.29,589
norte,1,6,1409,olhos,247,2,004.006.002,Gaveteiro Com 4 Gavetas - Branca (004/4B),ORGANIZACAO,180,285,225,472218.28,359
norte,1,6,1409,olhos,247,3,004.006.012,Gaveteiro Com 4 Gavetas - Rosa,ORGANIZACAO,180,285,225,183630.34,121
norte,1,6,1409,olhos,247,4,446.012.001,Pincéis e Acessórios,ORGANIZACAO,95,285,105,86705.0,301
norte,1,7,1671,olhos,222,1,013.050.004,Suporte Para Botijão,ORGANIZACAO,290,372,60,1278677.41,722
norte,1,7,1671,olhos,222,2,013.050.003,Suporte Para Botijão,ORGANIZACAO,290,372,60,663645.62,1146
norte,1,7,1671,olhos,222,3,019.024.001,Maleta Organiza Tudo c/Divis. Móveis,ORGANIZACAO,118,285,41,408590.74,872
norte,1,7,1671,olhos,222,4,184.016.001,Transparente,ORGANIZACAO,7,285,152,21946.65,113
norte,1,7,1671,olhos,222,5,184.010.003,10 Peças - Preto,ORGANIZACAO,7,285,152,2783.5,15
norte,2,4,886,maos,247,1,383.012.003,Organizador de Gavetas Modular,ORGANIZACAO,148,285,53,22662.17,164
norte,2,4,886,maos,247,2,383.012.002,Organizador de Gavetas Modular,ORGANIZACAO,148,285,53,19378.92,111
norte,2,4,886,maos,247,3,383.012.001,Organizador de Gavetas Modular,ORGANIZACAO,148,285,53,15312.35,184
norte,2,5,1148,maos,247,1,503.006.002,Caixa Organizadora Flat com Tampa,ORGANIZACAO,259,372,139,126819.02,156
norte,2,5,1148,maos,247,2,503.006.086,Caixa Organizadora Flat com Tampa,ORGANIZACAO,261,372,139,52220.88,110
norte,2,6,1409,olhos,247,1,256.024.003,Cesto Alongado Juta,ORGANIZACAO,99,285,87,208536.31,538
norte,2,6,1409,olhos,247,2,256.024.002,Cesto Alongado Juta,ORGANIZACAO,99,285,87,124128.81,416
norte,2,6,1409,olhos,247,3,256.024.086,Cesto Alongado Juta,ORGANIZACAO,99,285,87,21183.09,140
norte,2,6,1409,olhos,247,4,257.012.003,Cesto Alongado Juta,ORGANIZACAO,132,285,116,227096.15,578
norte,2,6,1409,olhos,247,5,257.012.002,Cesto Alongado Juta,ORGANIZACAO,132,285,116,165738.06,446
norte,2,6,1409,olhos,247,6,257.012.086,Cesto Alongado Juta,ORGANIZACAO,132,285,116,20802.71,137
norte,2,7,1671,olhos,222,1,041.012.003,Organizador Multiuso Rattan Com 3 Divisorias - Preto (041/P),ORGANIZACAO,110,285,178,859105.0,1727
norte,2,7,1671,olhos,222,2,041.012.002,Organizador Multiuso Rattan Com 3 Divisórias - Branco (041/B),ORGANIZACAO,110,285,178,341502.29,1186
norte,2,7,1671,olhos,222,3,041.012.086,Organizador Multiuso Rattan Com 3 Divisorias - Chumbo,ORGANIZACAO,110,285,178,92531.34,593
norte,2,7,1671,olhos,222,4,106.012.001,Maleta Organiza Tudo c/Divis. Móveis,ORGANIZACAO,195,372,48,533419.13,783
norte,2,7,1671,olhos,222,5,138.012.001,Organiza Tudo com Divisórias Móveis,ORGANIZACAO,175,285,43,387480.06,861
norte,3,4,886,maos,247,1,093.012.003,Cestinho Versátil,ORGANIZACAO,200,285,105,30385.67,260
norte,3,4,886,maos,247,2,093.012.002,Cestinho Versátil,ORGANIZACAO,200,285,105,20513.51,185
norte,3,5,1148,maos,247,1,047.012.003,Cesto Organizador Vime,ORGANIZACAO,210,372,170,81933.89,323
norte,3,5,1148,maos,247,2,047.012.002,Cesto Organizador Vime,ORGANIZACAO,210,372,170,72515.54,246
norte,3,5,1148,maos,247,3,380.024.003,Organizador de Gavetas Modular,ORGANIZACAO,99,285,87,5045.04,39
norte,3,5,1148,maos,247,4,380.024.002,Organizador de Gavetas Modular,ORGANIZACAO,99,285,87,4378.08,24
norte,3,5,1148,maos,247,5,380.024.001,Organizador de Gavetas Modular,ORGANIZACAO,99,285,87,1274.88,33
norte,3,6,1409,olhos,247,1,003.006.003,Gaveteiro Com 3 Gavetas - Preta (004/3P),ORGANIZACAO,180,285,173,232957.21,499
norte,3,6,1409,olhos,247,2,003.006.002,Gaveteiro Com 3 Gavetas - Branca (004/3B),ORGANIZACAO,180,285,173,135422.22,337
norte,3,6,1409,olhos,247,3,003.006.012,Gaveteiro Com 3 Gavetas - Rosa,ORGANIZACAO,180,285,173,30463.28,127
norte,3,6,1409,olhos,247,4,308.006.520,Estojo Super Prático,ORGANIZACAO,205,285,59,51702.32,115
norte,3,7,1671,olhos,222,1,011.036.001,Organiza Tudo com Divisórias Móveis,ORGANIZACAO,95,285,32,144071.01,577
norte,3,7,1671,olhos,222,2,198.012.001,Estojo Super Prático,ORGANIZACAO,64,285,40,127247.8,549
norte,3,7,1671,olhos,222,3,198.012.066,Estojo Super Prático,ORGANIZACAO,64,285,40,81519.59,423
norte,3,7,1671,olhos,222,4,254.006.002,Modular Rattan,ORGANIZACAO,265,372,145,508523.35,246
norte,3,7,1671,olhos,222,5,254.006.001,Modular Rattan,ORGANIZACAO,265,372,145,404940.5,326
norte,4,4,886,maos,247,1,382.012.001,Organizador de Gavetas Modular,ORGANIZACAO,147,285,53,9445.83,155
norte,4,4,886,maos,247,2,382.012.003,Organizador de Gavetas Modular,ORGANIZACAO,147,285,53,7819.44,133
norte,4,4,886,maos,247,3,382.012.002,Organizador de Gavetas Modular,ORGANIZACAO,147,285,53,5162.76,90
norte,4,5,1148,maos,247,1,269.012.002,Cesto Europa Juta,ORGANIZACAO,240,372,187,80495.08,144
norte,4,5,1148,maos,247,2,269.012.003,Cesto Europa Juta,ORGANIZACAO,240,372,187,67068.69,130
norte,4,6,1409,olhos,247,1,065.012.003,Rattan com Tampa,ORGANIZACAO,154,285,90,200308.95,485
norte,4,6,1409,olhos,247,2,065.012.002,Rattan com Tampa,ORGANIZACAO,155,285,93,157591.03,399
norte,4,6,1409,olhos,247,3,065.012.086,Rattan com Tampa,ORGANIZACAO,154,285,90,33301.31,180
norte,4,6,1409,olhos,247,4,254.006.003,Modular Rattan,ORGANIZACAO,265,372,145,248265.19,285
norte,4,7,1671,olhos,222,1,068.012.002,Rattan com Tampa,ORGANIZACAO,225,372,148,330909.31,399
norte,4,7,1671,olhos,222,2,068.012.003,Rattan com Tampa,ORGANIZACAO,225,372,148,314588.44,425
norte,4,7,1671,olhos,222,3,068.012.086,Rattan com Tampa,ORGANIZACAO,225,372,148,86249.99,167
norte,5,5,1148,maos,247,1,259.012.002,Caixa Organizadora Baixa Rattan com Tampa,ORGANIZACAO,200,285,83,84493.05,157
norte,5,5,1148,maos,247,2,259.012.003,Caixa Organizadora Baixa Rattan com Tampa,ORGANIZACAO,200,285,83,47459.02,83
norte,5,5,1148,maos,247,3,259.012.086,Caixa Organizadora Baixa Rattan com Tampa,ORGANIZACAO,200,285,83,12165.72,74
norte,5,6,1409,olhos,247,1,381.012.003,Organizador de Gavetas Modular,ORGANIZACAO,72,372,53,22946.91,183
norte,5,6,1409,olhos,247,2,381.012.002,Organizador de Gavetas Modular,ORGANIZACAO,72,372,53,19444.8,122
norte,5,6,1409,olhos,247,3,381.012.001,Organizador de Gavetas Modular,ORGANIZACAO,72,372,53,19097.22,209
norte,5,6,1409,olhos,247,4,503.006.001,Caixa Organizadora Flat com Tampa,ORGANIZACAO,259,372,139,165707.81,305
norte,5,6,1409,olhos,247,5,503.006.003,Caixa Organizadora Flat com Tampa,ORGANIZACAO,259,372,139,147690.73,220
norte,5,7,1671,olhos,222,1,062.012.003,Rattan com Tampa,ORGANIZACAO,200,285,107,315555.5,538
norte,5,7,1671,olhos,222,2,062.012.002,Rattan com Tampa,ORGANIZACAO,200,285,105,311737.11,431
norte,5,7,1671,olhos,222,3,062.012.086,Rattan com Tampa,ORGANIZACAO,200,285,107,60957.32,188
norte,5,7,1671,olhos,222,4,140.012.001,Estojo Multiuso,ORGANIZACAO,68,285,35,130666.19,865
norte,5,7,1671,olhos,222,5,140.012.066,Estojo Multiuso,ORGANIZACAO,68,285,35,70165.55,548
norte,6,5,1148,maos,247,1,162.012.003,Cesto com Alça,ORGANIZACAO,244,372,148,76223.91,245
norte,6,5,1148,maos,247,2,162.012.002,Cesto com Alça,ORGANIZACAO,244,372,148,56253.81,172
norte,6,6,1409,olhos,247,1,125.012.001,"Nitronbox 4,3L (125)",ORGANIZACAO,178,372,145,49152.34,183
norte,6,6,1409,olhos,247,2,313.006.560,Organizador De Cosmeticos Com 2 Gavetas - Preta,ORGANIZACAO,185,285,210,201370.79,235
norte,6,6,1409,olhos,247,3,313.006.561,Organizador De Cosmeticos Com 2 Gavetas - Branca,ORGANIZACAO,185,285,210,62183.19,140
norte,6,6,1409,olhos,247,4,313.006.562,Organizador De Cosmeticos Com 2 Gavetas - Rosa,ORGANIZACAO,185,285,210,32732.74,125
norte,6,7,1671,olhos,222,1,214.006.003,Organizador Multiuso Rattan Com 6 Divisorias - Preto (214/P),ORGANIZACAO,178,285,160,373144.87,1009
norte,6,7,1671,olhos,222,2,214.006.002,Organizador Multiuso Rattan Com 6 Divisorias - Branco (214/B),ORGANIZACAO,177,285,160,190688.6,711
norte,6,7,1671,olhos,222,3,214.006.086,Organizador Multiuso Rattan Com 6 Divisorias - Chumbo,ORGANIZACAO,177,285,160,78702.74,421
norte,6,7,1671,olhos,222,4,445.012.001,Cosméticos e Bijou,ORGANIZACAO,130,285,80,154856.53,286
norte,7,5,1148,maos,247,1,314.006.561,Organizador De Cosmeticos Com 1 Gaveta - Branca,ORGANIZACAO,185,285,155,55015.56,153
norte,7,5,1148,maos,247,2,314.006.560,Organizador De Cosmeticos Com 1 Gaveta - Preta,ORGANIZACAO,185,285,155,36377.04,153
norte,7,5,1148,maos,247,3,314.006.562,Organizador De Cosmeticos Com 1 Gaveta - Rosa,ORGANIZACAO,185,285,155,19551.84,82
norte,7,6,1409,olhos,247,1,384.012.003,Organizador de Gavetas Modular,ORGANIZACAO,68,285,53,13905.69,195
norte,7,6,1409,olhos,247,2,384.012.001,Organizador de Gavetas Modular,ORGANIZACAO,68,285,53,11778.37,204
norte,7,6,1409,olhos,247,3,384.012.002,Organizador de Gavetas Modular,ORGANIZACAO,68,285,53,11106.65,138
norte,7,6,1409,olhos,247,4,501.012.003,Caixa Organizadora Flat com Tampa,ORGANIZACAO,116,285,108,137598.56,267
norte,7,6,1409,olhos,247,5,501.012.002,Caixa Organizadora Flat com Tampa,ORGANIZACAO,116,285,108,56742.2,106
norte,7,6,1409,olhos,247,6,501.012.001,Caixa Organizadora Flat com Tampa,ORGANIZACAO,116,285,108,45872.67,178
norte,7,6,1409,olhos,247,7,501.012.086,Caixa Organizadora Flat com Tampa,ORGANIZACAO,116,285,108,36008.52,85
norte,7,7,1671,olhos,222,1,109.012.001,Nitronbox 6L (109),ORGANIZACAO,228,372,130,120671.23,250
norte,7,7,1671,olhos,222,2,258.006.003,Cesto Alongado Juta,ORGANIZACAO,165,372,145,234846.07,484
norte,7,7,1671,olhos,222,3,258.006.002,Cesto Alongado Juta,ORGANIZACAO,165,372,145,178082.73,403
norte,7,7,1671,olhos,222,4,258.006.086,Cesto Alongado Juta,ORGANIZACAO,165,372,145,16155.98,110
norte,8,5,1148,maos,247,1,260.012.002,Caixa Organizadora Baixa Rattan com Tampa,ORGANIZACAO,225,372,83,46350.45,122
norte,8,5,1148,maos,247,2,260.012.003,Caixa Organizadora Baixa Rattan com Tampa,ORGANIZACAO,225,372,83,33329.17,149
norte,8,5,1148,maos,247,3,260.012.086,Caixa Organizadora Baixa Rattan com Tampa,ORGANIZACAO,225,372,83,18331.04,79
norte,8,6,1409,olhos,247,1,502.012.001,Caixa Organizadora Flat com Tampa,ORGANIZACAO,175,285,107,130789.68,304
norte,8,6,1409,olhos,247,2,502.012.002,Caixa Organizadora Flat com Tampa,ORGANIZACAO,175,285,107,62540.49,119
norte,8,6,1409,olhos,247,3,502.012.003,Caixa Organizadora Flat com Tampa,ORGANIZACAO,175,285,107,41781.6,116
norte,8,6,1409,olhos,247,4,502.012.086,Caixa Organizadora Flat com Tampa,ORGANIZACAO,175,285,107,33263.4,84
norte,8,7,1671,olhos,222,1,123.012.028,"Caixa de Ferramentas Nitronfort 2,2L",ORGANIZACAO,140,372,98,275472.05,501
norte,8,7,1671,olhos,222,2,123.012.045,"Caixa de Ferramentas Nitronfort 2,2L",ORGANIZACAO,140,372,98,84188.99,329
norte,8,7,1671,olhos,222,3,123.012.027,"Caixa de Ferramentas Nitronfort 2,2L",ORGANIZACAO,140,372,98,60907.95,199
norte,8,7,1671,olhos,222,4,187.006.001,Organiza Tudo com Divisórias Móveis,ORGANIZACAO,270,372,60,414222.22,505
entrada,1,3,1110,maos,247,1,120.006.012,Frasqueira com Bandeja,FRASQUEIRAS,163,285,128,110560.9,432
entrada,1,3,1110,maos,247,2,120.006.001,Frasqueira com Bandeja,FRASQUEIRAS,163,285,128,17193.73,109
entrada,1,3,1110,maos,247,3,126.006.619,Frasqueira com Bandeja,FRASQUEIRAS,198,285,188,158172.45,473
entrada,1,3,1110,maos,247,4,126.006.001,Frasqueira com Bandeja,FRASQUEIRAS,198,285,188,15974.04,87
entrada,1,4,1372,maos,247,1,147.012.604,Frasqueira Mini,FRASQUEIRAS,125,285,95,139229.27,593
entrada,1,4,1372,maos,247,2,147.012.607,Frasqueira Cristal com Divisórias,FRASQUEIRAS,125,285,95,48799.35,809
entrada,1,4,1372,maos,247,3,186.006.002,Mega Luxo,FRASQUEIRAS,250,372,220,442151.62,378
entrada,1,4,1372,maos,247,4,186.006.009,Mega Luxo,FRASQUEIRAS,250,372,220,133662.57,128
entrada,1,5,1633,olhos,260,1,137.012.002,"Frasqueira Medicamentos 2,8L",FRASQUEIRAS,163,285,128,1673686.75,1162
entrada,1,5,1633,olhos,260,2,137.012.009,"Frasqueira Medicamentos 2,8L",FRASQUEIRAS,163,285,128,91348.28,279
entrada,1,5,1633,olhos,260,3,142.006.002,"Medicamentos 6,2L",FRASQUEIRAS,198,285,188,1439168.58,989
entrada,1,5,1633,olhos,260,4,142.006.009,"Medicamentos 6,2L",FRASQUEIRAS,198,285,188,159567.71,251
entrada,2,3,1110,maos,247,1,131.012.002,"Frasqueira Medicamentos 2,2L",FRASQUEIRAS,140,372,98,25262.76,96
entrada,2,3,1110,maos,247,2,131.012.009,"Frasqueira Medicamentos 2,2L",FRASQUEIRAS,140,372,98,12409.32,46
entrada,2,3,1110,maos,247,3,219.006.563,Frasqueira Rattan,FRASQUEIRAS,230,372,210,120272.65,269
entrada,2,4,1372,maos,247,1,202.006.002,"Oval com Bandeja 4,4L",FRASQUEIRAS,177,285,180,119058.58,299
entrada,2,4,1372,maos,247,2,202.006.012,Frasqueira Oval com Bandeja,FRASQUEIRAS,177,285,180,90746.75,308
entrada,2,4,1372,maos,247,3,202.006.009,"Oval com Bandeja 4,4L",FRASQUEIRAS,177,285,180,36736.68,121
entrada,2,4,1372,maos,247,4,202.006.001,Frasqueira Oval com Bandeja,FRASQUEIRAS,177,285,180,20305.15,77
entrada,2,5,1633,olhos,260,1,043.012.002,"Frasqueira Medicamentos 1,4L",FRASQUEIRAS,157,285,100,663232.39,1065
entrada,2,5,1633,olhos,260,2,043.012.009,"Frasqueira Medicamentos 1,4L",FRASQUEIRAS,157,285,100,132536.91,386
entrada,2,5,1633,olhos,260,3,195.006.012,Frasqueira Cristal com Divisórias,FRASQUEIRAS,115,285,110,231879.79,589
entrada,2,5,1633,olhos,260,4,195.006.609,Frasqueira Cristal com Divisórias,FRASQUEIRAS,115,285,110,58929.02,347
entrada,3,4,1372,maos,247,1,549.024.999,Sortido 4 Estampas,INFANTIL+REALCE,85,285,152,1269.6,8
entrada,3,4,1372,maos,247,2,549.024.998,Sortido 4 Estampas,INFANTIL+REALCE,85,285,152,972.48,10
entrada,3,4,1372,maos,247,3,550.036.999,Sortido 6 Estampas,INFANTIL+REALCE,89,285,119,2651.4,13
entrada,3,4,1372,maos,247,4,550.036.998,Sortido 6 Estampas,INFANTIL+REALCE,89,285,119,1501.56,10
entrada,3,5,1633,olhos,260,1,006.030.999,Copo Baby com Tampa - Sortido,INFANTIL+REALCE,70,285,108,40701.88,320
entrada,3,5,1633,olhos,260,2,006.030.998,Copo Baby com Tampa - Sortido,INFANTIL+REALCE,70,285,108,69.0,1
entrada,3,5,1633,olhos,260,3,132.036.683,Prato Unitário,INFANTIL+REALCE,217,285,28,59114.16,234
entrada,3,5,1633,olhos,260,4,227.036.999,Copo Infantil com Alça - Sortido,INFANTIL+REALCE,80,285,122,320155.28,615
entrada,3,5,1633,olhos,260,5,227.036.998,Copo Infantil com Alça - Sortido,INFANTIL+REALCE,80,285,122,4068.0,20
entrada,3,5,1633,olhos,260,6,399.012.008,Porta Leite em Pó,INFANTIL+REALCE,90,285,82,25502.29,183
entrada,3,5,1633,olhos,260,7,399.012.007,Porta Leite em Pó,INFANTIL+REALCE,90,285,82,19122.33,196
